#VRML V2.0 utf8
# Simplified VISUAL module model, NOT a mechanical or component-layout reference.
Shape { appearance Appearance { material Material { diffuseColor 0.035 0.04 0.045 specularColor 0.25 0.25 0.25 shininess 0.3 } } geometry IndexedFaceSet { solid TRUE coord Coordinate { point [ -0.500000 -23.500000 0.000000, 0.500000 -23.500000 0.000000, 0.500000 0.500000 0.000000, -0.500000 0.500000 0.000000, -0.500000 -23.500000 3.464567, 0.500000 -23.500000 3.464567, 0.500000 0.500000 3.464567, -0.500000 0.500000 3.464567 ] } coordIndex [ 0, 3, 2, 1, -1, 4, 5, 6, 7, -1, 0, 1, 5, 4, -1, 1, 2, 6, 5, -1, 2, 3, 7, 6, -1, 3, 0, 4, 7, -1 ] } }
Shape { appearance Appearance { material Material { diffuseColor 0.76 0.58 0.19 specularColor 0.25 0.25 0.25 shininess 0.3 } } geometry IndexedFaceSet { solid TRUE coord Coordinate { point [ -0.125984 -0.125984 -0.433071, 0.125984 -0.125984 -0.433071, 0.125984 0.125984 -0.433071, -0.125984 0.125984 -0.433071, -0.125984 -0.125984 4.291339, 0.125984 -0.125984 4.291339, 0.125984 0.125984 4.291339, -0.125984 0.125984 4.291339 ] } coordIndex [ 0, 3, 2, 1, -1, 4, 5, 6, 7, -1, 0, 1, 5, 4, -1, 1, 2, 6, 5, -1, 2, 3, 7, 6, -1, 3, 0, 4, 7, -1 ] } }
Shape { appearance Appearance { material Material { diffuseColor 0.76 0.58 0.19 specularColor 0.25 0.25 0.25 shininess 0.3 } } geometry IndexedFaceSet { solid TRUE coord Coordinate { point [ -0.125984 -1.125984 -0.433071, 0.125984 -1.125984 -0.433071, 0.125984 -0.874016 -0.433071, -0.125984 -0.874016 -0.433071, -0.125984 -1.125984 4.291339, 0.125984 -1.125984 4.291339, 0.125984 -0.874016 4.291339, -0.125984 -0.874016 4.291339 ] } coordIndex [ 0, 3, 2, 1, -1, 4, 5, 6, 7, -1, 0, 1, 5, 4, -1, 1, 2, 6, 5, -1, 2, 3, 7, 6, -1, 3, 0, 4, 7, -1 ] } }
Shape { appearance Appearance { material Material { diffuseColor 0.76 0.58 0.19 specularColor 0.25 0.25 0.25 shininess 0.3 } } geometry IndexedFaceSet { solid TRUE coord Coordinate { point [ -0.125984 -2.125984 -0.433071, 0.125984 -2.125984 -0.433071, 0.125984 -1.874016 -0.433071, -0.125984 -1.874016 -0.433071, -0.125984 -2.125984 4.291339, 0.125984 -2.125984 4.291339, 0.125984 -1.874016 4.291339, -0.125984 -1.874016 4.291339 ] } coordIndex [ 0, 3, 2, 1, -1, 4, 5, 6, 7, -1, 0, 1, 5, 4, -1, 1, 2, 6, 5, -1, 2, 3, 7, 6, -1, 3, 0, 4, 7, -1 ] } }
Shape { appearance Appearance { material Material { diffuseColor 0.76 0.58 0.19 specularColor 0.25 0.25 0.25 shininess 0.3 } } geometry IndexedFaceSet { solid TRUE coord Coordinate { point [ -0.125984 -3.125984 -0.433071, 0.125984 -3.125984 -0.433071, 0.125984 -2.874016 -0.433071, -0.125984 -2.874016 -0.433071, -0.125984 -3.125984 4.291339, 0.125984 -3.125984 4.291339, 0.125984 -2.874016 4.291339, -0.125984 -2.874016 4.291339 ] } coordIndex [ 0, 3, 2, 1, -1, 4, 5, 6, 7, -1, 0, 1, 5, 4, -1, 1, 2, 6, 5, -1, 2, 3, 7, 6, -1, 3, 0, 4, 7, -1 ] } }
Shape { appearance Appearance { material Material { diffuseColor 0.76 0.58 0.19 specularColor 0.25 0.25 0.25 shininess 0.3 } } geometry IndexedFaceSet { solid TRUE coord Coordinate { point [ -0.125984 -4.125984 -0.433071, 0.125984 -4.125984 -0.433071, 0.125984 -3.874016 -0.433071, -0.125984 -3.874016 -0.433071, -0.125984 -4.125984 4.291339, 0.125984 -4.125984 4.291339, 0.125984 -3.874016 4.291339, -0.125984 -3.874016 4.291339 ] } coordIndex [ 0, 3, 2, 1, -1, 4, 5, 6, 7, -1, 0, 1, 5, 4, -1, 1, 2, 6, 5, -1, 2, 3, 7, 6, -1, 3, 0, 4, 7, -1 ] } }
Shape { appearance Appearance { material Material { diffuseColor 0.76 0.58 0.19 specularColor 0.25 0.25 0.25 shininess 0.3 } } geometry IndexedFaceSet { solid TRUE coord Coordinate { point [ -0.125984 -5.125984 -0.433071, 0.125984 -5.125984 -0.433071, 0.125984 -4.874016 -0.433071, -0.125984 -4.874016 -0.433071, -0.125984 -5.125984 4.291339, 0.125984 -5.125984 4.291339, 0.125984 -4.874016 4.291339, -0.125984 -4.874016 4.291339 ] } coordIndex [ 0, 3, 2, 1, -1, 4, 5, 6, 7, -1, 0, 1, 5, 4, -1, 1, 2, 6, 5, -1, 2, 3, 7, 6, -1, 3, 0, 4, 7, -1 ] } }
Shape { appearance Appearance { material Material { diffuseColor 0.76 0.58 0.19 specularColor 0.25 0.25 0.25 shininess 0.3 } } geometry IndexedFaceSet { solid TRUE coord Coordinate { point [ -0.125984 -6.125984 -0.433071, 0.125984 -6.125984 -0.433071, 0.125984 -5.874016 -0.433071, -0.125984 -5.874016 -0.433071, -0.125984 -6.125984 4.291339, 0.125984 -6.125984 4.291339, 0.125984 -5.874016 4.291339, -0.125984 -5.874016 4.291339 ] } coordIndex [ 0, 3, 2, 1, -1, 4, 5, 6, 7, -1, 0, 1, 5, 4, -1, 1, 2, 6, 5, -1, 2, 3, 7, 6, -1, 3, 0, 4, 7, -1 ] } }
Shape { appearance Appearance { material Material { diffuseColor 0.76 0.58 0.19 specularColor 0.25 0.25 0.25 shininess 0.3 } } geometry IndexedFaceSet { solid TRUE coord Coordinate { point [ -0.125984 -7.125984 -0.433071, 0.125984 -7.125984 -0.433071, 0.125984 -6.874016 -0.433071, -0.125984 -6.874016 -0.433071, -0.125984 -7.125984 4.291339, 0.125984 -7.125984 4.291339, 0.125984 -6.874016 4.291339, -0.125984 -6.874016 4.291339 ] } coordIndex [ 0, 3, 2, 1, -1, 4, 5, 6, 7, -1, 0, 1, 5, 4, -1, 1, 2, 6, 5, -1, 2, 3, 7, 6, -1, 3, 0, 4, 7, -1 ] } }
Shape { appearance Appearance { material Material { diffuseColor 0.76 0.58 0.19 specularColor 0.25 0.25 0.25 shininess 0.3 } } geometry IndexedFaceSet { solid TRUE coord Coordinate { point [ -0.125984 -8.125984 -0.433071, 0.125984 -8.125984 -0.433071, 0.125984 -7.874016 -0.433071, -0.125984 -7.874016 -0.433071, -0.125984 -8.125984 4.291339, 0.125984 -8.125984 4.291339, 0.125984 -7.874016 4.291339, -0.125984 -7.874016 4.291339 ] } coordIndex [ 0, 3, 2, 1, -1, 4, 5, 6, 7, -1, 0, 1, 5, 4, -1, 1, 2, 6, 5, -1, 2, 3, 7, 6, -1, 3, 0, 4, 7, -1 ] } }
Shape { appearance Appearance { material Material { diffuseColor 0.76 0.58 0.19 specularColor 0.25 0.25 0.25 shininess 0.3 } } geometry IndexedFaceSet { solid TRUE coord Coordinate { point [ -0.125984 -9.125984 -0.433071, 0.125984 -9.125984 -0.433071, 0.125984 -8.874016 -0.433071, -0.125984 -8.874016 -0.433071, -0.125984 -9.125984 4.291339, 0.125984 -9.125984 4.291339, 0.125984 -8.874016 4.291339, -0.125984 -8.874016 4.291339 ] } coordIndex [ 0, 3, 2, 1, -1, 4, 5, 6, 7, -1, 0, 1, 5, 4, -1, 1, 2, 6, 5, -1, 2, 3, 7, 6, -1, 3, 0, 4, 7, -1 ] } }
Shape { appearance Appearance { material Material { diffuseColor 0.76 0.58 0.19 specularColor 0.25 0.25 0.25 shininess 0.3 } } geometry IndexedFaceSet { solid TRUE coord Coordinate { point [ -0.125984 -10.125984 -0.433071, 0.125984 -10.125984 -0.433071, 0.125984 -9.874016 -0.433071, -0.125984 -9.874016 -0.433071, -0.125984 -10.125984 4.291339, 0.125984 -10.125984 4.291339, 0.125984 -9.874016 4.291339, -0.125984 -9.874016 4.291339 ] } coordIndex [ 0, 3, 2, 1, -1, 4, 5, 6, 7, -1, 0, 1, 5, 4, -1, 1, 2, 6, 5, -1, 2, 3, 7, 6, -1, 3, 0, 4, 7, -1 ] } }
Shape { appearance Appearance { material Material { diffuseColor 0.76 0.58 0.19 specularColor 0.25 0.25 0.25 shininess 0.3 } } geometry IndexedFaceSet { solid TRUE coord Coordinate { point [ -0.125984 -11.125984 -0.433071, 0.125984 -11.125984 -0.433071, 0.125984 -10.874016 -0.433071, -0.125984 -10.874016 -0.433071, -0.125984 -11.125984 4.291339, 0.125984 -11.125984 4.291339, 0.125984 -10.874016 4.291339, -0.125984 -10.874016 4.291339 ] } coordIndex [ 0, 3, 2, 1, -1, 4, 5, 6, 7, -1, 0, 1, 5, 4, -1, 1, 2, 6, 5, -1, 2, 3, 7, 6, -1, 3, 0, 4, 7, -1 ] } }
Shape { appearance Appearance { material Material { diffuseColor 0.76 0.58 0.19 specularColor 0.25 0.25 0.25 shininess 0.3 } } geometry IndexedFaceSet { solid TRUE coord Coordinate { point [ -0.125984 -12.125984 -0.433071, 0.125984 -12.125984 -0.433071, 0.125984 -11.874016 -0.433071, -0.125984 -11.874016 -0.433071, -0.125984 -12.125984 4.291339, 0.125984 -12.125984 4.291339, 0.125984 -11.874016 4.291339, -0.125984 -11.874016 4.291339 ] } coordIndex [ 0, 3, 2, 1, -1, 4, 5, 6, 7, -1, 0, 1, 5, 4, -1, 1, 2, 6, 5, -1, 2, 3, 7, 6, -1, 3, 0, 4, 7, -1 ] } }
Shape { appearance Appearance { material Material { diffuseColor 0.76 0.58 0.19 specularColor 0.25 0.25 0.25 shininess 0.3 } } geometry IndexedFaceSet { solid TRUE coord Coordinate { point [ -0.125984 -13.125984 -0.433071, 0.125984 -13.125984 -0.433071, 0.125984 -12.874016 -0.433071, -0.125984 -12.874016 -0.433071, -0.125984 -13.125984 4.291339, 0.125984 -13.125984 4.291339, 0.125984 -12.874016 4.291339, -0.125984 -12.874016 4.291339 ] } coordIndex [ 0, 3, 2, 1, -1, 4, 5, 6, 7, -1, 0, 1, 5, 4, -1, 1, 2, 6, 5, -1, 2, 3, 7, 6, -1, 3, 0, 4, 7, -1 ] } }
Shape { appearance Appearance { material Material { diffuseColor 0.76 0.58 0.19 specularColor 0.25 0.25 0.25 shininess 0.3 } } geometry IndexedFaceSet { solid TRUE coord Coordinate { point [ -0.125984 -14.125984 -0.433071, 0.125984 -14.125984 -0.433071, 0.125984 -13.874016 -0.433071, -0.125984 -13.874016 -0.433071, -0.125984 -14.125984 4.291339, 0.125984 -14.125984 4.291339, 0.125984 -13.874016 4.291339, -0.125984 -13.874016 4.291339 ] } coordIndex [ 0, 3, 2, 1, -1, 4, 5, 6, 7, -1, 0, 1, 5, 4, -1, 1, 2, 6, 5, -1, 2, 3, 7, 6, -1, 3, 0, 4, 7, -1 ] } }
Shape { appearance Appearance { material Material { diffuseColor 0.76 0.58 0.19 specularColor 0.25 0.25 0.25 shininess 0.3 } } geometry IndexedFaceSet { solid TRUE coord Coordinate { point [ -0.125984 -15.125984 -0.433071, 0.125984 -15.125984 -0.433071, 0.125984 -14.874016 -0.433071, -0.125984 -14.874016 -0.433071, -0.125984 -15.125984 4.291339, 0.125984 -15.125984 4.291339, 0.125984 -14.874016 4.291339, -0.125984 -14.874016 4.291339 ] } coordIndex [ 0, 3, 2, 1, -1, 4, 5, 6, 7, -1, 0, 1, 5, 4, -1, 1, 2, 6, 5, -1, 2, 3, 7, 6, -1, 3, 0, 4, 7, -1 ] } }
Shape { appearance Appearance { material Material { diffuseColor 0.76 0.58 0.19 specularColor 0.25 0.25 0.25 shininess 0.3 } } geometry IndexedFaceSet { solid TRUE coord Coordinate { point [ -0.125984 -16.125984 -0.433071, 0.125984 -16.125984 -0.433071, 0.125984 -15.874016 -0.433071, -0.125984 -15.874016 -0.433071, -0.125984 -16.125984 4.291339, 0.125984 -16.125984 4.291339, 0.125984 -15.874016 4.291339, -0.125984 -15.874016 4.291339 ] } coordIndex [ 0, 3, 2, 1, -1, 4, 5, 6, 7, -1, 0, 1, 5, 4, -1, 1, 2, 6, 5, -1, 2, 3, 7, 6, -1, 3, 0, 4, 7, -1 ] } }
Shape { appearance Appearance { material Material { diffuseColor 0.76 0.58 0.19 specularColor 0.25 0.25 0.25 shininess 0.3 } } geometry IndexedFaceSet { solid TRUE coord Coordinate { point [ -0.125984 -17.125984 -0.433071, 0.125984 -17.125984 -0.433071, 0.125984 -16.874016 -0.433071, -0.125984 -16.874016 -0.433071, -0.125984 -17.125984 4.291339, 0.125984 -17.125984 4.291339, 0.125984 -16.874016 4.291339, -0.125984 -16.874016 4.291339 ] } coordIndex [ 0, 3, 2, 1, -1, 4, 5, 6, 7, -1, 0, 1, 5, 4, -1, 1, 2, 6, 5, -1, 2, 3, 7, 6, -1, 3, 0, 4, 7, -1 ] } }
Shape { appearance Appearance { material Material { diffuseColor 0.76 0.58 0.19 specularColor 0.25 0.25 0.25 shininess 0.3 } } geometry IndexedFaceSet { solid TRUE coord Coordinate { point [ -0.125984 -18.125984 -0.433071, 0.125984 -18.125984 -0.433071, 0.125984 -17.874016 -0.433071, -0.125984 -17.874016 -0.433071, -0.125984 -18.125984 4.291339, 0.125984 -18.125984 4.291339, 0.125984 -17.874016 4.291339, -0.125984 -17.874016 4.291339 ] } coordIndex [ 0, 3, 2, 1, -1, 4, 5, 6, 7, -1, 0, 1, 5, 4, -1, 1, 2, 6, 5, -1, 2, 3, 7, 6, -1, 3, 0, 4, 7, -1 ] } }
Shape { appearance Appearance { material Material { diffuseColor 0.76 0.58 0.19 specularColor 0.25 0.25 0.25 shininess 0.3 } } geometry IndexedFaceSet { solid TRUE coord Coordinate { point [ -0.125984 -19.125984 -0.433071, 0.125984 -19.125984 -0.433071, 0.125984 -18.874016 -0.433071, -0.125984 -18.874016 -0.433071, -0.125984 -19.125984 4.291339, 0.125984 -19.125984 4.291339, 0.125984 -18.874016 4.291339, -0.125984 -18.874016 4.291339 ] } coordIndex [ 0, 3, 2, 1, -1, 4, 5, 6, 7, -1, 0, 1, 5, 4, -1, 1, 2, 6, 5, -1, 2, 3, 7, 6, -1, 3, 0, 4, 7, -1 ] } }
Shape { appearance Appearance { material Material { diffuseColor 0.76 0.58 0.19 specularColor 0.25 0.25 0.25 shininess 0.3 } } geometry IndexedFaceSet { solid TRUE coord Coordinate { point [ -0.125984 -20.125984 -0.433071, 0.125984 -20.125984 -0.433071, 0.125984 -19.874016 -0.433071, -0.125984 -19.874016 -0.433071, -0.125984 -20.125984 4.291339, 0.125984 -20.125984 4.291339, 0.125984 -19.874016 4.291339, -0.125984 -19.874016 4.291339 ] } coordIndex [ 0, 3, 2, 1, -1, 4, 5, 6, 7, -1, 0, 1, 5, 4, -1, 1, 2, 6, 5, -1, 2, 3, 7, 6, -1, 3, 0, 4, 7, -1 ] } }
Shape { appearance Appearance { material Material { diffuseColor 0.76 0.58 0.19 specularColor 0.25 0.25 0.25 shininess 0.3 } } geometry IndexedFaceSet { solid TRUE coord Coordinate { point [ -0.125984 -21.125984 -0.433071, 0.125984 -21.125984 -0.433071, 0.125984 -20.874016 -0.433071, -0.125984 -20.874016 -0.433071, -0.125984 -21.125984 4.291339, 0.125984 -21.125984 4.291339, 0.125984 -20.874016 4.291339, -0.125984 -20.874016 4.291339 ] } coordIndex [ 0, 3, 2, 1, -1, 4, 5, 6, 7, -1, 0, 1, 5, 4, -1, 1, 2, 6, 5, -1, 2, 3, 7, 6, -1, 3, 0, 4, 7, -1 ] } }
Shape { appearance Appearance { material Material { diffuseColor 0.76 0.58 0.19 specularColor 0.25 0.25 0.25 shininess 0.3 } } geometry IndexedFaceSet { solid TRUE coord Coordinate { point [ -0.125984 -22.125984 -0.433071, 0.125984 -22.125984 -0.433071, 0.125984 -21.874016 -0.433071, -0.125984 -21.874016 -0.433071, -0.125984 -22.125984 4.291339, 0.125984 -22.125984 4.291339, 0.125984 -21.874016 4.291339, -0.125984 -21.874016 4.291339 ] } coordIndex [ 0, 3, 2, 1, -1, 4, 5, 6, 7, -1, 0, 1, 5, 4, -1, 1, 2, 6, 5, -1, 2, 3, 7, 6, -1, 3, 0, 4, 7, -1 ] } }
Shape { appearance Appearance { material Material { diffuseColor 0.76 0.58 0.19 specularColor 0.25 0.25 0.25 shininess 0.3 } } geometry IndexedFaceSet { solid TRUE coord Coordinate { point [ -0.125984 -23.125984 -0.433071, 0.125984 -23.125984 -0.433071, 0.125984 -22.874016 -0.433071, -0.125984 -22.874016 -0.433071, -0.125984 -23.125984 4.291339, 0.125984 -23.125984 4.291339, 0.125984 -22.874016 4.291339, -0.125984 -22.874016 4.291339 ] } coordIndex [ 0, 3, 2, 1, -1, 4, 5, 6, 7, -1, 0, 1, 5, 4, -1, 1, 2, 6, 5, -1, 2, 3, 7, 6, -1, 3, 0, 4, 7, -1 ] } }
Shape { appearance Appearance { material Material { diffuseColor 0.035 0.04 0.045 specularColor 0.25 0.25 0.25 shininess 0.3 } } geometry IndexedFaceSet { solid TRUE coord Coordinate { point [ 5.500000 -23.500000 0.000000, 6.500000 -23.500000 0.000000, 6.500000 0.500000 0.000000, 5.500000 0.500000 0.000000, 5.500000 -23.500000 3.464567, 6.500000 -23.500000 3.464567, 6.500000 0.500000 3.464567, 5.500000 0.500000 3.464567 ] } coordIndex [ 0, 3, 2, 1, -1, 4, 5, 6, 7, -1, 0, 1, 5, 4, -1, 1, 2, 6, 5, -1, 2, 3, 7, 6, -1, 3, 0, 4, 7, -1 ] } }
Shape { appearance Appearance { material Material { diffuseColor 0.76 0.58 0.19 specularColor 0.25 0.25 0.25 shininess 0.3 } } geometry IndexedFaceSet { solid TRUE coord Coordinate { point [ 5.874016 -0.125984 -0.433071, 6.125984 -0.125984 -0.433071, 6.125984 0.125984 -0.433071, 5.874016 0.125984 -0.433071, 5.874016 -0.125984 4.291339, 6.125984 -0.125984 4.291339, 6.125984 0.125984 4.291339, 5.874016 0.125984 4.291339 ] } coordIndex [ 0, 3, 2, 1, -1, 4, 5, 6, 7, -1, 0, 1, 5, 4, -1, 1, 2, 6, 5, -1, 2, 3, 7, 6, -1, 3, 0, 4, 7, -1 ] } }
Shape { appearance Appearance { material Material { diffuseColor 0.76 0.58 0.19 specularColor 0.25 0.25 0.25 shininess 0.3 } } geometry IndexedFaceSet { solid TRUE coord Coordinate { point [ 5.874016 -1.125984 -0.433071, 6.125984 -1.125984 -0.433071, 6.125984 -0.874016 -0.433071, 5.874016 -0.874016 -0.433071, 5.874016 -1.125984 4.291339, 6.125984 -1.125984 4.291339, 6.125984 -0.874016 4.291339, 5.874016 -0.874016 4.291339 ] } coordIndex [ 0, 3, 2, 1, -1, 4, 5, 6, 7, -1, 0, 1, 5, 4, -1, 1, 2, 6, 5, -1, 2, 3, 7, 6, -1, 3, 0, 4, 7, -1 ] } }
Shape { appearance Appearance { material Material { diffuseColor 0.76 0.58 0.19 specularColor 0.25 0.25 0.25 shininess 0.3 } } geometry IndexedFaceSet { solid TRUE coord Coordinate { point [ 5.874016 -2.125984 -0.433071, 6.125984 -2.125984 -0.433071, 6.125984 -1.874016 -0.433071, 5.874016 -1.874016 -0.433071, 5.874016 -2.125984 4.291339, 6.125984 -2.125984 4.291339, 6.125984 -1.874016 4.291339, 5.874016 -1.874016 4.291339 ] } coordIndex [ 0, 3, 2, 1, -1, 4, 5, 6, 7, -1, 0, 1, 5, 4, -1, 1, 2, 6, 5, -1, 2, 3, 7, 6, -1, 3, 0, 4, 7, -1 ] } }
Shape { appearance Appearance { material Material { diffuseColor 0.76 0.58 0.19 specularColor 0.25 0.25 0.25 shininess 0.3 } } geometry IndexedFaceSet { solid TRUE coord Coordinate { point [ 5.874016 -3.125984 -0.433071, 6.125984 -3.125984 -0.433071, 6.125984 -2.874016 -0.433071, 5.874016 -2.874016 -0.433071, 5.874016 -3.125984 4.291339, 6.125984 -3.125984 4.291339, 6.125984 -2.874016 4.291339, 5.874016 -2.874016 4.291339 ] } coordIndex [ 0, 3, 2, 1, -1, 4, 5, 6, 7, -1, 0, 1, 5, 4, -1, 1, 2, 6, 5, -1, 2, 3, 7, 6, -1, 3, 0, 4, 7, -1 ] } }
Shape { appearance Appearance { material Material { diffuseColor 0.76 0.58 0.19 specularColor 0.25 0.25 0.25 shininess 0.3 } } geometry IndexedFaceSet { solid TRUE coord Coordinate { point [ 5.874016 -4.125984 -0.433071, 6.125984 -4.125984 -0.433071, 6.125984 -3.874016 -0.433071, 5.874016 -3.874016 -0.433071, 5.874016 -4.125984 4.291339, 6.125984 -4.125984 4.291339, 6.125984 -3.874016 4.291339, 5.874016 -3.874016 4.291339 ] } coordIndex [ 0, 3, 2, 1, -1, 4, 5, 6, 7, -1, 0, 1, 5, 4, -1, 1, 2, 6, 5, -1, 2, 3, 7, 6, -1, 3, 0, 4, 7, -1 ] } }
Shape { appearance Appearance { material Material { diffuseColor 0.76 0.58 0.19 specularColor 0.25 0.25 0.25 shininess 0.3 } } geometry IndexedFaceSet { solid TRUE coord Coordinate { point [ 5.874016 -5.125984 -0.433071, 6.125984 -5.125984 -0.433071, 6.125984 -4.874016 -0.433071, 5.874016 -4.874016 -0.433071, 5.874016 -5.125984 4.291339, 6.125984 -5.125984 4.291339, 6.125984 -4.874016 4.291339, 5.874016 -4.874016 4.291339 ] } coordIndex [ 0, 3, 2, 1, -1, 4, 5, 6, 7, -1, 0, 1, 5, 4, -1, 1, 2, 6, 5, -1, 2, 3, 7, 6, -1, 3, 0, 4, 7, -1 ] } }
Shape { appearance Appearance { material Material { diffuseColor 0.76 0.58 0.19 specularColor 0.25 0.25 0.25 shininess 0.3 } } geometry IndexedFaceSet { solid TRUE coord Coordinate { point [ 5.874016 -6.125984 -0.433071, 6.125984 -6.125984 -0.433071, 6.125984 -5.874016 -0.433071, 5.874016 -5.874016 -0.433071, 5.874016 -6.125984 4.291339, 6.125984 -6.125984 4.291339, 6.125984 -5.874016 4.291339, 5.874016 -5.874016 4.291339 ] } coordIndex [ 0, 3, 2, 1, -1, 4, 5, 6, 7, -1, 0, 1, 5, 4, -1, 1, 2, 6, 5, -1, 2, 3, 7, 6, -1, 3, 0, 4, 7, -1 ] } }
Shape { appearance Appearance { material Material { diffuseColor 0.76 0.58 0.19 specularColor 0.25 0.25 0.25 shininess 0.3 } } geometry IndexedFaceSet { solid TRUE coord Coordinate { point [ 5.874016 -7.125984 -0.433071, 6.125984 -7.125984 -0.433071, 6.125984 -6.874016 -0.433071, 5.874016 -6.874016 -0.433071, 5.874016 -7.125984 4.291339, 6.125984 -7.125984 4.291339, 6.125984 -6.874016 4.291339, 5.874016 -6.874016 4.291339 ] } coordIndex [ 0, 3, 2, 1, -1, 4, 5, 6, 7, -1, 0, 1, 5, 4, -1, 1, 2, 6, 5, -1, 2, 3, 7, 6, -1, 3, 0, 4, 7, -1 ] } }
Shape { appearance Appearance { material Material { diffuseColor 0.76 0.58 0.19 specularColor 0.25 0.25 0.25 shininess 0.3 } } geometry IndexedFaceSet { solid TRUE coord Coordinate { point [ 5.874016 -8.125984 -0.433071, 6.125984 -8.125984 -0.433071, 6.125984 -7.874016 -0.433071, 5.874016 -7.874016 -0.433071, 5.874016 -8.125984 4.291339, 6.125984 -8.125984 4.291339, 6.125984 -7.874016 4.291339, 5.874016 -7.874016 4.291339 ] } coordIndex [ 0, 3, 2, 1, -1, 4, 5, 6, 7, -1, 0, 1, 5, 4, -1, 1, 2, 6, 5, -1, 2, 3, 7, 6, -1, 3, 0, 4, 7, -1 ] } }
Shape { appearance Appearance { material Material { diffuseColor 0.76 0.58 0.19 specularColor 0.25 0.25 0.25 shininess 0.3 } } geometry IndexedFaceSet { solid TRUE coord Coordinate { point [ 5.874016 -9.125984 -0.433071, 6.125984 -9.125984 -0.433071, 6.125984 -8.874016 -0.433071, 5.874016 -8.874016 -0.433071, 5.874016 -9.125984 4.291339, 6.125984 -9.125984 4.291339, 6.125984 -8.874016 4.291339, 5.874016 -8.874016 4.291339 ] } coordIndex [ 0, 3, 2, 1, -1, 4, 5, 6, 7, -1, 0, 1, 5, 4, -1, 1, 2, 6, 5, -1, 2, 3, 7, 6, -1, 3, 0, 4, 7, -1 ] } }
Shape { appearance Appearance { material Material { diffuseColor 0.76 0.58 0.19 specularColor 0.25 0.25 0.25 shininess 0.3 } } geometry IndexedFaceSet { solid TRUE coord Coordinate { point [ 5.874016 -10.125984 -0.433071, 6.125984 -10.125984 -0.433071, 6.125984 -9.874016 -0.433071, 5.874016 -9.874016 -0.433071, 5.874016 -10.125984 4.291339, 6.125984 -10.125984 4.291339, 6.125984 -9.874016 4.291339, 5.874016 -9.874016 4.291339 ] } coordIndex [ 0, 3, 2, 1, -1, 4, 5, 6, 7, -1, 0, 1, 5, 4, -1, 1, 2, 6, 5, -1, 2, 3, 7, 6, -1, 3, 0, 4, 7, -1 ] } }
Shape { appearance Appearance { material Material { diffuseColor 0.76 0.58 0.19 specularColor 0.25 0.25 0.25 shininess 0.3 } } geometry IndexedFaceSet { solid TRUE coord Coordinate { point [ 5.874016 -11.125984 -0.433071, 6.125984 -11.125984 -0.433071, 6.125984 -10.874016 -0.433071, 5.874016 -10.874016 -0.433071, 5.874016 -11.125984 4.291339, 6.125984 -11.125984 4.291339, 6.125984 -10.874016 4.291339, 5.874016 -10.874016 4.291339 ] } coordIndex [ 0, 3, 2, 1, -1, 4, 5, 6, 7, -1, 0, 1, 5, 4, -1, 1, 2, 6, 5, -1, 2, 3, 7, 6, -1, 3, 0, 4, 7, -1 ] } }
Shape { appearance Appearance { material Material { diffuseColor 0.76 0.58 0.19 specularColor 0.25 0.25 0.25 shininess 0.3 } } geometry IndexedFaceSet { solid TRUE coord Coordinate { point [ 5.874016 -12.125984 -0.433071, 6.125984 -12.125984 -0.433071, 6.125984 -11.874016 -0.433071, 5.874016 -11.874016 -0.433071, 5.874016 -12.125984 4.291339, 6.125984 -12.125984 4.291339, 6.125984 -11.874016 4.291339, 5.874016 -11.874016 4.291339 ] } coordIndex [ 0, 3, 2, 1, -1, 4, 5, 6, 7, -1, 0, 1, 5, 4, -1, 1, 2, 6, 5, -1, 2, 3, 7, 6, -1, 3, 0, 4, 7, -1 ] } }
Shape { appearance Appearance { material Material { diffuseColor 0.76 0.58 0.19 specularColor 0.25 0.25 0.25 shininess 0.3 } } geometry IndexedFaceSet { solid TRUE coord Coordinate { point [ 5.874016 -13.125984 -0.433071, 6.125984 -13.125984 -0.433071, 6.125984 -12.874016 -0.433071, 5.874016 -12.874016 -0.433071, 5.874016 -13.125984 4.291339, 6.125984 -13.125984 4.291339, 6.125984 -12.874016 4.291339, 5.874016 -12.874016 4.291339 ] } coordIndex [ 0, 3, 2, 1, -1, 4, 5, 6, 7, -1, 0, 1, 5, 4, -1, 1, 2, 6, 5, -1, 2, 3, 7, 6, -1, 3, 0, 4, 7, -1 ] } }
Shape { appearance Appearance { material Material { diffuseColor 0.76 0.58 0.19 specularColor 0.25 0.25 0.25 shininess 0.3 } } geometry IndexedFaceSet { solid TRUE coord Coordinate { point [ 5.874016 -14.125984 -0.433071, 6.125984 -14.125984 -0.433071, 6.125984 -13.874016 -0.433071, 5.874016 -13.874016 -0.433071, 5.874016 -14.125984 4.291339, 6.125984 -14.125984 4.291339, 6.125984 -13.874016 4.291339, 5.874016 -13.874016 4.291339 ] } coordIndex [ 0, 3, 2, 1, -1, 4, 5, 6, 7, -1, 0, 1, 5, 4, -1, 1, 2, 6, 5, -1, 2, 3, 7, 6, -1, 3, 0, 4, 7, -1 ] } }
Shape { appearance Appearance { material Material { diffuseColor 0.76 0.58 0.19 specularColor 0.25 0.25 0.25 shininess 0.3 } } geometry IndexedFaceSet { solid TRUE coord Coordinate { point [ 5.874016 -15.125984 -0.433071, 6.125984 -15.125984 -0.433071, 6.125984 -14.874016 -0.433071, 5.874016 -14.874016 -0.433071, 5.874016 -15.125984 4.291339, 6.125984 -15.125984 4.291339, 6.125984 -14.874016 4.291339, 5.874016 -14.874016 4.291339 ] } coordIndex [ 0, 3, 2, 1, -1, 4, 5, 6, 7, -1, 0, 1, 5, 4, -1, 1, 2, 6, 5, -1, 2, 3, 7, 6, -1, 3, 0, 4, 7, -1 ] } }
Shape { appearance Appearance { material Material { diffuseColor 0.76 0.58 0.19 specularColor 0.25 0.25 0.25 shininess 0.3 } } geometry IndexedFaceSet { solid TRUE coord Coordinate { point [ 5.874016 -16.125984 -0.433071, 6.125984 -16.125984 -0.433071, 6.125984 -15.874016 -0.433071, 5.874016 -15.874016 -0.433071, 5.874016 -16.125984 4.291339, 6.125984 -16.125984 4.291339, 6.125984 -15.874016 4.291339, 5.874016 -15.874016 4.291339 ] } coordIndex [ 0, 3, 2, 1, -1, 4, 5, 6, 7, -1, 0, 1, 5, 4, -1, 1, 2, 6, 5, -1, 2, 3, 7, 6, -1, 3, 0, 4, 7, -1 ] } }
Shape { appearance Appearance { material Material { diffuseColor 0.76 0.58 0.19 specularColor 0.25 0.25 0.25 shininess 0.3 } } geometry IndexedFaceSet { solid TRUE coord Coordinate { point [ 5.874016 -17.125984 -0.433071, 6.125984 -17.125984 -0.433071, 6.125984 -16.874016 -0.433071, 5.874016 -16.874016 -0.433071, 5.874016 -17.125984 4.291339, 6.125984 -17.125984 4.291339, 6.125984 -16.874016 4.291339, 5.874016 -16.874016 4.291339 ] } coordIndex [ 0, 3, 2, 1, -1, 4, 5, 6, 7, -1, 0, 1, 5, 4, -1, 1, 2, 6, 5, -1, 2, 3, 7, 6, -1, 3, 0, 4, 7, -1 ] } }
Shape { appearance Appearance { material Material { diffuseColor 0.76 0.58 0.19 specularColor 0.25 0.25 0.25 shininess 0.3 } } geometry IndexedFaceSet { solid TRUE coord Coordinate { point [ 5.874016 -18.125984 -0.433071, 6.125984 -18.125984 -0.433071, 6.125984 -17.874016 -0.433071, 5.874016 -17.874016 -0.433071, 5.874016 -18.125984 4.291339, 6.125984 -18.125984 4.291339, 6.125984 -17.874016 4.291339, 5.874016 -17.874016 4.291339 ] } coordIndex [ 0, 3, 2, 1, -1, 4, 5, 6, 7, -1, 0, 1, 5, 4, -1, 1, 2, 6, 5, -1, 2, 3, 7, 6, -1, 3, 0, 4, 7, -1 ] } }
Shape { appearance Appearance { material Material { diffuseColor 0.76 0.58 0.19 specularColor 0.25 0.25 0.25 shininess 0.3 } } geometry IndexedFaceSet { solid TRUE coord Coordinate { point [ 5.874016 -19.125984 -0.433071, 6.125984 -19.125984 -0.433071, 6.125984 -18.874016 -0.433071, 5.874016 -18.874016 -0.433071, 5.874016 -19.125984 4.291339, 6.125984 -19.125984 4.291339, 6.125984 -18.874016 4.291339, 5.874016 -18.874016 4.291339 ] } coordIndex [ 0, 3, 2, 1, -1, 4, 5, 6, 7, -1, 0, 1, 5, 4, -1, 1, 2, 6, 5, -1, 2, 3, 7, 6, -1, 3, 0, 4, 7, -1 ] } }
Shape { appearance Appearance { material Material { diffuseColor 0.76 0.58 0.19 specularColor 0.25 0.25 0.25 shininess 0.3 } } geometry IndexedFaceSet { solid TRUE coord Coordinate { point [ 5.874016 -20.125984 -0.433071, 6.125984 -20.125984 -0.433071, 6.125984 -19.874016 -0.433071, 5.874016 -19.874016 -0.433071, 5.874016 -20.125984 4.291339, 6.125984 -20.125984 4.291339, 6.125984 -19.874016 4.291339, 5.874016 -19.874016 4.291339 ] } coordIndex [ 0, 3, 2, 1, -1, 4, 5, 6, 7, -1, 0, 1, 5, 4, -1, 1, 2, 6, 5, -1, 2, 3, 7, 6, -1, 3, 0, 4, 7, -1 ] } }
Shape { appearance Appearance { material Material { diffuseColor 0.76 0.58 0.19 specularColor 0.25 0.25 0.25 shininess 0.3 } } geometry IndexedFaceSet { solid TRUE coord Coordinate { point [ 5.874016 -21.125984 -0.433071, 6.125984 -21.125984 -0.433071, 6.125984 -20.874016 -0.433071, 5.874016 -20.874016 -0.433071, 5.874016 -21.125984 4.291339, 6.125984 -21.125984 4.291339, 6.125984 -20.874016 4.291339, 5.874016 -20.874016 4.291339 ] } coordIndex [ 0, 3, 2, 1, -1, 4, 5, 6, 7, -1, 0, 1, 5, 4, -1, 1, 2, 6, 5, -1, 2, 3, 7, 6, -1, 3, 0, 4, 7, -1 ] } }
Shape { appearance Appearance { material Material { diffuseColor 0.76 0.58 0.19 specularColor 0.25 0.25 0.25 shininess 0.3 } } geometry IndexedFaceSet { solid TRUE coord Coordinate { point [ 5.874016 -22.125984 -0.433071, 6.125984 -22.125984 -0.433071, 6.125984 -21.874016 -0.433071, 5.874016 -21.874016 -0.433071, 5.874016 -22.125984 4.291339, 6.125984 -22.125984 4.291339, 6.125984 -21.874016 4.291339, 5.874016 -21.874016 4.291339 ] } coordIndex [ 0, 3, 2, 1, -1, 4, 5, 6, 7, -1, 0, 1, 5, 4, -1, 1, 2, 6, 5, -1, 2, 3, 7, 6, -1, 3, 0, 4, 7, -1 ] } }
Shape { appearance Appearance { material Material { diffuseColor 0.76 0.58 0.19 specularColor 0.25 0.25 0.25 shininess 0.3 } } geometry IndexedFaceSet { solid TRUE coord Coordinate { point [ 5.874016 -23.125984 -0.433071, 6.125984 -23.125984 -0.433071, 6.125984 -22.874016 -0.433071, 5.874016 -22.874016 -0.433071, 5.874016 -23.125984 4.291339, 6.125984 -23.125984 4.291339, 6.125984 -22.874016 4.291339, 5.874016 -22.874016 4.291339 ] } coordIndex [ 0, 3, 2, 1, -1, 4, 5, 6, 7, -1, 0, 1, 5, 4, -1, 1, 2, 6, 5, -1, 2, 3, 7, 6, -1, 3, 0, 4, 7, -1 ] } }
Shape { appearance Appearance { material Material { diffuseColor 0.025 0.27 0.12 specularColor 0.25 0.25 0.25 shininess 0.3 } } geometry IndexedFaceSet { solid TRUE coord Coordinate { point [ -0.500000 -23.500000 3.700787, 6.500000 -23.500000 3.700787, 6.500000 0.500000 3.700787, -0.500000 0.500000 3.700787, -0.500000 -23.500000 4.330709, 6.500000 -23.500000 4.330709, 6.500000 0.500000 4.330709, -0.500000 0.500000 4.330709 ] } coordIndex [ 0, 3, 2, 1, -1, 4, 5, 6, 7, -1, 0, 1, 5, 4, -1, 1, 2, 6, 5, -1, 2, 3, 7, 6, -1, 3, 0, 4, 7, -1 ] } }
Shape { appearance Appearance { material Material { diffuseColor 0.76 0.58 0.19 specularColor 0.25 0.25 0.25 shininess 0.3 } } geometry IndexedFaceSet { solid TRUE coord Coordinate { point [ 0.354331 0.000000 4.334646, 0.347522 0.069126 4.334646, 0.327359 0.135596 4.334646, 0.294615 0.196856 4.334646, 0.250550 0.250550 4.334646, 0.196856 0.294615 4.334646, 0.135596 0.327359 4.334646, 0.069126 0.347522 4.334646, 0.000000 0.354331 4.334646, -0.069126 0.347522 4.334646, -0.135596 0.327359 4.334646, -0.196856 0.294615 4.334646, -0.250550 0.250550 4.334646, -0.294615 0.196856 4.334646, -0.327359 0.135596 4.334646, -0.347522 0.069126 4.334646, -0.354331 0.000000 4.334646, -0.347522 -0.069126 4.334646, -0.327359 -0.135596 4.334646, -0.294615 -0.196856 4.334646, -0.250550 -0.250550 4.334646, -0.196856 -0.294615 4.334646, -0.135596 -0.327359 4.334646, -0.069126 -0.347522 4.334646, -0.000000 -0.354331 4.334646, 0.069126 -0.347522 4.334646, 0.135596 -0.327359 4.334646, 0.196856 -0.294615 4.334646, 0.250550 -0.250550 4.334646, 0.294615 -0.196856 4.334646, 0.327359 -0.135596 4.334646, 0.347522 -0.069126 4.334646, 0.354331 0.000000 4.374016, 0.347522 0.069126 4.374016, 0.327359 0.135596 4.374016, 0.294615 0.196856 4.374016, 0.250550 0.250550 4.374016, 0.196856 0.294615 4.374016, 0.135596 0.327359 4.374016, 0.069126 0.347522 4.374016, 0.000000 0.354331 4.374016, -0.069126 0.347522 4.374016, -0.135596 0.327359 4.374016, -0.196856 0.294615 4.374016, -0.250550 0.250550 4.374016, -0.294615 0.196856 4.374016, -0.327359 0.135596 4.374016, -0.347522 0.069126 4.374016, -0.354331 0.000000 4.374016, -0.347522 -0.069126 4.374016, -0.327359 -0.135596 4.374016, -0.294615 -0.196856 4.374016, -0.250550 -0.250550 4.374016, -0.196856 -0.294615 4.374016, -0.135596 -0.327359 4.374016, -0.069126 -0.347522 4.374016, -0.000000 -0.354331 4.374016, 0.069126 -0.347522 4.374016, 0.135596 -0.327359 4.374016, 0.196856 -0.294615 4.374016, 0.250550 -0.250550 4.374016, 0.294615 -0.196856 4.374016, 0.327359 -0.135596 4.374016, 0.347522 -0.069126 4.374016 ] } coordIndex [ 31, 30, 29, 28, 27, 26, 25, 24, 23, 22, 21, 20, 19, 18, 17, 16, 15, 14, 13, 12, 11, 10, 9, 8, 7, 6, 5, 4, 3, 2, 1, 0, -1, 32, 33, 34, 35, 36, 37, 38, 39, 40, 41, 42, 43, 44, 45, 46, 47, 48, 49, 50, 51, 52, 53, 54, 55, 56, 57, 58, 59, 60, 61, 62, 63, -1, 0, 1, 33, 32, -1, 1, 2, 34, 33, -1, 2, 3, 35, 34, -1, 3, 4, 36, 35, -1, 4, 5, 37, 36, -1, 5, 6, 38, 37, -1, 6, 7, 39, 38, -1, 7, 8, 40, 39, -1, 8, 9, 41, 40, -1, 9, 10, 42, 41, -1, 10, 11, 43, 42, -1, 11, 12, 44, 43, -1, 12, 13, 45, 44, -1, 13, 14, 46, 45, -1, 14, 15, 47, 46, -1, 15, 16, 48, 47, -1, 16, 17, 49, 48, -1, 17, 18, 50, 49, -1, 18, 19, 51, 50, -1, 19, 20, 52, 51, -1, 20, 21, 53, 52, -1, 21, 22, 54, 53, -1, 22, 23, 55, 54, -1, 23, 24, 56, 55, -1, 24, 25, 57, 56, -1, 25, 26, 58, 57, -1, 26, 27, 59, 58, -1, 27, 28, 60, 59, -1, 28, 29, 61, 60, -1, 29, 30, 62, 61, -1, 30, 31, 63, 62, -1, 31, 0, 32, 63, -1 ] } }
Shape { appearance Appearance { material Material { diffuseColor 0.035 0.04 0.045 specularColor 0.25 0.25 0.25 shininess 0.3 } } geometry IndexedFaceSet { solid TRUE coord Coordinate { point [ 0.141732 0.000000 4.372047, 0.139009 0.027651 4.372047, 0.130944 0.054239 4.372047, 0.117846 0.078742 4.372047, 0.100220 0.100220 4.372047, 0.078742 0.117846 4.372047, 0.054239 0.130944 4.372047, 0.027651 0.139009 4.372047, 0.000000 0.141732 4.372047, -0.027651 0.139009 4.372047, -0.054239 0.130944 4.372047, -0.078742 0.117846 4.372047, -0.100220 0.100220 4.372047, -0.117846 0.078742 4.372047, -0.130944 0.054239 4.372047, -0.139009 0.027651 4.372047, -0.141732 0.000000 4.372047, -0.139009 -0.027651 4.372047, -0.130944 -0.054239 4.372047, -0.117846 -0.078742 4.372047, -0.100220 -0.100220 4.372047, -0.078742 -0.117846 4.372047, -0.054239 -0.130944 4.372047, -0.027651 -0.139009 4.372047, -0.000000 -0.141732 4.372047, 0.027651 -0.139009 4.372047, 0.054239 -0.130944 4.372047, 0.078742 -0.117846 4.372047, 0.100220 -0.100220 4.372047, 0.117846 -0.078742 4.372047, 0.130944 -0.054239 4.372047, 0.139009 -0.027651 4.372047, 0.141732 0.000000 4.391732, 0.139009 0.027651 4.391732, 0.130944 0.054239 4.391732, 0.117846 0.078742 4.391732, 0.100220 0.100220 4.391732, 0.078742 0.117846 4.391732, 0.054239 0.130944 4.391732, 0.027651 0.139009 4.391732, 0.000000 0.141732 4.391732, -0.027651 0.139009 4.391732, -0.054239 0.130944 4.391732, -0.078742 0.117846 4.391732, -0.100220 0.100220 4.391732, -0.117846 0.078742 4.391732, -0.130944 0.054239 4.391732, -0.139009 0.027651 4.391732, -0.141732 0.000000 4.391732, -0.139009 -0.027651 4.391732, -0.130944 -0.054239 4.391732, -0.117846 -0.078742 4.391732, -0.100220 -0.100220 4.391732, -0.078742 -0.117846 4.391732, -0.054239 -0.130944 4.391732, -0.027651 -0.139009 4.391732, -0.000000 -0.141732 4.391732, 0.027651 -0.139009 4.391732, 0.054239 -0.130944 4.391732, 0.078742 -0.117846 4.391732, 0.100220 -0.100220 4.391732, 0.117846 -0.078742 4.391732, 0.130944 -0.054239 4.391732, 0.139009 -0.027651 4.391732 ] } coordIndex [ 31, 30, 29, 28, 27, 26, 25, 24, 23, 22, 21, 20, 19, 18, 17, 16, 15, 14, 13, 12, 11, 10, 9, 8, 7, 6, 5, 4, 3, 2, 1, 0, -1, 32, 33, 34, 35, 36, 37, 38, 39, 40, 41, 42, 43, 44, 45, 46, 47, 48, 49, 50, 51, 52, 53, 54, 55, 56, 57, 58, 59, 60, 61, 62, 63, -1, 0, 1, 33, 32, -1, 1, 2, 34, 33, -1, 2, 3, 35, 34, -1, 3, 4, 36, 35, -1, 4, 5, 37, 36, -1, 5, 6, 38, 37, -1, 6, 7, 39, 38, -1, 7, 8, 40, 39, -1, 8, 9, 41, 40, -1, 9, 10, 42, 41, -1, 10, 11, 43, 42, -1, 11, 12, 44, 43, -1, 12, 13, 45, 44, -1, 13, 14, 46, 45, -1, 14, 15, 47, 46, -1, 15, 16, 48, 47, -1, 16, 17, 49, 48, -1, 17, 18, 50, 49, -1, 18, 19, 51, 50, -1, 19, 20, 52, 51, -1, 20, 21, 53, 52, -1, 21, 22, 54, 53, -1, 22, 23, 55, 54, -1, 23, 24, 56, 55, -1, 24, 25, 57, 56, -1, 25, 26, 58, 57, -1, 26, 27, 59, 58, -1, 27, 28, 60, 59, -1, 28, 29, 61, 60, -1, 29, 30, 62, 61, -1, 30, 31, 63, 62, -1, 31, 0, 32, 63, -1 ] } }
Shape { appearance Appearance { material Material { diffuseColor 0.76 0.58 0.19 specularColor 0.25 0.25 0.25 shininess 0.3 } } geometry IndexedFaceSet { solid TRUE coord Coordinate { point [ 0.354331 -1.000000 4.334646, 0.347522 -0.930874 4.334646, 0.327359 -0.864404 4.334646, 0.294615 -0.803144 4.334646, 0.250550 -0.749450 4.334646, 0.196856 -0.705385 4.334646, 0.135596 -0.672641 4.334646, 0.069126 -0.652478 4.334646, 0.000000 -0.645669 4.334646, -0.069126 -0.652478 4.334646, -0.135596 -0.672641 4.334646, -0.196856 -0.705385 4.334646, -0.250550 -0.749450 4.334646, -0.294615 -0.803144 4.334646, -0.327359 -0.864404 4.334646, -0.347522 -0.930874 4.334646, -0.354331 -1.000000 4.334646, -0.347522 -1.069126 4.334646, -0.327359 -1.135596 4.334646, -0.294615 -1.196856 4.334646, -0.250550 -1.250550 4.334646, -0.196856 -1.294615 4.334646, -0.135596 -1.327359 4.334646, -0.069126 -1.347522 4.334646, -0.000000 -1.354331 4.334646, 0.069126 -1.347522 4.334646, 0.135596 -1.327359 4.334646, 0.196856 -1.294615 4.334646, 0.250550 -1.250550 4.334646, 0.294615 -1.196856 4.334646, 0.327359 -1.135596 4.334646, 0.347522 -1.069126 4.334646, 0.354331 -1.000000 4.374016, 0.347522 -0.930874 4.374016, 0.327359 -0.864404 4.374016, 0.294615 -0.803144 4.374016, 0.250550 -0.749450 4.374016, 0.196856 -0.705385 4.374016, 0.135596 -0.672641 4.374016, 0.069126 -0.652478 4.374016, 0.000000 -0.645669 4.374016, -0.069126 -0.652478 4.374016, -0.135596 -0.672641 4.374016, -0.196856 -0.705385 4.374016, -0.250550 -0.749450 4.374016, -0.294615 -0.803144 4.374016, -0.327359 -0.864404 4.374016, -0.347522 -0.930874 4.374016, -0.354331 -1.000000 4.374016, -0.347522 -1.069126 4.374016, -0.327359 -1.135596 4.374016, -0.294615 -1.196856 4.374016, -0.250550 -1.250550 4.374016, -0.196856 -1.294615 4.374016, -0.135596 -1.327359 4.374016, -0.069126 -1.347522 4.374016, -0.000000 -1.354331 4.374016, 0.069126 -1.347522 4.374016, 0.135596 -1.327359 4.374016, 0.196856 -1.294615 4.374016, 0.250550 -1.250550 4.374016, 0.294615 -1.196856 4.374016, 0.327359 -1.135596 4.374016, 0.347522 -1.069126 4.374016 ] } coordIndex [ 31, 30, 29, 28, 27, 26, 25, 24, 23, 22, 21, 20, 19, 18, 17, 16, 15, 14, 13, 12, 11, 10, 9, 8, 7, 6, 5, 4, 3, 2, 1, 0, -1, 32, 33, 34, 35, 36, 37, 38, 39, 40, 41, 42, 43, 44, 45, 46, 47, 48, 49, 50, 51, 52, 53, 54, 55, 56, 57, 58, 59, 60, 61, 62, 63, -1, 0, 1, 33, 32, -1, 1, 2, 34, 33, -1, 2, 3, 35, 34, -1, 3, 4, 36, 35, -1, 4, 5, 37, 36, -1, 5, 6, 38, 37, -1, 6, 7, 39, 38, -1, 7, 8, 40, 39, -1, 8, 9, 41, 40, -1, 9, 10, 42, 41, -1, 10, 11, 43, 42, -1, 11, 12, 44, 43, -1, 12, 13, 45, 44, -1, 13, 14, 46, 45, -1, 14, 15, 47, 46, -1, 15, 16, 48, 47, -1, 16, 17, 49, 48, -1, 17, 18, 50, 49, -1, 18, 19, 51, 50, -1, 19, 20, 52, 51, -1, 20, 21, 53, 52, -1, 21, 22, 54, 53, -1, 22, 23, 55, 54, -1, 23, 24, 56, 55, -1, 24, 25, 57, 56, -1, 25, 26, 58, 57, -1, 26, 27, 59, 58, -1, 27, 28, 60, 59, -1, 28, 29, 61, 60, -1, 29, 30, 62, 61, -1, 30, 31, 63, 62, -1, 31, 0, 32, 63, -1 ] } }
Shape { appearance Appearance { material Material { diffuseColor 0.035 0.04 0.045 specularColor 0.25 0.25 0.25 shininess 0.3 } } geometry IndexedFaceSet { solid TRUE coord Coordinate { point [ 0.141732 -1.000000 4.372047, 0.139009 -0.972349 4.372047, 0.130944 -0.945761 4.372047, 0.117846 -0.921258 4.372047, 0.100220 -0.899780 4.372047, 0.078742 -0.882154 4.372047, 0.054239 -0.869056 4.372047, 0.027651 -0.860991 4.372047, 0.000000 -0.858268 4.372047, -0.027651 -0.860991 4.372047, -0.054239 -0.869056 4.372047, -0.078742 -0.882154 4.372047, -0.100220 -0.899780 4.372047, -0.117846 -0.921258 4.372047, -0.130944 -0.945761 4.372047, -0.139009 -0.972349 4.372047, -0.141732 -1.000000 4.372047, -0.139009 -1.027651 4.372047, -0.130944 -1.054239 4.372047, -0.117846 -1.078742 4.372047, -0.100220 -1.100220 4.372047, -0.078742 -1.117846 4.372047, -0.054239 -1.130944 4.372047, -0.027651 -1.139009 4.372047, -0.000000 -1.141732 4.372047, 0.027651 -1.139009 4.372047, 0.054239 -1.130944 4.372047, 0.078742 -1.117846 4.372047, 0.100220 -1.100220 4.372047, 0.117846 -1.078742 4.372047, 0.130944 -1.054239 4.372047, 0.139009 -1.027651 4.372047, 0.141732 -1.000000 4.391732, 0.139009 -0.972349 4.391732, 0.130944 -0.945761 4.391732, 0.117846 -0.921258 4.391732, 0.100220 -0.899780 4.391732, 0.078742 -0.882154 4.391732, 0.054239 -0.869056 4.391732, 0.027651 -0.860991 4.391732, 0.000000 -0.858268 4.391732, -0.027651 -0.860991 4.391732, -0.054239 -0.869056 4.391732, -0.078742 -0.882154 4.391732, -0.100220 -0.899780 4.391732, -0.117846 -0.921258 4.391732, -0.130944 -0.945761 4.391732, -0.139009 -0.972349 4.391732, -0.141732 -1.000000 4.391732, -0.139009 -1.027651 4.391732, -0.130944 -1.054239 4.391732, -0.117846 -1.078742 4.391732, -0.100220 -1.100220 4.391732, -0.078742 -1.117846 4.391732, -0.054239 -1.130944 4.391732, -0.027651 -1.139009 4.391732, -0.000000 -1.141732 4.391732, 0.027651 -1.139009 4.391732, 0.054239 -1.130944 4.391732, 0.078742 -1.117846 4.391732, 0.100220 -1.100220 4.391732, 0.117846 -1.078742 4.391732, 0.130944 -1.054239 4.391732, 0.139009 -1.027651 4.391732 ] } coordIndex [ 31, 30, 29, 28, 27, 26, 25, 24, 23, 22, 21, 20, 19, 18, 17, 16, 15, 14, 13, 12, 11, 10, 9, 8, 7, 6, 5, 4, 3, 2, 1, 0, -1, 32, 33, 34, 35, 36, 37, 38, 39, 40, 41, 42, 43, 44, 45, 46, 47, 48, 49, 50, 51, 52, 53, 54, 55, 56, 57, 58, 59, 60, 61, 62, 63, -1, 0, 1, 33, 32, -1, 1, 2, 34, 33, -1, 2, 3, 35, 34, -1, 3, 4, 36, 35, -1, 4, 5, 37, 36, -1, 5, 6, 38, 37, -1, 6, 7, 39, 38, -1, 7, 8, 40, 39, -1, 8, 9, 41, 40, -1, 9, 10, 42, 41, -1, 10, 11, 43, 42, -1, 11, 12, 44, 43, -1, 12, 13, 45, 44, -1, 13, 14, 46, 45, -1, 14, 15, 47, 46, -1, 15, 16, 48, 47, -1, 16, 17, 49, 48, -1, 17, 18, 50, 49, -1, 18, 19, 51, 50, -1, 19, 20, 52, 51, -1, 20, 21, 53, 52, -1, 21, 22, 54, 53, -1, 22, 23, 55, 54, -1, 23, 24, 56, 55, -1, 24, 25, 57, 56, -1, 25, 26, 58, 57, -1, 26, 27, 59, 58, -1, 27, 28, 60, 59, -1, 28, 29, 61, 60, -1, 29, 30, 62, 61, -1, 30, 31, 63, 62, -1, 31, 0, 32, 63, -1 ] } }
Shape { appearance Appearance { material Material { diffuseColor 0.76 0.58 0.19 specularColor 0.25 0.25 0.25 shininess 0.3 } } geometry IndexedFaceSet { solid TRUE coord Coordinate { point [ 0.354331 -2.000000 4.334646, 0.347522 -1.930874 4.334646, 0.327359 -1.864404 4.334646, 0.294615 -1.803144 4.334646, 0.250550 -1.749450 4.334646, 0.196856 -1.705385 4.334646, 0.135596 -1.672641 4.334646, 0.069126 -1.652478 4.334646, 0.000000 -1.645669 4.334646, -0.069126 -1.652478 4.334646, -0.135596 -1.672641 4.334646, -0.196856 -1.705385 4.334646, -0.250550 -1.749450 4.334646, -0.294615 -1.803144 4.334646, -0.327359 -1.864404 4.334646, -0.347522 -1.930874 4.334646, -0.354331 -2.000000 4.334646, -0.347522 -2.069126 4.334646, -0.327359 -2.135596 4.334646, -0.294615 -2.196856 4.334646, -0.250550 -2.250550 4.334646, -0.196856 -2.294615 4.334646, -0.135596 -2.327359 4.334646, -0.069126 -2.347522 4.334646, -0.000000 -2.354331 4.334646, 0.069126 -2.347522 4.334646, 0.135596 -2.327359 4.334646, 0.196856 -2.294615 4.334646, 0.250550 -2.250550 4.334646, 0.294615 -2.196856 4.334646, 0.327359 -2.135596 4.334646, 0.347522 -2.069126 4.334646, 0.354331 -2.000000 4.374016, 0.347522 -1.930874 4.374016, 0.327359 -1.864404 4.374016, 0.294615 -1.803144 4.374016, 0.250550 -1.749450 4.374016, 0.196856 -1.705385 4.374016, 0.135596 -1.672641 4.374016, 0.069126 -1.652478 4.374016, 0.000000 -1.645669 4.374016, -0.069126 -1.652478 4.374016, -0.135596 -1.672641 4.374016, -0.196856 -1.705385 4.374016, -0.250550 -1.749450 4.374016, -0.294615 -1.803144 4.374016, -0.327359 -1.864404 4.374016, -0.347522 -1.930874 4.374016, -0.354331 -2.000000 4.374016, -0.347522 -2.069126 4.374016, -0.327359 -2.135596 4.374016, -0.294615 -2.196856 4.374016, -0.250550 -2.250550 4.374016, -0.196856 -2.294615 4.374016, -0.135596 -2.327359 4.374016, -0.069126 -2.347522 4.374016, -0.000000 -2.354331 4.374016, 0.069126 -2.347522 4.374016, 0.135596 -2.327359 4.374016, 0.196856 -2.294615 4.374016, 0.250550 -2.250550 4.374016, 0.294615 -2.196856 4.374016, 0.327359 -2.135596 4.374016, 0.347522 -2.069126 4.374016 ] } coordIndex [ 31, 30, 29, 28, 27, 26, 25, 24, 23, 22, 21, 20, 19, 18, 17, 16, 15, 14, 13, 12, 11, 10, 9, 8, 7, 6, 5, 4, 3, 2, 1, 0, -1, 32, 33, 34, 35, 36, 37, 38, 39, 40, 41, 42, 43, 44, 45, 46, 47, 48, 49, 50, 51, 52, 53, 54, 55, 56, 57, 58, 59, 60, 61, 62, 63, -1, 0, 1, 33, 32, -1, 1, 2, 34, 33, -1, 2, 3, 35, 34, -1, 3, 4, 36, 35, -1, 4, 5, 37, 36, -1, 5, 6, 38, 37, -1, 6, 7, 39, 38, -1, 7, 8, 40, 39, -1, 8, 9, 41, 40, -1, 9, 10, 42, 41, -1, 10, 11, 43, 42, -1, 11, 12, 44, 43, -1, 12, 13, 45, 44, -1, 13, 14, 46, 45, -1, 14, 15, 47, 46, -1, 15, 16, 48, 47, -1, 16, 17, 49, 48, -1, 17, 18, 50, 49, -1, 18, 19, 51, 50, -1, 19, 20, 52, 51, -1, 20, 21, 53, 52, -1, 21, 22, 54, 53, -1, 22, 23, 55, 54, -1, 23, 24, 56, 55, -1, 24, 25, 57, 56, -1, 25, 26, 58, 57, -1, 26, 27, 59, 58, -1, 27, 28, 60, 59, -1, 28, 29, 61, 60, -1, 29, 30, 62, 61, -1, 30, 31, 63, 62, -1, 31, 0, 32, 63, -1 ] } }
Shape { appearance Appearance { material Material { diffuseColor 0.035 0.04 0.045 specularColor 0.25 0.25 0.25 shininess 0.3 } } geometry IndexedFaceSet { solid TRUE coord Coordinate { point [ 0.141732 -2.000000 4.372047, 0.139009 -1.972349 4.372047, 0.130944 -1.945761 4.372047, 0.117846 -1.921258 4.372047, 0.100220 -1.899780 4.372047, 0.078742 -1.882154 4.372047, 0.054239 -1.869056 4.372047, 0.027651 -1.860991 4.372047, 0.000000 -1.858268 4.372047, -0.027651 -1.860991 4.372047, -0.054239 -1.869056 4.372047, -0.078742 -1.882154 4.372047, -0.100220 -1.899780 4.372047, -0.117846 -1.921258 4.372047, -0.130944 -1.945761 4.372047, -0.139009 -1.972349 4.372047, -0.141732 -2.000000 4.372047, -0.139009 -2.027651 4.372047, -0.130944 -2.054239 4.372047, -0.117846 -2.078742 4.372047, -0.100220 -2.100220 4.372047, -0.078742 -2.117846 4.372047, -0.054239 -2.130944 4.372047, -0.027651 -2.139009 4.372047, -0.000000 -2.141732 4.372047, 0.027651 -2.139009 4.372047, 0.054239 -2.130944 4.372047, 0.078742 -2.117846 4.372047, 0.100220 -2.100220 4.372047, 0.117846 -2.078742 4.372047, 0.130944 -2.054239 4.372047, 0.139009 -2.027651 4.372047, 0.141732 -2.000000 4.391732, 0.139009 -1.972349 4.391732, 0.130944 -1.945761 4.391732, 0.117846 -1.921258 4.391732, 0.100220 -1.899780 4.391732, 0.078742 -1.882154 4.391732, 0.054239 -1.869056 4.391732, 0.027651 -1.860991 4.391732, 0.000000 -1.858268 4.391732, -0.027651 -1.860991 4.391732, -0.054239 -1.869056 4.391732, -0.078742 -1.882154 4.391732, -0.100220 -1.899780 4.391732, -0.117846 -1.921258 4.391732, -0.130944 -1.945761 4.391732, -0.139009 -1.972349 4.391732, -0.141732 -2.000000 4.391732, -0.139009 -2.027651 4.391732, -0.130944 -2.054239 4.391732, -0.117846 -2.078742 4.391732, -0.100220 -2.100220 4.391732, -0.078742 -2.117846 4.391732, -0.054239 -2.130944 4.391732, -0.027651 -2.139009 4.391732, -0.000000 -2.141732 4.391732, 0.027651 -2.139009 4.391732, 0.054239 -2.130944 4.391732, 0.078742 -2.117846 4.391732, 0.100220 -2.100220 4.391732, 0.117846 -2.078742 4.391732, 0.130944 -2.054239 4.391732, 0.139009 -2.027651 4.391732 ] } coordIndex [ 31, 30, 29, 28, 27, 26, 25, 24, 23, 22, 21, 20, 19, 18, 17, 16, 15, 14, 13, 12, 11, 10, 9, 8, 7, 6, 5, 4, 3, 2, 1, 0, -1, 32, 33, 34, 35, 36, 37, 38, 39, 40, 41, 42, 43, 44, 45, 46, 47, 48, 49, 50, 51, 52, 53, 54, 55, 56, 57, 58, 59, 60, 61, 62, 63, -1, 0, 1, 33, 32, -1, 1, 2, 34, 33, -1, 2, 3, 35, 34, -1, 3, 4, 36, 35, -1, 4, 5, 37, 36, -1, 5, 6, 38, 37, -1, 6, 7, 39, 38, -1, 7, 8, 40, 39, -1, 8, 9, 41, 40, -1, 9, 10, 42, 41, -1, 10, 11, 43, 42, -1, 11, 12, 44, 43, -1, 12, 13, 45, 44, -1, 13, 14, 46, 45, -1, 14, 15, 47, 46, -1, 15, 16, 48, 47, -1, 16, 17, 49, 48, -1, 17, 18, 50, 49, -1, 18, 19, 51, 50, -1, 19, 20, 52, 51, -1, 20, 21, 53, 52, -1, 21, 22, 54, 53, -1, 22, 23, 55, 54, -1, 23, 24, 56, 55, -1, 24, 25, 57, 56, -1, 25, 26, 58, 57, -1, 26, 27, 59, 58, -1, 27, 28, 60, 59, -1, 28, 29, 61, 60, -1, 29, 30, 62, 61, -1, 30, 31, 63, 62, -1, 31, 0, 32, 63, -1 ] } }
Shape { appearance Appearance { material Material { diffuseColor 0.76 0.58 0.19 specularColor 0.25 0.25 0.25 shininess 0.3 } } geometry IndexedFaceSet { solid TRUE coord Coordinate { point [ 0.354331 -3.000000 4.334646, 0.347522 -2.930874 4.334646, 0.327359 -2.864404 4.334646, 0.294615 -2.803144 4.334646, 0.250550 -2.749450 4.334646, 0.196856 -2.705385 4.334646, 0.135596 -2.672641 4.334646, 0.069126 -2.652478 4.334646, 0.000000 -2.645669 4.334646, -0.069126 -2.652478 4.334646, -0.135596 -2.672641 4.334646, -0.196856 -2.705385 4.334646, -0.250550 -2.749450 4.334646, -0.294615 -2.803144 4.334646, -0.327359 -2.864404 4.334646, -0.347522 -2.930874 4.334646, -0.354331 -3.000000 4.334646, -0.347522 -3.069126 4.334646, -0.327359 -3.135596 4.334646, -0.294615 -3.196856 4.334646, -0.250550 -3.250550 4.334646, -0.196856 -3.294615 4.334646, -0.135596 -3.327359 4.334646, -0.069126 -3.347522 4.334646, -0.000000 -3.354331 4.334646, 0.069126 -3.347522 4.334646, 0.135596 -3.327359 4.334646, 0.196856 -3.294615 4.334646, 0.250550 -3.250550 4.334646, 0.294615 -3.196856 4.334646, 0.327359 -3.135596 4.334646, 0.347522 -3.069126 4.334646, 0.354331 -3.000000 4.374016, 0.347522 -2.930874 4.374016, 0.327359 -2.864404 4.374016, 0.294615 -2.803144 4.374016, 0.250550 -2.749450 4.374016, 0.196856 -2.705385 4.374016, 0.135596 -2.672641 4.374016, 0.069126 -2.652478 4.374016, 0.000000 -2.645669 4.374016, -0.069126 -2.652478 4.374016, -0.135596 -2.672641 4.374016, -0.196856 -2.705385 4.374016, -0.250550 -2.749450 4.374016, -0.294615 -2.803144 4.374016, -0.327359 -2.864404 4.374016, -0.347522 -2.930874 4.374016, -0.354331 -3.000000 4.374016, -0.347522 -3.069126 4.374016, -0.327359 -3.135596 4.374016, -0.294615 -3.196856 4.374016, -0.250550 -3.250550 4.374016, -0.196856 -3.294615 4.374016, -0.135596 -3.327359 4.374016, -0.069126 -3.347522 4.374016, -0.000000 -3.354331 4.374016, 0.069126 -3.347522 4.374016, 0.135596 -3.327359 4.374016, 0.196856 -3.294615 4.374016, 0.250550 -3.250550 4.374016, 0.294615 -3.196856 4.374016, 0.327359 -3.135596 4.374016, 0.347522 -3.069126 4.374016 ] } coordIndex [ 31, 30, 29, 28, 27, 26, 25, 24, 23, 22, 21, 20, 19, 18, 17, 16, 15, 14, 13, 12, 11, 10, 9, 8, 7, 6, 5, 4, 3, 2, 1, 0, -1, 32, 33, 34, 35, 36, 37, 38, 39, 40, 41, 42, 43, 44, 45, 46, 47, 48, 49, 50, 51, 52, 53, 54, 55, 56, 57, 58, 59, 60, 61, 62, 63, -1, 0, 1, 33, 32, -1, 1, 2, 34, 33, -1, 2, 3, 35, 34, -1, 3, 4, 36, 35, -1, 4, 5, 37, 36, -1, 5, 6, 38, 37, -1, 6, 7, 39, 38, -1, 7, 8, 40, 39, -1, 8, 9, 41, 40, -1, 9, 10, 42, 41, -1, 10, 11, 43, 42, -1, 11, 12, 44, 43, -1, 12, 13, 45, 44, -1, 13, 14, 46, 45, -1, 14, 15, 47, 46, -1, 15, 16, 48, 47, -1, 16, 17, 49, 48, -1, 17, 18, 50, 49, -1, 18, 19, 51, 50, -1, 19, 20, 52, 51, -1, 20, 21, 53, 52, -1, 21, 22, 54, 53, -1, 22, 23, 55, 54, -1, 23, 24, 56, 55, -1, 24, 25, 57, 56, -1, 25, 26, 58, 57, -1, 26, 27, 59, 58, -1, 27, 28, 60, 59, -1, 28, 29, 61, 60, -1, 29, 30, 62, 61, -1, 30, 31, 63, 62, -1, 31, 0, 32, 63, -1 ] } }
Shape { appearance Appearance { material Material { diffuseColor 0.035 0.04 0.045 specularColor 0.25 0.25 0.25 shininess 0.3 } } geometry IndexedFaceSet { solid TRUE coord Coordinate { point [ 0.141732 -3.000000 4.372047, 0.139009 -2.972349 4.372047, 0.130944 -2.945761 4.372047, 0.117846 -2.921258 4.372047, 0.100220 -2.899780 4.372047, 0.078742 -2.882154 4.372047, 0.054239 -2.869056 4.372047, 0.027651 -2.860991 4.372047, 0.000000 -2.858268 4.372047, -0.027651 -2.860991 4.372047, -0.054239 -2.869056 4.372047, -0.078742 -2.882154 4.372047, -0.100220 -2.899780 4.372047, -0.117846 -2.921258 4.372047, -0.130944 -2.945761 4.372047, -0.139009 -2.972349 4.372047, -0.141732 -3.000000 4.372047, -0.139009 -3.027651 4.372047, -0.130944 -3.054239 4.372047, -0.117846 -3.078742 4.372047, -0.100220 -3.100220 4.372047, -0.078742 -3.117846 4.372047, -0.054239 -3.130944 4.372047, -0.027651 -3.139009 4.372047, -0.000000 -3.141732 4.372047, 0.027651 -3.139009 4.372047, 0.054239 -3.130944 4.372047, 0.078742 -3.117846 4.372047, 0.100220 -3.100220 4.372047, 0.117846 -3.078742 4.372047, 0.130944 -3.054239 4.372047, 0.139009 -3.027651 4.372047, 0.141732 -3.000000 4.391732, 0.139009 -2.972349 4.391732, 0.130944 -2.945761 4.391732, 0.117846 -2.921258 4.391732, 0.100220 -2.899780 4.391732, 0.078742 -2.882154 4.391732, 0.054239 -2.869056 4.391732, 0.027651 -2.860991 4.391732, 0.000000 -2.858268 4.391732, -0.027651 -2.860991 4.391732, -0.054239 -2.869056 4.391732, -0.078742 -2.882154 4.391732, -0.100220 -2.899780 4.391732, -0.117846 -2.921258 4.391732, -0.130944 -2.945761 4.391732, -0.139009 -2.972349 4.391732, -0.141732 -3.000000 4.391732, -0.139009 -3.027651 4.391732, -0.130944 -3.054239 4.391732, -0.117846 -3.078742 4.391732, -0.100220 -3.100220 4.391732, -0.078742 -3.117846 4.391732, -0.054239 -3.130944 4.391732, -0.027651 -3.139009 4.391732, -0.000000 -3.141732 4.391732, 0.027651 -3.139009 4.391732, 0.054239 -3.130944 4.391732, 0.078742 -3.117846 4.391732, 0.100220 -3.100220 4.391732, 0.117846 -3.078742 4.391732, 0.130944 -3.054239 4.391732, 0.139009 -3.027651 4.391732 ] } coordIndex [ 31, 30, 29, 28, 27, 26, 25, 24, 23, 22, 21, 20, 19, 18, 17, 16, 15, 14, 13, 12, 11, 10, 9, 8, 7, 6, 5, 4, 3, 2, 1, 0, -1, 32, 33, 34, 35, 36, 37, 38, 39, 40, 41, 42, 43, 44, 45, 46, 47, 48, 49, 50, 51, 52, 53, 54, 55, 56, 57, 58, 59, 60, 61, 62, 63, -1, 0, 1, 33, 32, -1, 1, 2, 34, 33, -1, 2, 3, 35, 34, -1, 3, 4, 36, 35, -1, 4, 5, 37, 36, -1, 5, 6, 38, 37, -1, 6, 7, 39, 38, -1, 7, 8, 40, 39, -1, 8, 9, 41, 40, -1, 9, 10, 42, 41, -1, 10, 11, 43, 42, -1, 11, 12, 44, 43, -1, 12, 13, 45, 44, -1, 13, 14, 46, 45, -1, 14, 15, 47, 46, -1, 15, 16, 48, 47, -1, 16, 17, 49, 48, -1, 17, 18, 50, 49, -1, 18, 19, 51, 50, -1, 19, 20, 52, 51, -1, 20, 21, 53, 52, -1, 21, 22, 54, 53, -1, 22, 23, 55, 54, -1, 23, 24, 56, 55, -1, 24, 25, 57, 56, -1, 25, 26, 58, 57, -1, 26, 27, 59, 58, -1, 27, 28, 60, 59, -1, 28, 29, 61, 60, -1, 29, 30, 62, 61, -1, 30, 31, 63, 62, -1, 31, 0, 32, 63, -1 ] } }
Shape { appearance Appearance { material Material { diffuseColor 0.76 0.58 0.19 specularColor 0.25 0.25 0.25 shininess 0.3 } } geometry IndexedFaceSet { solid TRUE coord Coordinate { point [ 0.354331 -4.000000 4.334646, 0.347522 -3.930874 4.334646, 0.327359 -3.864404 4.334646, 0.294615 -3.803144 4.334646, 0.250550 -3.749450 4.334646, 0.196856 -3.705385 4.334646, 0.135596 -3.672641 4.334646, 0.069126 -3.652478 4.334646, 0.000000 -3.645669 4.334646, -0.069126 -3.652478 4.334646, -0.135596 -3.672641 4.334646, -0.196856 -3.705385 4.334646, -0.250550 -3.749450 4.334646, -0.294615 -3.803144 4.334646, -0.327359 -3.864404 4.334646, -0.347522 -3.930874 4.334646, -0.354331 -4.000000 4.334646, -0.347522 -4.069126 4.334646, -0.327359 -4.135596 4.334646, -0.294615 -4.196856 4.334646, -0.250550 -4.250550 4.334646, -0.196856 -4.294615 4.334646, -0.135596 -4.327359 4.334646, -0.069126 -4.347522 4.334646, -0.000000 -4.354331 4.334646, 0.069126 -4.347522 4.334646, 0.135596 -4.327359 4.334646, 0.196856 -4.294615 4.334646, 0.250550 -4.250550 4.334646, 0.294615 -4.196856 4.334646, 0.327359 -4.135596 4.334646, 0.347522 -4.069126 4.334646, 0.354331 -4.000000 4.374016, 0.347522 -3.930874 4.374016, 0.327359 -3.864404 4.374016, 0.294615 -3.803144 4.374016, 0.250550 -3.749450 4.374016, 0.196856 -3.705385 4.374016, 0.135596 -3.672641 4.374016, 0.069126 -3.652478 4.374016, 0.000000 -3.645669 4.374016, -0.069126 -3.652478 4.374016, -0.135596 -3.672641 4.374016, -0.196856 -3.705385 4.374016, -0.250550 -3.749450 4.374016, -0.294615 -3.803144 4.374016, -0.327359 -3.864404 4.374016, -0.347522 -3.930874 4.374016, -0.354331 -4.000000 4.374016, -0.347522 -4.069126 4.374016, -0.327359 -4.135596 4.374016, -0.294615 -4.196856 4.374016, -0.250550 -4.250550 4.374016, -0.196856 -4.294615 4.374016, -0.135596 -4.327359 4.374016, -0.069126 -4.347522 4.374016, -0.000000 -4.354331 4.374016, 0.069126 -4.347522 4.374016, 0.135596 -4.327359 4.374016, 0.196856 -4.294615 4.374016, 0.250550 -4.250550 4.374016, 0.294615 -4.196856 4.374016, 0.327359 -4.135596 4.374016, 0.347522 -4.069126 4.374016 ] } coordIndex [ 31, 30, 29, 28, 27, 26, 25, 24, 23, 22, 21, 20, 19, 18, 17, 16, 15, 14, 13, 12, 11, 10, 9, 8, 7, 6, 5, 4, 3, 2, 1, 0, -1, 32, 33, 34, 35, 36, 37, 38, 39, 40, 41, 42, 43, 44, 45, 46, 47, 48, 49, 50, 51, 52, 53, 54, 55, 56, 57, 58, 59, 60, 61, 62, 63, -1, 0, 1, 33, 32, -1, 1, 2, 34, 33, -1, 2, 3, 35, 34, -1, 3, 4, 36, 35, -1, 4, 5, 37, 36, -1, 5, 6, 38, 37, -1, 6, 7, 39, 38, -1, 7, 8, 40, 39, -1, 8, 9, 41, 40, -1, 9, 10, 42, 41, -1, 10, 11, 43, 42, -1, 11, 12, 44, 43, -1, 12, 13, 45, 44, -1, 13, 14, 46, 45, -1, 14, 15, 47, 46, -1, 15, 16, 48, 47, -1, 16, 17, 49, 48, -1, 17, 18, 50, 49, -1, 18, 19, 51, 50, -1, 19, 20, 52, 51, -1, 20, 21, 53, 52, -1, 21, 22, 54, 53, -1, 22, 23, 55, 54, -1, 23, 24, 56, 55, -1, 24, 25, 57, 56, -1, 25, 26, 58, 57, -1, 26, 27, 59, 58, -1, 27, 28, 60, 59, -1, 28, 29, 61, 60, -1, 29, 30, 62, 61, -1, 30, 31, 63, 62, -1, 31, 0, 32, 63, -1 ] } }
Shape { appearance Appearance { material Material { diffuseColor 0.035 0.04 0.045 specularColor 0.25 0.25 0.25 shininess 0.3 } } geometry IndexedFaceSet { solid TRUE coord Coordinate { point [ 0.141732 -4.000000 4.372047, 0.139009 -3.972349 4.372047, 0.130944 -3.945761 4.372047, 0.117846 -3.921258 4.372047, 0.100220 -3.899780 4.372047, 0.078742 -3.882154 4.372047, 0.054239 -3.869056 4.372047, 0.027651 -3.860991 4.372047, 0.000000 -3.858268 4.372047, -0.027651 -3.860991 4.372047, -0.054239 -3.869056 4.372047, -0.078742 -3.882154 4.372047, -0.100220 -3.899780 4.372047, -0.117846 -3.921258 4.372047, -0.130944 -3.945761 4.372047, -0.139009 -3.972349 4.372047, -0.141732 -4.000000 4.372047, -0.139009 -4.027651 4.372047, -0.130944 -4.054239 4.372047, -0.117846 -4.078742 4.372047, -0.100220 -4.100220 4.372047, -0.078742 -4.117846 4.372047, -0.054239 -4.130944 4.372047, -0.027651 -4.139009 4.372047, -0.000000 -4.141732 4.372047, 0.027651 -4.139009 4.372047, 0.054239 -4.130944 4.372047, 0.078742 -4.117846 4.372047, 0.100220 -4.100220 4.372047, 0.117846 -4.078742 4.372047, 0.130944 -4.054239 4.372047, 0.139009 -4.027651 4.372047, 0.141732 -4.000000 4.391732, 0.139009 -3.972349 4.391732, 0.130944 -3.945761 4.391732, 0.117846 -3.921258 4.391732, 0.100220 -3.899780 4.391732, 0.078742 -3.882154 4.391732, 0.054239 -3.869056 4.391732, 0.027651 -3.860991 4.391732, 0.000000 -3.858268 4.391732, -0.027651 -3.860991 4.391732, -0.054239 -3.869056 4.391732, -0.078742 -3.882154 4.391732, -0.100220 -3.899780 4.391732, -0.117846 -3.921258 4.391732, -0.130944 -3.945761 4.391732, -0.139009 -3.972349 4.391732, -0.141732 -4.000000 4.391732, -0.139009 -4.027651 4.391732, -0.130944 -4.054239 4.391732, -0.117846 -4.078742 4.391732, -0.100220 -4.100220 4.391732, -0.078742 -4.117846 4.391732, -0.054239 -4.130944 4.391732, -0.027651 -4.139009 4.391732, -0.000000 -4.141732 4.391732, 0.027651 -4.139009 4.391732, 0.054239 -4.130944 4.391732, 0.078742 -4.117846 4.391732, 0.100220 -4.100220 4.391732, 0.117846 -4.078742 4.391732, 0.130944 -4.054239 4.391732, 0.139009 -4.027651 4.391732 ] } coordIndex [ 31, 30, 29, 28, 27, 26, 25, 24, 23, 22, 21, 20, 19, 18, 17, 16, 15, 14, 13, 12, 11, 10, 9, 8, 7, 6, 5, 4, 3, 2, 1, 0, -1, 32, 33, 34, 35, 36, 37, 38, 39, 40, 41, 42, 43, 44, 45, 46, 47, 48, 49, 50, 51, 52, 53, 54, 55, 56, 57, 58, 59, 60, 61, 62, 63, -1, 0, 1, 33, 32, -1, 1, 2, 34, 33, -1, 2, 3, 35, 34, -1, 3, 4, 36, 35, -1, 4, 5, 37, 36, -1, 5, 6, 38, 37, -1, 6, 7, 39, 38, -1, 7, 8, 40, 39, -1, 8, 9, 41, 40, -1, 9, 10, 42, 41, -1, 10, 11, 43, 42, -1, 11, 12, 44, 43, -1, 12, 13, 45, 44, -1, 13, 14, 46, 45, -1, 14, 15, 47, 46, -1, 15, 16, 48, 47, -1, 16, 17, 49, 48, -1, 17, 18, 50, 49, -1, 18, 19, 51, 50, -1, 19, 20, 52, 51, -1, 20, 21, 53, 52, -1, 21, 22, 54, 53, -1, 22, 23, 55, 54, -1, 23, 24, 56, 55, -1, 24, 25, 57, 56, -1, 25, 26, 58, 57, -1, 26, 27, 59, 58, -1, 27, 28, 60, 59, -1, 28, 29, 61, 60, -1, 29, 30, 62, 61, -1, 30, 31, 63, 62, -1, 31, 0, 32, 63, -1 ] } }
Shape { appearance Appearance { material Material { diffuseColor 0.76 0.58 0.19 specularColor 0.25 0.25 0.25 shininess 0.3 } } geometry IndexedFaceSet { solid TRUE coord Coordinate { point [ 0.354331 -5.000000 4.334646, 0.347522 -4.930874 4.334646, 0.327359 -4.864404 4.334646, 0.294615 -4.803144 4.334646, 0.250550 -4.749450 4.334646, 0.196856 -4.705385 4.334646, 0.135596 -4.672641 4.334646, 0.069126 -4.652478 4.334646, 0.000000 -4.645669 4.334646, -0.069126 -4.652478 4.334646, -0.135596 -4.672641 4.334646, -0.196856 -4.705385 4.334646, -0.250550 -4.749450 4.334646, -0.294615 -4.803144 4.334646, -0.327359 -4.864404 4.334646, -0.347522 -4.930874 4.334646, -0.354331 -5.000000 4.334646, -0.347522 -5.069126 4.334646, -0.327359 -5.135596 4.334646, -0.294615 -5.196856 4.334646, -0.250550 -5.250550 4.334646, -0.196856 -5.294615 4.334646, -0.135596 -5.327359 4.334646, -0.069126 -5.347522 4.334646, -0.000000 -5.354331 4.334646, 0.069126 -5.347522 4.334646, 0.135596 -5.327359 4.334646, 0.196856 -5.294615 4.334646, 0.250550 -5.250550 4.334646, 0.294615 -5.196856 4.334646, 0.327359 -5.135596 4.334646, 0.347522 -5.069126 4.334646, 0.354331 -5.000000 4.374016, 0.347522 -4.930874 4.374016, 0.327359 -4.864404 4.374016, 0.294615 -4.803144 4.374016, 0.250550 -4.749450 4.374016, 0.196856 -4.705385 4.374016, 0.135596 -4.672641 4.374016, 0.069126 -4.652478 4.374016, 0.000000 -4.645669 4.374016, -0.069126 -4.652478 4.374016, -0.135596 -4.672641 4.374016, -0.196856 -4.705385 4.374016, -0.250550 -4.749450 4.374016, -0.294615 -4.803144 4.374016, -0.327359 -4.864404 4.374016, -0.347522 -4.930874 4.374016, -0.354331 -5.000000 4.374016, -0.347522 -5.069126 4.374016, -0.327359 -5.135596 4.374016, -0.294615 -5.196856 4.374016, -0.250550 -5.250550 4.374016, -0.196856 -5.294615 4.374016, -0.135596 -5.327359 4.374016, -0.069126 -5.347522 4.374016, -0.000000 -5.354331 4.374016, 0.069126 -5.347522 4.374016, 0.135596 -5.327359 4.374016, 0.196856 -5.294615 4.374016, 0.250550 -5.250550 4.374016, 0.294615 -5.196856 4.374016, 0.327359 -5.135596 4.374016, 0.347522 -5.069126 4.374016 ] } coordIndex [ 31, 30, 29, 28, 27, 26, 25, 24, 23, 22, 21, 20, 19, 18, 17, 16, 15, 14, 13, 12, 11, 10, 9, 8, 7, 6, 5, 4, 3, 2, 1, 0, -1, 32, 33, 34, 35, 36, 37, 38, 39, 40, 41, 42, 43, 44, 45, 46, 47, 48, 49, 50, 51, 52, 53, 54, 55, 56, 57, 58, 59, 60, 61, 62, 63, -1, 0, 1, 33, 32, -1, 1, 2, 34, 33, -1, 2, 3, 35, 34, -1, 3, 4, 36, 35, -1, 4, 5, 37, 36, -1, 5, 6, 38, 37, -1, 6, 7, 39, 38, -1, 7, 8, 40, 39, -1, 8, 9, 41, 40, -1, 9, 10, 42, 41, -1, 10, 11, 43, 42, -1, 11, 12, 44, 43, -1, 12, 13, 45, 44, -1, 13, 14, 46, 45, -1, 14, 15, 47, 46, -1, 15, 16, 48, 47, -1, 16, 17, 49, 48, -1, 17, 18, 50, 49, -1, 18, 19, 51, 50, -1, 19, 20, 52, 51, -1, 20, 21, 53, 52, -1, 21, 22, 54, 53, -1, 22, 23, 55, 54, -1, 23, 24, 56, 55, -1, 24, 25, 57, 56, -1, 25, 26, 58, 57, -1, 26, 27, 59, 58, -1, 27, 28, 60, 59, -1, 28, 29, 61, 60, -1, 29, 30, 62, 61, -1, 30, 31, 63, 62, -1, 31, 0, 32, 63, -1 ] } }
Shape { appearance Appearance { material Material { diffuseColor 0.035 0.04 0.045 specularColor 0.25 0.25 0.25 shininess 0.3 } } geometry IndexedFaceSet { solid TRUE coord Coordinate { point [ 0.141732 -5.000000 4.372047, 0.139009 -4.972349 4.372047, 0.130944 -4.945761 4.372047, 0.117846 -4.921258 4.372047, 0.100220 -4.899780 4.372047, 0.078742 -4.882154 4.372047, 0.054239 -4.869056 4.372047, 0.027651 -4.860991 4.372047, 0.000000 -4.858268 4.372047, -0.027651 -4.860991 4.372047, -0.054239 -4.869056 4.372047, -0.078742 -4.882154 4.372047, -0.100220 -4.899780 4.372047, -0.117846 -4.921258 4.372047, -0.130944 -4.945761 4.372047, -0.139009 -4.972349 4.372047, -0.141732 -5.000000 4.372047, -0.139009 -5.027651 4.372047, -0.130944 -5.054239 4.372047, -0.117846 -5.078742 4.372047, -0.100220 -5.100220 4.372047, -0.078742 -5.117846 4.372047, -0.054239 -5.130944 4.372047, -0.027651 -5.139009 4.372047, -0.000000 -5.141732 4.372047, 0.027651 -5.139009 4.372047, 0.054239 -5.130944 4.372047, 0.078742 -5.117846 4.372047, 0.100220 -5.100220 4.372047, 0.117846 -5.078742 4.372047, 0.130944 -5.054239 4.372047, 0.139009 -5.027651 4.372047, 0.141732 -5.000000 4.391732, 0.139009 -4.972349 4.391732, 0.130944 -4.945761 4.391732, 0.117846 -4.921258 4.391732, 0.100220 -4.899780 4.391732, 0.078742 -4.882154 4.391732, 0.054239 -4.869056 4.391732, 0.027651 -4.860991 4.391732, 0.000000 -4.858268 4.391732, -0.027651 -4.860991 4.391732, -0.054239 -4.869056 4.391732, -0.078742 -4.882154 4.391732, -0.100220 -4.899780 4.391732, -0.117846 -4.921258 4.391732, -0.130944 -4.945761 4.391732, -0.139009 -4.972349 4.391732, -0.141732 -5.000000 4.391732, -0.139009 -5.027651 4.391732, -0.130944 -5.054239 4.391732, -0.117846 -5.078742 4.391732, -0.100220 -5.100220 4.391732, -0.078742 -5.117846 4.391732, -0.054239 -5.130944 4.391732, -0.027651 -5.139009 4.391732, -0.000000 -5.141732 4.391732, 0.027651 -5.139009 4.391732, 0.054239 -5.130944 4.391732, 0.078742 -5.117846 4.391732, 0.100220 -5.100220 4.391732, 0.117846 -5.078742 4.391732, 0.130944 -5.054239 4.391732, 0.139009 -5.027651 4.391732 ] } coordIndex [ 31, 30, 29, 28, 27, 26, 25, 24, 23, 22, 21, 20, 19, 18, 17, 16, 15, 14, 13, 12, 11, 10, 9, 8, 7, 6, 5, 4, 3, 2, 1, 0, -1, 32, 33, 34, 35, 36, 37, 38, 39, 40, 41, 42, 43, 44, 45, 46, 47, 48, 49, 50, 51, 52, 53, 54, 55, 56, 57, 58, 59, 60, 61, 62, 63, -1, 0, 1, 33, 32, -1, 1, 2, 34, 33, -1, 2, 3, 35, 34, -1, 3, 4, 36, 35, -1, 4, 5, 37, 36, -1, 5, 6, 38, 37, -1, 6, 7, 39, 38, -1, 7, 8, 40, 39, -1, 8, 9, 41, 40, -1, 9, 10, 42, 41, -1, 10, 11, 43, 42, -1, 11, 12, 44, 43, -1, 12, 13, 45, 44, -1, 13, 14, 46, 45, -1, 14, 15, 47, 46, -1, 15, 16, 48, 47, -1, 16, 17, 49, 48, -1, 17, 18, 50, 49, -1, 18, 19, 51, 50, -1, 19, 20, 52, 51, -1, 20, 21, 53, 52, -1, 21, 22, 54, 53, -1, 22, 23, 55, 54, -1, 23, 24, 56, 55, -1, 24, 25, 57, 56, -1, 25, 26, 58, 57, -1, 26, 27, 59, 58, -1, 27, 28, 60, 59, -1, 28, 29, 61, 60, -1, 29, 30, 62, 61, -1, 30, 31, 63, 62, -1, 31, 0, 32, 63, -1 ] } }
Shape { appearance Appearance { material Material { diffuseColor 0.76 0.58 0.19 specularColor 0.25 0.25 0.25 shininess 0.3 } } geometry IndexedFaceSet { solid TRUE coord Coordinate { point [ 0.354331 -6.000000 4.334646, 0.347522 -5.930874 4.334646, 0.327359 -5.864404 4.334646, 0.294615 -5.803144 4.334646, 0.250550 -5.749450 4.334646, 0.196856 -5.705385 4.334646, 0.135596 -5.672641 4.334646, 0.069126 -5.652478 4.334646, 0.000000 -5.645669 4.334646, -0.069126 -5.652478 4.334646, -0.135596 -5.672641 4.334646, -0.196856 -5.705385 4.334646, -0.250550 -5.749450 4.334646, -0.294615 -5.803144 4.334646, -0.327359 -5.864404 4.334646, -0.347522 -5.930874 4.334646, -0.354331 -6.000000 4.334646, -0.347522 -6.069126 4.334646, -0.327359 -6.135596 4.334646, -0.294615 -6.196856 4.334646, -0.250550 -6.250550 4.334646, -0.196856 -6.294615 4.334646, -0.135596 -6.327359 4.334646, -0.069126 -6.347522 4.334646, -0.000000 -6.354331 4.334646, 0.069126 -6.347522 4.334646, 0.135596 -6.327359 4.334646, 0.196856 -6.294615 4.334646, 0.250550 -6.250550 4.334646, 0.294615 -6.196856 4.334646, 0.327359 -6.135596 4.334646, 0.347522 -6.069126 4.334646, 0.354331 -6.000000 4.374016, 0.347522 -5.930874 4.374016, 0.327359 -5.864404 4.374016, 0.294615 -5.803144 4.374016, 0.250550 -5.749450 4.374016, 0.196856 -5.705385 4.374016, 0.135596 -5.672641 4.374016, 0.069126 -5.652478 4.374016, 0.000000 -5.645669 4.374016, -0.069126 -5.652478 4.374016, -0.135596 -5.672641 4.374016, -0.196856 -5.705385 4.374016, -0.250550 -5.749450 4.374016, -0.294615 -5.803144 4.374016, -0.327359 -5.864404 4.374016, -0.347522 -5.930874 4.374016, -0.354331 -6.000000 4.374016, -0.347522 -6.069126 4.374016, -0.327359 -6.135596 4.374016, -0.294615 -6.196856 4.374016, -0.250550 -6.250550 4.374016, -0.196856 -6.294615 4.374016, -0.135596 -6.327359 4.374016, -0.069126 -6.347522 4.374016, -0.000000 -6.354331 4.374016, 0.069126 -6.347522 4.374016, 0.135596 -6.327359 4.374016, 0.196856 -6.294615 4.374016, 0.250550 -6.250550 4.374016, 0.294615 -6.196856 4.374016, 0.327359 -6.135596 4.374016, 0.347522 -6.069126 4.374016 ] } coordIndex [ 31, 30, 29, 28, 27, 26, 25, 24, 23, 22, 21, 20, 19, 18, 17, 16, 15, 14, 13, 12, 11, 10, 9, 8, 7, 6, 5, 4, 3, 2, 1, 0, -1, 32, 33, 34, 35, 36, 37, 38, 39, 40, 41, 42, 43, 44, 45, 46, 47, 48, 49, 50, 51, 52, 53, 54, 55, 56, 57, 58, 59, 60, 61, 62, 63, -1, 0, 1, 33, 32, -1, 1, 2, 34, 33, -1, 2, 3, 35, 34, -1, 3, 4, 36, 35, -1, 4, 5, 37, 36, -1, 5, 6, 38, 37, -1, 6, 7, 39, 38, -1, 7, 8, 40, 39, -1, 8, 9, 41, 40, -1, 9, 10, 42, 41, -1, 10, 11, 43, 42, -1, 11, 12, 44, 43, -1, 12, 13, 45, 44, -1, 13, 14, 46, 45, -1, 14, 15, 47, 46, -1, 15, 16, 48, 47, -1, 16, 17, 49, 48, -1, 17, 18, 50, 49, -1, 18, 19, 51, 50, -1, 19, 20, 52, 51, -1, 20, 21, 53, 52, -1, 21, 22, 54, 53, -1, 22, 23, 55, 54, -1, 23, 24, 56, 55, -1, 24, 25, 57, 56, -1, 25, 26, 58, 57, -1, 26, 27, 59, 58, -1, 27, 28, 60, 59, -1, 28, 29, 61, 60, -1, 29, 30, 62, 61, -1, 30, 31, 63, 62, -1, 31, 0, 32, 63, -1 ] } }
Shape { appearance Appearance { material Material { diffuseColor 0.035 0.04 0.045 specularColor 0.25 0.25 0.25 shininess 0.3 } } geometry IndexedFaceSet { solid TRUE coord Coordinate { point [ 0.141732 -6.000000 4.372047, 0.139009 -5.972349 4.372047, 0.130944 -5.945761 4.372047, 0.117846 -5.921258 4.372047, 0.100220 -5.899780 4.372047, 0.078742 -5.882154 4.372047, 0.054239 -5.869056 4.372047, 0.027651 -5.860991 4.372047, 0.000000 -5.858268 4.372047, -0.027651 -5.860991 4.372047, -0.054239 -5.869056 4.372047, -0.078742 -5.882154 4.372047, -0.100220 -5.899780 4.372047, -0.117846 -5.921258 4.372047, -0.130944 -5.945761 4.372047, -0.139009 -5.972349 4.372047, -0.141732 -6.000000 4.372047, -0.139009 -6.027651 4.372047, -0.130944 -6.054239 4.372047, -0.117846 -6.078742 4.372047, -0.100220 -6.100220 4.372047, -0.078742 -6.117846 4.372047, -0.054239 -6.130944 4.372047, -0.027651 -6.139009 4.372047, -0.000000 -6.141732 4.372047, 0.027651 -6.139009 4.372047, 0.054239 -6.130944 4.372047, 0.078742 -6.117846 4.372047, 0.100220 -6.100220 4.372047, 0.117846 -6.078742 4.372047, 0.130944 -6.054239 4.372047, 0.139009 -6.027651 4.372047, 0.141732 -6.000000 4.391732, 0.139009 -5.972349 4.391732, 0.130944 -5.945761 4.391732, 0.117846 -5.921258 4.391732, 0.100220 -5.899780 4.391732, 0.078742 -5.882154 4.391732, 0.054239 -5.869056 4.391732, 0.027651 -5.860991 4.391732, 0.000000 -5.858268 4.391732, -0.027651 -5.860991 4.391732, -0.054239 -5.869056 4.391732, -0.078742 -5.882154 4.391732, -0.100220 -5.899780 4.391732, -0.117846 -5.921258 4.391732, -0.130944 -5.945761 4.391732, -0.139009 -5.972349 4.391732, -0.141732 -6.000000 4.391732, -0.139009 -6.027651 4.391732, -0.130944 -6.054239 4.391732, -0.117846 -6.078742 4.391732, -0.100220 -6.100220 4.391732, -0.078742 -6.117846 4.391732, -0.054239 -6.130944 4.391732, -0.027651 -6.139009 4.391732, -0.000000 -6.141732 4.391732, 0.027651 -6.139009 4.391732, 0.054239 -6.130944 4.391732, 0.078742 -6.117846 4.391732, 0.100220 -6.100220 4.391732, 0.117846 -6.078742 4.391732, 0.130944 -6.054239 4.391732, 0.139009 -6.027651 4.391732 ] } coordIndex [ 31, 30, 29, 28, 27, 26, 25, 24, 23, 22, 21, 20, 19, 18, 17, 16, 15, 14, 13, 12, 11, 10, 9, 8, 7, 6, 5, 4, 3, 2, 1, 0, -1, 32, 33, 34, 35, 36, 37, 38, 39, 40, 41, 42, 43, 44, 45, 46, 47, 48, 49, 50, 51, 52, 53, 54, 55, 56, 57, 58, 59, 60, 61, 62, 63, -1, 0, 1, 33, 32, -1, 1, 2, 34, 33, -1, 2, 3, 35, 34, -1, 3, 4, 36, 35, -1, 4, 5, 37, 36, -1, 5, 6, 38, 37, -1, 6, 7, 39, 38, -1, 7, 8, 40, 39, -1, 8, 9, 41, 40, -1, 9, 10, 42, 41, -1, 10, 11, 43, 42, -1, 11, 12, 44, 43, -1, 12, 13, 45, 44, -1, 13, 14, 46, 45, -1, 14, 15, 47, 46, -1, 15, 16, 48, 47, -1, 16, 17, 49, 48, -1, 17, 18, 50, 49, -1, 18, 19, 51, 50, -1, 19, 20, 52, 51, -1, 20, 21, 53, 52, -1, 21, 22, 54, 53, -1, 22, 23, 55, 54, -1, 23, 24, 56, 55, -1, 24, 25, 57, 56, -1, 25, 26, 58, 57, -1, 26, 27, 59, 58, -1, 27, 28, 60, 59, -1, 28, 29, 61, 60, -1, 29, 30, 62, 61, -1, 30, 31, 63, 62, -1, 31, 0, 32, 63, -1 ] } }
Shape { appearance Appearance { material Material { diffuseColor 0.76 0.58 0.19 specularColor 0.25 0.25 0.25 shininess 0.3 } } geometry IndexedFaceSet { solid TRUE coord Coordinate { point [ 0.354331 -7.000000 4.334646, 0.347522 -6.930874 4.334646, 0.327359 -6.864404 4.334646, 0.294615 -6.803144 4.334646, 0.250550 -6.749450 4.334646, 0.196856 -6.705385 4.334646, 0.135596 -6.672641 4.334646, 0.069126 -6.652478 4.334646, 0.000000 -6.645669 4.334646, -0.069126 -6.652478 4.334646, -0.135596 -6.672641 4.334646, -0.196856 -6.705385 4.334646, -0.250550 -6.749450 4.334646, -0.294615 -6.803144 4.334646, -0.327359 -6.864404 4.334646, -0.347522 -6.930874 4.334646, -0.354331 -7.000000 4.334646, -0.347522 -7.069126 4.334646, -0.327359 -7.135596 4.334646, -0.294615 -7.196856 4.334646, -0.250550 -7.250550 4.334646, -0.196856 -7.294615 4.334646, -0.135596 -7.327359 4.334646, -0.069126 -7.347522 4.334646, -0.000000 -7.354331 4.334646, 0.069126 -7.347522 4.334646, 0.135596 -7.327359 4.334646, 0.196856 -7.294615 4.334646, 0.250550 -7.250550 4.334646, 0.294615 -7.196856 4.334646, 0.327359 -7.135596 4.334646, 0.347522 -7.069126 4.334646, 0.354331 -7.000000 4.374016, 0.347522 -6.930874 4.374016, 0.327359 -6.864404 4.374016, 0.294615 -6.803144 4.374016, 0.250550 -6.749450 4.374016, 0.196856 -6.705385 4.374016, 0.135596 -6.672641 4.374016, 0.069126 -6.652478 4.374016, 0.000000 -6.645669 4.374016, -0.069126 -6.652478 4.374016, -0.135596 -6.672641 4.374016, -0.196856 -6.705385 4.374016, -0.250550 -6.749450 4.374016, -0.294615 -6.803144 4.374016, -0.327359 -6.864404 4.374016, -0.347522 -6.930874 4.374016, -0.354331 -7.000000 4.374016, -0.347522 -7.069126 4.374016, -0.327359 -7.135596 4.374016, -0.294615 -7.196856 4.374016, -0.250550 -7.250550 4.374016, -0.196856 -7.294615 4.374016, -0.135596 -7.327359 4.374016, -0.069126 -7.347522 4.374016, -0.000000 -7.354331 4.374016, 0.069126 -7.347522 4.374016, 0.135596 -7.327359 4.374016, 0.196856 -7.294615 4.374016, 0.250550 -7.250550 4.374016, 0.294615 -7.196856 4.374016, 0.327359 -7.135596 4.374016, 0.347522 -7.069126 4.374016 ] } coordIndex [ 31, 30, 29, 28, 27, 26, 25, 24, 23, 22, 21, 20, 19, 18, 17, 16, 15, 14, 13, 12, 11, 10, 9, 8, 7, 6, 5, 4, 3, 2, 1, 0, -1, 32, 33, 34, 35, 36, 37, 38, 39, 40, 41, 42, 43, 44, 45, 46, 47, 48, 49, 50, 51, 52, 53, 54, 55, 56, 57, 58, 59, 60, 61, 62, 63, -1, 0, 1, 33, 32, -1, 1, 2, 34, 33, -1, 2, 3, 35, 34, -1, 3, 4, 36, 35, -1, 4, 5, 37, 36, -1, 5, 6, 38, 37, -1, 6, 7, 39, 38, -1, 7, 8, 40, 39, -1, 8, 9, 41, 40, -1, 9, 10, 42, 41, -1, 10, 11, 43, 42, -1, 11, 12, 44, 43, -1, 12, 13, 45, 44, -1, 13, 14, 46, 45, -1, 14, 15, 47, 46, -1, 15, 16, 48, 47, -1, 16, 17, 49, 48, -1, 17, 18, 50, 49, -1, 18, 19, 51, 50, -1, 19, 20, 52, 51, -1, 20, 21, 53, 52, -1, 21, 22, 54, 53, -1, 22, 23, 55, 54, -1, 23, 24, 56, 55, -1, 24, 25, 57, 56, -1, 25, 26, 58, 57, -1, 26, 27, 59, 58, -1, 27, 28, 60, 59, -1, 28, 29, 61, 60, -1, 29, 30, 62, 61, -1, 30, 31, 63, 62, -1, 31, 0, 32, 63, -1 ] } }
Shape { appearance Appearance { material Material { diffuseColor 0.035 0.04 0.045 specularColor 0.25 0.25 0.25 shininess 0.3 } } geometry IndexedFaceSet { solid TRUE coord Coordinate { point [ 0.141732 -7.000000 4.372047, 0.139009 -6.972349 4.372047, 0.130944 -6.945761 4.372047, 0.117846 -6.921258 4.372047, 0.100220 -6.899780 4.372047, 0.078742 -6.882154 4.372047, 0.054239 -6.869056 4.372047, 0.027651 -6.860991 4.372047, 0.000000 -6.858268 4.372047, -0.027651 -6.860991 4.372047, -0.054239 -6.869056 4.372047, -0.078742 -6.882154 4.372047, -0.100220 -6.899780 4.372047, -0.117846 -6.921258 4.372047, -0.130944 -6.945761 4.372047, -0.139009 -6.972349 4.372047, -0.141732 -7.000000 4.372047, -0.139009 -7.027651 4.372047, -0.130944 -7.054239 4.372047, -0.117846 -7.078742 4.372047, -0.100220 -7.100220 4.372047, -0.078742 -7.117846 4.372047, -0.054239 -7.130944 4.372047, -0.027651 -7.139009 4.372047, -0.000000 -7.141732 4.372047, 0.027651 -7.139009 4.372047, 0.054239 -7.130944 4.372047, 0.078742 -7.117846 4.372047, 0.100220 -7.100220 4.372047, 0.117846 -7.078742 4.372047, 0.130944 -7.054239 4.372047, 0.139009 -7.027651 4.372047, 0.141732 -7.000000 4.391732, 0.139009 -6.972349 4.391732, 0.130944 -6.945761 4.391732, 0.117846 -6.921258 4.391732, 0.100220 -6.899780 4.391732, 0.078742 -6.882154 4.391732, 0.054239 -6.869056 4.391732, 0.027651 -6.860991 4.391732, 0.000000 -6.858268 4.391732, -0.027651 -6.860991 4.391732, -0.054239 -6.869056 4.391732, -0.078742 -6.882154 4.391732, -0.100220 -6.899780 4.391732, -0.117846 -6.921258 4.391732, -0.130944 -6.945761 4.391732, -0.139009 -6.972349 4.391732, -0.141732 -7.000000 4.391732, -0.139009 -7.027651 4.391732, -0.130944 -7.054239 4.391732, -0.117846 -7.078742 4.391732, -0.100220 -7.100220 4.391732, -0.078742 -7.117846 4.391732, -0.054239 -7.130944 4.391732, -0.027651 -7.139009 4.391732, -0.000000 -7.141732 4.391732, 0.027651 -7.139009 4.391732, 0.054239 -7.130944 4.391732, 0.078742 -7.117846 4.391732, 0.100220 -7.100220 4.391732, 0.117846 -7.078742 4.391732, 0.130944 -7.054239 4.391732, 0.139009 -7.027651 4.391732 ] } coordIndex [ 31, 30, 29, 28, 27, 26, 25, 24, 23, 22, 21, 20, 19, 18, 17, 16, 15, 14, 13, 12, 11, 10, 9, 8, 7, 6, 5, 4, 3, 2, 1, 0, -1, 32, 33, 34, 35, 36, 37, 38, 39, 40, 41, 42, 43, 44, 45, 46, 47, 48, 49, 50, 51, 52, 53, 54, 55, 56, 57, 58, 59, 60, 61, 62, 63, -1, 0, 1, 33, 32, -1, 1, 2, 34, 33, -1, 2, 3, 35, 34, -1, 3, 4, 36, 35, -1, 4, 5, 37, 36, -1, 5, 6, 38, 37, -1, 6, 7, 39, 38, -1, 7, 8, 40, 39, -1, 8, 9, 41, 40, -1, 9, 10, 42, 41, -1, 10, 11, 43, 42, -1, 11, 12, 44, 43, -1, 12, 13, 45, 44, -1, 13, 14, 46, 45, -1, 14, 15, 47, 46, -1, 15, 16, 48, 47, -1, 16, 17, 49, 48, -1, 17, 18, 50, 49, -1, 18, 19, 51, 50, -1, 19, 20, 52, 51, -1, 20, 21, 53, 52, -1, 21, 22, 54, 53, -1, 22, 23, 55, 54, -1, 23, 24, 56, 55, -1, 24, 25, 57, 56, -1, 25, 26, 58, 57, -1, 26, 27, 59, 58, -1, 27, 28, 60, 59, -1, 28, 29, 61, 60, -1, 29, 30, 62, 61, -1, 30, 31, 63, 62, -1, 31, 0, 32, 63, -1 ] } }
Shape { appearance Appearance { material Material { diffuseColor 0.76 0.58 0.19 specularColor 0.25 0.25 0.25 shininess 0.3 } } geometry IndexedFaceSet { solid TRUE coord Coordinate { point [ 0.354331 -8.000000 4.334646, 0.347522 -7.930874 4.334646, 0.327359 -7.864404 4.334646, 0.294615 -7.803144 4.334646, 0.250550 -7.749450 4.334646, 0.196856 -7.705385 4.334646, 0.135596 -7.672641 4.334646, 0.069126 -7.652478 4.334646, 0.000000 -7.645669 4.334646, -0.069126 -7.652478 4.334646, -0.135596 -7.672641 4.334646, -0.196856 -7.705385 4.334646, -0.250550 -7.749450 4.334646, -0.294615 -7.803144 4.334646, -0.327359 -7.864404 4.334646, -0.347522 -7.930874 4.334646, -0.354331 -8.000000 4.334646, -0.347522 -8.069126 4.334646, -0.327359 -8.135596 4.334646, -0.294615 -8.196856 4.334646, -0.250550 -8.250550 4.334646, -0.196856 -8.294615 4.334646, -0.135596 -8.327359 4.334646, -0.069126 -8.347522 4.334646, -0.000000 -8.354331 4.334646, 0.069126 -8.347522 4.334646, 0.135596 -8.327359 4.334646, 0.196856 -8.294615 4.334646, 0.250550 -8.250550 4.334646, 0.294615 -8.196856 4.334646, 0.327359 -8.135596 4.334646, 0.347522 -8.069126 4.334646, 0.354331 -8.000000 4.374016, 0.347522 -7.930874 4.374016, 0.327359 -7.864404 4.374016, 0.294615 -7.803144 4.374016, 0.250550 -7.749450 4.374016, 0.196856 -7.705385 4.374016, 0.135596 -7.672641 4.374016, 0.069126 -7.652478 4.374016, 0.000000 -7.645669 4.374016, -0.069126 -7.652478 4.374016, -0.135596 -7.672641 4.374016, -0.196856 -7.705385 4.374016, -0.250550 -7.749450 4.374016, -0.294615 -7.803144 4.374016, -0.327359 -7.864404 4.374016, -0.347522 -7.930874 4.374016, -0.354331 -8.000000 4.374016, -0.347522 -8.069126 4.374016, -0.327359 -8.135596 4.374016, -0.294615 -8.196856 4.374016, -0.250550 -8.250550 4.374016, -0.196856 -8.294615 4.374016, -0.135596 -8.327359 4.374016, -0.069126 -8.347522 4.374016, -0.000000 -8.354331 4.374016, 0.069126 -8.347522 4.374016, 0.135596 -8.327359 4.374016, 0.196856 -8.294615 4.374016, 0.250550 -8.250550 4.374016, 0.294615 -8.196856 4.374016, 0.327359 -8.135596 4.374016, 0.347522 -8.069126 4.374016 ] } coordIndex [ 31, 30, 29, 28, 27, 26, 25, 24, 23, 22, 21, 20, 19, 18, 17, 16, 15, 14, 13, 12, 11, 10, 9, 8, 7, 6, 5, 4, 3, 2, 1, 0, -1, 32, 33, 34, 35, 36, 37, 38, 39, 40, 41, 42, 43, 44, 45, 46, 47, 48, 49, 50, 51, 52, 53, 54, 55, 56, 57, 58, 59, 60, 61, 62, 63, -1, 0, 1, 33, 32, -1, 1, 2, 34, 33, -1, 2, 3, 35, 34, -1, 3, 4, 36, 35, -1, 4, 5, 37, 36, -1, 5, 6, 38, 37, -1, 6, 7, 39, 38, -1, 7, 8, 40, 39, -1, 8, 9, 41, 40, -1, 9, 10, 42, 41, -1, 10, 11, 43, 42, -1, 11, 12, 44, 43, -1, 12, 13, 45, 44, -1, 13, 14, 46, 45, -1, 14, 15, 47, 46, -1, 15, 16, 48, 47, -1, 16, 17, 49, 48, -1, 17, 18, 50, 49, -1, 18, 19, 51, 50, -1, 19, 20, 52, 51, -1, 20, 21, 53, 52, -1, 21, 22, 54, 53, -1, 22, 23, 55, 54, -1, 23, 24, 56, 55, -1, 24, 25, 57, 56, -1, 25, 26, 58, 57, -1, 26, 27, 59, 58, -1, 27, 28, 60, 59, -1, 28, 29, 61, 60, -1, 29, 30, 62, 61, -1, 30, 31, 63, 62, -1, 31, 0, 32, 63, -1 ] } }
Shape { appearance Appearance { material Material { diffuseColor 0.035 0.04 0.045 specularColor 0.25 0.25 0.25 shininess 0.3 } } geometry IndexedFaceSet { solid TRUE coord Coordinate { point [ 0.141732 -8.000000 4.372047, 0.139009 -7.972349 4.372047, 0.130944 -7.945761 4.372047, 0.117846 -7.921258 4.372047, 0.100220 -7.899780 4.372047, 0.078742 -7.882154 4.372047, 0.054239 -7.869056 4.372047, 0.027651 -7.860991 4.372047, 0.000000 -7.858268 4.372047, -0.027651 -7.860991 4.372047, -0.054239 -7.869056 4.372047, -0.078742 -7.882154 4.372047, -0.100220 -7.899780 4.372047, -0.117846 -7.921258 4.372047, -0.130944 -7.945761 4.372047, -0.139009 -7.972349 4.372047, -0.141732 -8.000000 4.372047, -0.139009 -8.027651 4.372047, -0.130944 -8.054239 4.372047, -0.117846 -8.078742 4.372047, -0.100220 -8.100220 4.372047, -0.078742 -8.117846 4.372047, -0.054239 -8.130944 4.372047, -0.027651 -8.139009 4.372047, -0.000000 -8.141732 4.372047, 0.027651 -8.139009 4.372047, 0.054239 -8.130944 4.372047, 0.078742 -8.117846 4.372047, 0.100220 -8.100220 4.372047, 0.117846 -8.078742 4.372047, 0.130944 -8.054239 4.372047, 0.139009 -8.027651 4.372047, 0.141732 -8.000000 4.391732, 0.139009 -7.972349 4.391732, 0.130944 -7.945761 4.391732, 0.117846 -7.921258 4.391732, 0.100220 -7.899780 4.391732, 0.078742 -7.882154 4.391732, 0.054239 -7.869056 4.391732, 0.027651 -7.860991 4.391732, 0.000000 -7.858268 4.391732, -0.027651 -7.860991 4.391732, -0.054239 -7.869056 4.391732, -0.078742 -7.882154 4.391732, -0.100220 -7.899780 4.391732, -0.117846 -7.921258 4.391732, -0.130944 -7.945761 4.391732, -0.139009 -7.972349 4.391732, -0.141732 -8.000000 4.391732, -0.139009 -8.027651 4.391732, -0.130944 -8.054239 4.391732, -0.117846 -8.078742 4.391732, -0.100220 -8.100220 4.391732, -0.078742 -8.117846 4.391732, -0.054239 -8.130944 4.391732, -0.027651 -8.139009 4.391732, -0.000000 -8.141732 4.391732, 0.027651 -8.139009 4.391732, 0.054239 -8.130944 4.391732, 0.078742 -8.117846 4.391732, 0.100220 -8.100220 4.391732, 0.117846 -8.078742 4.391732, 0.130944 -8.054239 4.391732, 0.139009 -8.027651 4.391732 ] } coordIndex [ 31, 30, 29, 28, 27, 26, 25, 24, 23, 22, 21, 20, 19, 18, 17, 16, 15, 14, 13, 12, 11, 10, 9, 8, 7, 6, 5, 4, 3, 2, 1, 0, -1, 32, 33, 34, 35, 36, 37, 38, 39, 40, 41, 42, 43, 44, 45, 46, 47, 48, 49, 50, 51, 52, 53, 54, 55, 56, 57, 58, 59, 60, 61, 62, 63, -1, 0, 1, 33, 32, -1, 1, 2, 34, 33, -1, 2, 3, 35, 34, -1, 3, 4, 36, 35, -1, 4, 5, 37, 36, -1, 5, 6, 38, 37, -1, 6, 7, 39, 38, -1, 7, 8, 40, 39, -1, 8, 9, 41, 40, -1, 9, 10, 42, 41, -1, 10, 11, 43, 42, -1, 11, 12, 44, 43, -1, 12, 13, 45, 44, -1, 13, 14, 46, 45, -1, 14, 15, 47, 46, -1, 15, 16, 48, 47, -1, 16, 17, 49, 48, -1, 17, 18, 50, 49, -1, 18, 19, 51, 50, -1, 19, 20, 52, 51, -1, 20, 21, 53, 52, -1, 21, 22, 54, 53, -1, 22, 23, 55, 54, -1, 23, 24, 56, 55, -1, 24, 25, 57, 56, -1, 25, 26, 58, 57, -1, 26, 27, 59, 58, -1, 27, 28, 60, 59, -1, 28, 29, 61, 60, -1, 29, 30, 62, 61, -1, 30, 31, 63, 62, -1, 31, 0, 32, 63, -1 ] } }
Shape { appearance Appearance { material Material { diffuseColor 0.76 0.58 0.19 specularColor 0.25 0.25 0.25 shininess 0.3 } } geometry IndexedFaceSet { solid TRUE coord Coordinate { point [ 0.354331 -9.000000 4.334646, 0.347522 -8.930874 4.334646, 0.327359 -8.864404 4.334646, 0.294615 -8.803144 4.334646, 0.250550 -8.749450 4.334646, 0.196856 -8.705385 4.334646, 0.135596 -8.672641 4.334646, 0.069126 -8.652478 4.334646, 0.000000 -8.645669 4.334646, -0.069126 -8.652478 4.334646, -0.135596 -8.672641 4.334646, -0.196856 -8.705385 4.334646, -0.250550 -8.749450 4.334646, -0.294615 -8.803144 4.334646, -0.327359 -8.864404 4.334646, -0.347522 -8.930874 4.334646, -0.354331 -9.000000 4.334646, -0.347522 -9.069126 4.334646, -0.327359 -9.135596 4.334646, -0.294615 -9.196856 4.334646, -0.250550 -9.250550 4.334646, -0.196856 -9.294615 4.334646, -0.135596 -9.327359 4.334646, -0.069126 -9.347522 4.334646, -0.000000 -9.354331 4.334646, 0.069126 -9.347522 4.334646, 0.135596 -9.327359 4.334646, 0.196856 -9.294615 4.334646, 0.250550 -9.250550 4.334646, 0.294615 -9.196856 4.334646, 0.327359 -9.135596 4.334646, 0.347522 -9.069126 4.334646, 0.354331 -9.000000 4.374016, 0.347522 -8.930874 4.374016, 0.327359 -8.864404 4.374016, 0.294615 -8.803144 4.374016, 0.250550 -8.749450 4.374016, 0.196856 -8.705385 4.374016, 0.135596 -8.672641 4.374016, 0.069126 -8.652478 4.374016, 0.000000 -8.645669 4.374016, -0.069126 -8.652478 4.374016, -0.135596 -8.672641 4.374016, -0.196856 -8.705385 4.374016, -0.250550 -8.749450 4.374016, -0.294615 -8.803144 4.374016, -0.327359 -8.864404 4.374016, -0.347522 -8.930874 4.374016, -0.354331 -9.000000 4.374016, -0.347522 -9.069126 4.374016, -0.327359 -9.135596 4.374016, -0.294615 -9.196856 4.374016, -0.250550 -9.250550 4.374016, -0.196856 -9.294615 4.374016, -0.135596 -9.327359 4.374016, -0.069126 -9.347522 4.374016, -0.000000 -9.354331 4.374016, 0.069126 -9.347522 4.374016, 0.135596 -9.327359 4.374016, 0.196856 -9.294615 4.374016, 0.250550 -9.250550 4.374016, 0.294615 -9.196856 4.374016, 0.327359 -9.135596 4.374016, 0.347522 -9.069126 4.374016 ] } coordIndex [ 31, 30, 29, 28, 27, 26, 25, 24, 23, 22, 21, 20, 19, 18, 17, 16, 15, 14, 13, 12, 11, 10, 9, 8, 7, 6, 5, 4, 3, 2, 1, 0, -1, 32, 33, 34, 35, 36, 37, 38, 39, 40, 41, 42, 43, 44, 45, 46, 47, 48, 49, 50, 51, 52, 53, 54, 55, 56, 57, 58, 59, 60, 61, 62, 63, -1, 0, 1, 33, 32, -1, 1, 2, 34, 33, -1, 2, 3, 35, 34, -1, 3, 4, 36, 35, -1, 4, 5, 37, 36, -1, 5, 6, 38, 37, -1, 6, 7, 39, 38, -1, 7, 8, 40, 39, -1, 8, 9, 41, 40, -1, 9, 10, 42, 41, -1, 10, 11, 43, 42, -1, 11, 12, 44, 43, -1, 12, 13, 45, 44, -1, 13, 14, 46, 45, -1, 14, 15, 47, 46, -1, 15, 16, 48, 47, -1, 16, 17, 49, 48, -1, 17, 18, 50, 49, -1, 18, 19, 51, 50, -1, 19, 20, 52, 51, -1, 20, 21, 53, 52, -1, 21, 22, 54, 53, -1, 22, 23, 55, 54, -1, 23, 24, 56, 55, -1, 24, 25, 57, 56, -1, 25, 26, 58, 57, -1, 26, 27, 59, 58, -1, 27, 28, 60, 59, -1, 28, 29, 61, 60, -1, 29, 30, 62, 61, -1, 30, 31, 63, 62, -1, 31, 0, 32, 63, -1 ] } }
Shape { appearance Appearance { material Material { diffuseColor 0.035 0.04 0.045 specularColor 0.25 0.25 0.25 shininess 0.3 } } geometry IndexedFaceSet { solid TRUE coord Coordinate { point [ 0.141732 -9.000000 4.372047, 0.139009 -8.972349 4.372047, 0.130944 -8.945761 4.372047, 0.117846 -8.921258 4.372047, 0.100220 -8.899780 4.372047, 0.078742 -8.882154 4.372047, 0.054239 -8.869056 4.372047, 0.027651 -8.860991 4.372047, 0.000000 -8.858268 4.372047, -0.027651 -8.860991 4.372047, -0.054239 -8.869056 4.372047, -0.078742 -8.882154 4.372047, -0.100220 -8.899780 4.372047, -0.117846 -8.921258 4.372047, -0.130944 -8.945761 4.372047, -0.139009 -8.972349 4.372047, -0.141732 -9.000000 4.372047, -0.139009 -9.027651 4.372047, -0.130944 -9.054239 4.372047, -0.117846 -9.078742 4.372047, -0.100220 -9.100220 4.372047, -0.078742 -9.117846 4.372047, -0.054239 -9.130944 4.372047, -0.027651 -9.139009 4.372047, -0.000000 -9.141732 4.372047, 0.027651 -9.139009 4.372047, 0.054239 -9.130944 4.372047, 0.078742 -9.117846 4.372047, 0.100220 -9.100220 4.372047, 0.117846 -9.078742 4.372047, 0.130944 -9.054239 4.372047, 0.139009 -9.027651 4.372047, 0.141732 -9.000000 4.391732, 0.139009 -8.972349 4.391732, 0.130944 -8.945761 4.391732, 0.117846 -8.921258 4.391732, 0.100220 -8.899780 4.391732, 0.078742 -8.882154 4.391732, 0.054239 -8.869056 4.391732, 0.027651 -8.860991 4.391732, 0.000000 -8.858268 4.391732, -0.027651 -8.860991 4.391732, -0.054239 -8.869056 4.391732, -0.078742 -8.882154 4.391732, -0.100220 -8.899780 4.391732, -0.117846 -8.921258 4.391732, -0.130944 -8.945761 4.391732, -0.139009 -8.972349 4.391732, -0.141732 -9.000000 4.391732, -0.139009 -9.027651 4.391732, -0.130944 -9.054239 4.391732, -0.117846 -9.078742 4.391732, -0.100220 -9.100220 4.391732, -0.078742 -9.117846 4.391732, -0.054239 -9.130944 4.391732, -0.027651 -9.139009 4.391732, -0.000000 -9.141732 4.391732, 0.027651 -9.139009 4.391732, 0.054239 -9.130944 4.391732, 0.078742 -9.117846 4.391732, 0.100220 -9.100220 4.391732, 0.117846 -9.078742 4.391732, 0.130944 -9.054239 4.391732, 0.139009 -9.027651 4.391732 ] } coordIndex [ 31, 30, 29, 28, 27, 26, 25, 24, 23, 22, 21, 20, 19, 18, 17, 16, 15, 14, 13, 12, 11, 10, 9, 8, 7, 6, 5, 4, 3, 2, 1, 0, -1, 32, 33, 34, 35, 36, 37, 38, 39, 40, 41, 42, 43, 44, 45, 46, 47, 48, 49, 50, 51, 52, 53, 54, 55, 56, 57, 58, 59, 60, 61, 62, 63, -1, 0, 1, 33, 32, -1, 1, 2, 34, 33, -1, 2, 3, 35, 34, -1, 3, 4, 36, 35, -1, 4, 5, 37, 36, -1, 5, 6, 38, 37, -1, 6, 7, 39, 38, -1, 7, 8, 40, 39, -1, 8, 9, 41, 40, -1, 9, 10, 42, 41, -1, 10, 11, 43, 42, -1, 11, 12, 44, 43, -1, 12, 13, 45, 44, -1, 13, 14, 46, 45, -1, 14, 15, 47, 46, -1, 15, 16, 48, 47, -1, 16, 17, 49, 48, -1, 17, 18, 50, 49, -1, 18, 19, 51, 50, -1, 19, 20, 52, 51, -1, 20, 21, 53, 52, -1, 21, 22, 54, 53, -1, 22, 23, 55, 54, -1, 23, 24, 56, 55, -1, 24, 25, 57, 56, -1, 25, 26, 58, 57, -1, 26, 27, 59, 58, -1, 27, 28, 60, 59, -1, 28, 29, 61, 60, -1, 29, 30, 62, 61, -1, 30, 31, 63, 62, -1, 31, 0, 32, 63, -1 ] } }
Shape { appearance Appearance { material Material { diffuseColor 0.76 0.58 0.19 specularColor 0.25 0.25 0.25 shininess 0.3 } } geometry IndexedFaceSet { solid TRUE coord Coordinate { point [ 0.354331 -10.000000 4.334646, 0.347522 -9.930874 4.334646, 0.327359 -9.864404 4.334646, 0.294615 -9.803144 4.334646, 0.250550 -9.749450 4.334646, 0.196856 -9.705385 4.334646, 0.135596 -9.672641 4.334646, 0.069126 -9.652478 4.334646, 0.000000 -9.645669 4.334646, -0.069126 -9.652478 4.334646, -0.135596 -9.672641 4.334646, -0.196856 -9.705385 4.334646, -0.250550 -9.749450 4.334646, -0.294615 -9.803144 4.334646, -0.327359 -9.864404 4.334646, -0.347522 -9.930874 4.334646, -0.354331 -10.000000 4.334646, -0.347522 -10.069126 4.334646, -0.327359 -10.135596 4.334646, -0.294615 -10.196856 4.334646, -0.250550 -10.250550 4.334646, -0.196856 -10.294615 4.334646, -0.135596 -10.327359 4.334646, -0.069126 -10.347522 4.334646, -0.000000 -10.354331 4.334646, 0.069126 -10.347522 4.334646, 0.135596 -10.327359 4.334646, 0.196856 -10.294615 4.334646, 0.250550 -10.250550 4.334646, 0.294615 -10.196856 4.334646, 0.327359 -10.135596 4.334646, 0.347522 -10.069126 4.334646, 0.354331 -10.000000 4.374016, 0.347522 -9.930874 4.374016, 0.327359 -9.864404 4.374016, 0.294615 -9.803144 4.374016, 0.250550 -9.749450 4.374016, 0.196856 -9.705385 4.374016, 0.135596 -9.672641 4.374016, 0.069126 -9.652478 4.374016, 0.000000 -9.645669 4.374016, -0.069126 -9.652478 4.374016, -0.135596 -9.672641 4.374016, -0.196856 -9.705385 4.374016, -0.250550 -9.749450 4.374016, -0.294615 -9.803144 4.374016, -0.327359 -9.864404 4.374016, -0.347522 -9.930874 4.374016, -0.354331 -10.000000 4.374016, -0.347522 -10.069126 4.374016, -0.327359 -10.135596 4.374016, -0.294615 -10.196856 4.374016, -0.250550 -10.250550 4.374016, -0.196856 -10.294615 4.374016, -0.135596 -10.327359 4.374016, -0.069126 -10.347522 4.374016, -0.000000 -10.354331 4.374016, 0.069126 -10.347522 4.374016, 0.135596 -10.327359 4.374016, 0.196856 -10.294615 4.374016, 0.250550 -10.250550 4.374016, 0.294615 -10.196856 4.374016, 0.327359 -10.135596 4.374016, 0.347522 -10.069126 4.374016 ] } coordIndex [ 31, 30, 29, 28, 27, 26, 25, 24, 23, 22, 21, 20, 19, 18, 17, 16, 15, 14, 13, 12, 11, 10, 9, 8, 7, 6, 5, 4, 3, 2, 1, 0, -1, 32, 33, 34, 35, 36, 37, 38, 39, 40, 41, 42, 43, 44, 45, 46, 47, 48, 49, 50, 51, 52, 53, 54, 55, 56, 57, 58, 59, 60, 61, 62, 63, -1, 0, 1, 33, 32, -1, 1, 2, 34, 33, -1, 2, 3, 35, 34, -1, 3, 4, 36, 35, -1, 4, 5, 37, 36, -1, 5, 6, 38, 37, -1, 6, 7, 39, 38, -1, 7, 8, 40, 39, -1, 8, 9, 41, 40, -1, 9, 10, 42, 41, -1, 10, 11, 43, 42, -1, 11, 12, 44, 43, -1, 12, 13, 45, 44, -1, 13, 14, 46, 45, -1, 14, 15, 47, 46, -1, 15, 16, 48, 47, -1, 16, 17, 49, 48, -1, 17, 18, 50, 49, -1, 18, 19, 51, 50, -1, 19, 20, 52, 51, -1, 20, 21, 53, 52, -1, 21, 22, 54, 53, -1, 22, 23, 55, 54, -1, 23, 24, 56, 55, -1, 24, 25, 57, 56, -1, 25, 26, 58, 57, -1, 26, 27, 59, 58, -1, 27, 28, 60, 59, -1, 28, 29, 61, 60, -1, 29, 30, 62, 61, -1, 30, 31, 63, 62, -1, 31, 0, 32, 63, -1 ] } }
Shape { appearance Appearance { material Material { diffuseColor 0.035 0.04 0.045 specularColor 0.25 0.25 0.25 shininess 0.3 } } geometry IndexedFaceSet { solid TRUE coord Coordinate { point [ 0.141732 -10.000000 4.372047, 0.139009 -9.972349 4.372047, 0.130944 -9.945761 4.372047, 0.117846 -9.921258 4.372047, 0.100220 -9.899780 4.372047, 0.078742 -9.882154 4.372047, 0.054239 -9.869056 4.372047, 0.027651 -9.860991 4.372047, 0.000000 -9.858268 4.372047, -0.027651 -9.860991 4.372047, -0.054239 -9.869056 4.372047, -0.078742 -9.882154 4.372047, -0.100220 -9.899780 4.372047, -0.117846 -9.921258 4.372047, -0.130944 -9.945761 4.372047, -0.139009 -9.972349 4.372047, -0.141732 -10.000000 4.372047, -0.139009 -10.027651 4.372047, -0.130944 -10.054239 4.372047, -0.117846 -10.078742 4.372047, -0.100220 -10.100220 4.372047, -0.078742 -10.117846 4.372047, -0.054239 -10.130944 4.372047, -0.027651 -10.139009 4.372047, -0.000000 -10.141732 4.372047, 0.027651 -10.139009 4.372047, 0.054239 -10.130944 4.372047, 0.078742 -10.117846 4.372047, 0.100220 -10.100220 4.372047, 0.117846 -10.078742 4.372047, 0.130944 -10.054239 4.372047, 0.139009 -10.027651 4.372047, 0.141732 -10.000000 4.391732, 0.139009 -9.972349 4.391732, 0.130944 -9.945761 4.391732, 0.117846 -9.921258 4.391732, 0.100220 -9.899780 4.391732, 0.078742 -9.882154 4.391732, 0.054239 -9.869056 4.391732, 0.027651 -9.860991 4.391732, 0.000000 -9.858268 4.391732, -0.027651 -9.860991 4.391732, -0.054239 -9.869056 4.391732, -0.078742 -9.882154 4.391732, -0.100220 -9.899780 4.391732, -0.117846 -9.921258 4.391732, -0.130944 -9.945761 4.391732, -0.139009 -9.972349 4.391732, -0.141732 -10.000000 4.391732, -0.139009 -10.027651 4.391732, -0.130944 -10.054239 4.391732, -0.117846 -10.078742 4.391732, -0.100220 -10.100220 4.391732, -0.078742 -10.117846 4.391732, -0.054239 -10.130944 4.391732, -0.027651 -10.139009 4.391732, -0.000000 -10.141732 4.391732, 0.027651 -10.139009 4.391732, 0.054239 -10.130944 4.391732, 0.078742 -10.117846 4.391732, 0.100220 -10.100220 4.391732, 0.117846 -10.078742 4.391732, 0.130944 -10.054239 4.391732, 0.139009 -10.027651 4.391732 ] } coordIndex [ 31, 30, 29, 28, 27, 26, 25, 24, 23, 22, 21, 20, 19, 18, 17, 16, 15, 14, 13, 12, 11, 10, 9, 8, 7, 6, 5, 4, 3, 2, 1, 0, -1, 32, 33, 34, 35, 36, 37, 38, 39, 40, 41, 42, 43, 44, 45, 46, 47, 48, 49, 50, 51, 52, 53, 54, 55, 56, 57, 58, 59, 60, 61, 62, 63, -1, 0, 1, 33, 32, -1, 1, 2, 34, 33, -1, 2, 3, 35, 34, -1, 3, 4, 36, 35, -1, 4, 5, 37, 36, -1, 5, 6, 38, 37, -1, 6, 7, 39, 38, -1, 7, 8, 40, 39, -1, 8, 9, 41, 40, -1, 9, 10, 42, 41, -1, 10, 11, 43, 42, -1, 11, 12, 44, 43, -1, 12, 13, 45, 44, -1, 13, 14, 46, 45, -1, 14, 15, 47, 46, -1, 15, 16, 48, 47, -1, 16, 17, 49, 48, -1, 17, 18, 50, 49, -1, 18, 19, 51, 50, -1, 19, 20, 52, 51, -1, 20, 21, 53, 52, -1, 21, 22, 54, 53, -1, 22, 23, 55, 54, -1, 23, 24, 56, 55, -1, 24, 25, 57, 56, -1, 25, 26, 58, 57, -1, 26, 27, 59, 58, -1, 27, 28, 60, 59, -1, 28, 29, 61, 60, -1, 29, 30, 62, 61, -1, 30, 31, 63, 62, -1, 31, 0, 32, 63, -1 ] } }
Shape { appearance Appearance { material Material { diffuseColor 0.76 0.58 0.19 specularColor 0.25 0.25 0.25 shininess 0.3 } } geometry IndexedFaceSet { solid TRUE coord Coordinate { point [ 0.354331 -11.000000 4.334646, 0.347522 -10.930874 4.334646, 0.327359 -10.864404 4.334646, 0.294615 -10.803144 4.334646, 0.250550 -10.749450 4.334646, 0.196856 -10.705385 4.334646, 0.135596 -10.672641 4.334646, 0.069126 -10.652478 4.334646, 0.000000 -10.645669 4.334646, -0.069126 -10.652478 4.334646, -0.135596 -10.672641 4.334646, -0.196856 -10.705385 4.334646, -0.250550 -10.749450 4.334646, -0.294615 -10.803144 4.334646, -0.327359 -10.864404 4.334646, -0.347522 -10.930874 4.334646, -0.354331 -11.000000 4.334646, -0.347522 -11.069126 4.334646, -0.327359 -11.135596 4.334646, -0.294615 -11.196856 4.334646, -0.250550 -11.250550 4.334646, -0.196856 -11.294615 4.334646, -0.135596 -11.327359 4.334646, -0.069126 -11.347522 4.334646, -0.000000 -11.354331 4.334646, 0.069126 -11.347522 4.334646, 0.135596 -11.327359 4.334646, 0.196856 -11.294615 4.334646, 0.250550 -11.250550 4.334646, 0.294615 -11.196856 4.334646, 0.327359 -11.135596 4.334646, 0.347522 -11.069126 4.334646, 0.354331 -11.000000 4.374016, 0.347522 -10.930874 4.374016, 0.327359 -10.864404 4.374016, 0.294615 -10.803144 4.374016, 0.250550 -10.749450 4.374016, 0.196856 -10.705385 4.374016, 0.135596 -10.672641 4.374016, 0.069126 -10.652478 4.374016, 0.000000 -10.645669 4.374016, -0.069126 -10.652478 4.374016, -0.135596 -10.672641 4.374016, -0.196856 -10.705385 4.374016, -0.250550 -10.749450 4.374016, -0.294615 -10.803144 4.374016, -0.327359 -10.864404 4.374016, -0.347522 -10.930874 4.374016, -0.354331 -11.000000 4.374016, -0.347522 -11.069126 4.374016, -0.327359 -11.135596 4.374016, -0.294615 -11.196856 4.374016, -0.250550 -11.250550 4.374016, -0.196856 -11.294615 4.374016, -0.135596 -11.327359 4.374016, -0.069126 -11.347522 4.374016, -0.000000 -11.354331 4.374016, 0.069126 -11.347522 4.374016, 0.135596 -11.327359 4.374016, 0.196856 -11.294615 4.374016, 0.250550 -11.250550 4.374016, 0.294615 -11.196856 4.374016, 0.327359 -11.135596 4.374016, 0.347522 -11.069126 4.374016 ] } coordIndex [ 31, 30, 29, 28, 27, 26, 25, 24, 23, 22, 21, 20, 19, 18, 17, 16, 15, 14, 13, 12, 11, 10, 9, 8, 7, 6, 5, 4, 3, 2, 1, 0, -1, 32, 33, 34, 35, 36, 37, 38, 39, 40, 41, 42, 43, 44, 45, 46, 47, 48, 49, 50, 51, 52, 53, 54, 55, 56, 57, 58, 59, 60, 61, 62, 63, -1, 0, 1, 33, 32, -1, 1, 2, 34, 33, -1, 2, 3, 35, 34, -1, 3, 4, 36, 35, -1, 4, 5, 37, 36, -1, 5, 6, 38, 37, -1, 6, 7, 39, 38, -1, 7, 8, 40, 39, -1, 8, 9, 41, 40, -1, 9, 10, 42, 41, -1, 10, 11, 43, 42, -1, 11, 12, 44, 43, -1, 12, 13, 45, 44, -1, 13, 14, 46, 45, -1, 14, 15, 47, 46, -1, 15, 16, 48, 47, -1, 16, 17, 49, 48, -1, 17, 18, 50, 49, -1, 18, 19, 51, 50, -1, 19, 20, 52, 51, -1, 20, 21, 53, 52, -1, 21, 22, 54, 53, -1, 22, 23, 55, 54, -1, 23, 24, 56, 55, -1, 24, 25, 57, 56, -1, 25, 26, 58, 57, -1, 26, 27, 59, 58, -1, 27, 28, 60, 59, -1, 28, 29, 61, 60, -1, 29, 30, 62, 61, -1, 30, 31, 63, 62, -1, 31, 0, 32, 63, -1 ] } }
Shape { appearance Appearance { material Material { diffuseColor 0.035 0.04 0.045 specularColor 0.25 0.25 0.25 shininess 0.3 } } geometry IndexedFaceSet { solid TRUE coord Coordinate { point [ 0.141732 -11.000000 4.372047, 0.139009 -10.972349 4.372047, 0.130944 -10.945761 4.372047, 0.117846 -10.921258 4.372047, 0.100220 -10.899780 4.372047, 0.078742 -10.882154 4.372047, 0.054239 -10.869056 4.372047, 0.027651 -10.860991 4.372047, 0.000000 -10.858268 4.372047, -0.027651 -10.860991 4.372047, -0.054239 -10.869056 4.372047, -0.078742 -10.882154 4.372047, -0.100220 -10.899780 4.372047, -0.117846 -10.921258 4.372047, -0.130944 -10.945761 4.372047, -0.139009 -10.972349 4.372047, -0.141732 -11.000000 4.372047, -0.139009 -11.027651 4.372047, -0.130944 -11.054239 4.372047, -0.117846 -11.078742 4.372047, -0.100220 -11.100220 4.372047, -0.078742 -11.117846 4.372047, -0.054239 -11.130944 4.372047, -0.027651 -11.139009 4.372047, -0.000000 -11.141732 4.372047, 0.027651 -11.139009 4.372047, 0.054239 -11.130944 4.372047, 0.078742 -11.117846 4.372047, 0.100220 -11.100220 4.372047, 0.117846 -11.078742 4.372047, 0.130944 -11.054239 4.372047, 0.139009 -11.027651 4.372047, 0.141732 -11.000000 4.391732, 0.139009 -10.972349 4.391732, 0.130944 -10.945761 4.391732, 0.117846 -10.921258 4.391732, 0.100220 -10.899780 4.391732, 0.078742 -10.882154 4.391732, 0.054239 -10.869056 4.391732, 0.027651 -10.860991 4.391732, 0.000000 -10.858268 4.391732, -0.027651 -10.860991 4.391732, -0.054239 -10.869056 4.391732, -0.078742 -10.882154 4.391732, -0.100220 -10.899780 4.391732, -0.117846 -10.921258 4.391732, -0.130944 -10.945761 4.391732, -0.139009 -10.972349 4.391732, -0.141732 -11.000000 4.391732, -0.139009 -11.027651 4.391732, -0.130944 -11.054239 4.391732, -0.117846 -11.078742 4.391732, -0.100220 -11.100220 4.391732, -0.078742 -11.117846 4.391732, -0.054239 -11.130944 4.391732, -0.027651 -11.139009 4.391732, -0.000000 -11.141732 4.391732, 0.027651 -11.139009 4.391732, 0.054239 -11.130944 4.391732, 0.078742 -11.117846 4.391732, 0.100220 -11.100220 4.391732, 0.117846 -11.078742 4.391732, 0.130944 -11.054239 4.391732, 0.139009 -11.027651 4.391732 ] } coordIndex [ 31, 30, 29, 28, 27, 26, 25, 24, 23, 22, 21, 20, 19, 18, 17, 16, 15, 14, 13, 12, 11, 10, 9, 8, 7, 6, 5, 4, 3, 2, 1, 0, -1, 32, 33, 34, 35, 36, 37, 38, 39, 40, 41, 42, 43, 44, 45, 46, 47, 48, 49, 50, 51, 52, 53, 54, 55, 56, 57, 58, 59, 60, 61, 62, 63, -1, 0, 1, 33, 32, -1, 1, 2, 34, 33, -1, 2, 3, 35, 34, -1, 3, 4, 36, 35, -1, 4, 5, 37, 36, -1, 5, 6, 38, 37, -1, 6, 7, 39, 38, -1, 7, 8, 40, 39, -1, 8, 9, 41, 40, -1, 9, 10, 42, 41, -1, 10, 11, 43, 42, -1, 11, 12, 44, 43, -1, 12, 13, 45, 44, -1, 13, 14, 46, 45, -1, 14, 15, 47, 46, -1, 15, 16, 48, 47, -1, 16, 17, 49, 48, -1, 17, 18, 50, 49, -1, 18, 19, 51, 50, -1, 19, 20, 52, 51, -1, 20, 21, 53, 52, -1, 21, 22, 54, 53, -1, 22, 23, 55, 54, -1, 23, 24, 56, 55, -1, 24, 25, 57, 56, -1, 25, 26, 58, 57, -1, 26, 27, 59, 58, -1, 27, 28, 60, 59, -1, 28, 29, 61, 60, -1, 29, 30, 62, 61, -1, 30, 31, 63, 62, -1, 31, 0, 32, 63, -1 ] } }
Shape { appearance Appearance { material Material { diffuseColor 0.76 0.58 0.19 specularColor 0.25 0.25 0.25 shininess 0.3 } } geometry IndexedFaceSet { solid TRUE coord Coordinate { point [ 0.354331 -12.000000 4.334646, 0.347522 -11.930874 4.334646, 0.327359 -11.864404 4.334646, 0.294615 -11.803144 4.334646, 0.250550 -11.749450 4.334646, 0.196856 -11.705385 4.334646, 0.135596 -11.672641 4.334646, 0.069126 -11.652478 4.334646, 0.000000 -11.645669 4.334646, -0.069126 -11.652478 4.334646, -0.135596 -11.672641 4.334646, -0.196856 -11.705385 4.334646, -0.250550 -11.749450 4.334646, -0.294615 -11.803144 4.334646, -0.327359 -11.864404 4.334646, -0.347522 -11.930874 4.334646, -0.354331 -12.000000 4.334646, -0.347522 -12.069126 4.334646, -0.327359 -12.135596 4.334646, -0.294615 -12.196856 4.334646, -0.250550 -12.250550 4.334646, -0.196856 -12.294615 4.334646, -0.135596 -12.327359 4.334646, -0.069126 -12.347522 4.334646, -0.000000 -12.354331 4.334646, 0.069126 -12.347522 4.334646, 0.135596 -12.327359 4.334646, 0.196856 -12.294615 4.334646, 0.250550 -12.250550 4.334646, 0.294615 -12.196856 4.334646, 0.327359 -12.135596 4.334646, 0.347522 -12.069126 4.334646, 0.354331 -12.000000 4.374016, 0.347522 -11.930874 4.374016, 0.327359 -11.864404 4.374016, 0.294615 -11.803144 4.374016, 0.250550 -11.749450 4.374016, 0.196856 -11.705385 4.374016, 0.135596 -11.672641 4.374016, 0.069126 -11.652478 4.374016, 0.000000 -11.645669 4.374016, -0.069126 -11.652478 4.374016, -0.135596 -11.672641 4.374016, -0.196856 -11.705385 4.374016, -0.250550 -11.749450 4.374016, -0.294615 -11.803144 4.374016, -0.327359 -11.864404 4.374016, -0.347522 -11.930874 4.374016, -0.354331 -12.000000 4.374016, -0.347522 -12.069126 4.374016, -0.327359 -12.135596 4.374016, -0.294615 -12.196856 4.374016, -0.250550 -12.250550 4.374016, -0.196856 -12.294615 4.374016, -0.135596 -12.327359 4.374016, -0.069126 -12.347522 4.374016, -0.000000 -12.354331 4.374016, 0.069126 -12.347522 4.374016, 0.135596 -12.327359 4.374016, 0.196856 -12.294615 4.374016, 0.250550 -12.250550 4.374016, 0.294615 -12.196856 4.374016, 0.327359 -12.135596 4.374016, 0.347522 -12.069126 4.374016 ] } coordIndex [ 31, 30, 29, 28, 27, 26, 25, 24, 23, 22, 21, 20, 19, 18, 17, 16, 15, 14, 13, 12, 11, 10, 9, 8, 7, 6, 5, 4, 3, 2, 1, 0, -1, 32, 33, 34, 35, 36, 37, 38, 39, 40, 41, 42, 43, 44, 45, 46, 47, 48, 49, 50, 51, 52, 53, 54, 55, 56, 57, 58, 59, 60, 61, 62, 63, -1, 0, 1, 33, 32, -1, 1, 2, 34, 33, -1, 2, 3, 35, 34, -1, 3, 4, 36, 35, -1, 4, 5, 37, 36, -1, 5, 6, 38, 37, -1, 6, 7, 39, 38, -1, 7, 8, 40, 39, -1, 8, 9, 41, 40, -1, 9, 10, 42, 41, -1, 10, 11, 43, 42, -1, 11, 12, 44, 43, -1, 12, 13, 45, 44, -1, 13, 14, 46, 45, -1, 14, 15, 47, 46, -1, 15, 16, 48, 47, -1, 16, 17, 49, 48, -1, 17, 18, 50, 49, -1, 18, 19, 51, 50, -1, 19, 20, 52, 51, -1, 20, 21, 53, 52, -1, 21, 22, 54, 53, -1, 22, 23, 55, 54, -1, 23, 24, 56, 55, -1, 24, 25, 57, 56, -1, 25, 26, 58, 57, -1, 26, 27, 59, 58, -1, 27, 28, 60, 59, -1, 28, 29, 61, 60, -1, 29, 30, 62, 61, -1, 30, 31, 63, 62, -1, 31, 0, 32, 63, -1 ] } }
Shape { appearance Appearance { material Material { diffuseColor 0.035 0.04 0.045 specularColor 0.25 0.25 0.25 shininess 0.3 } } geometry IndexedFaceSet { solid TRUE coord Coordinate { point [ 0.141732 -12.000000 4.372047, 0.139009 -11.972349 4.372047, 0.130944 -11.945761 4.372047, 0.117846 -11.921258 4.372047, 0.100220 -11.899780 4.372047, 0.078742 -11.882154 4.372047, 0.054239 -11.869056 4.372047, 0.027651 -11.860991 4.372047, 0.000000 -11.858268 4.372047, -0.027651 -11.860991 4.372047, -0.054239 -11.869056 4.372047, -0.078742 -11.882154 4.372047, -0.100220 -11.899780 4.372047, -0.117846 -11.921258 4.372047, -0.130944 -11.945761 4.372047, -0.139009 -11.972349 4.372047, -0.141732 -12.000000 4.372047, -0.139009 -12.027651 4.372047, -0.130944 -12.054239 4.372047, -0.117846 -12.078742 4.372047, -0.100220 -12.100220 4.372047, -0.078742 -12.117846 4.372047, -0.054239 -12.130944 4.372047, -0.027651 -12.139009 4.372047, -0.000000 -12.141732 4.372047, 0.027651 -12.139009 4.372047, 0.054239 -12.130944 4.372047, 0.078742 -12.117846 4.372047, 0.100220 -12.100220 4.372047, 0.117846 -12.078742 4.372047, 0.130944 -12.054239 4.372047, 0.139009 -12.027651 4.372047, 0.141732 -12.000000 4.391732, 0.139009 -11.972349 4.391732, 0.130944 -11.945761 4.391732, 0.117846 -11.921258 4.391732, 0.100220 -11.899780 4.391732, 0.078742 -11.882154 4.391732, 0.054239 -11.869056 4.391732, 0.027651 -11.860991 4.391732, 0.000000 -11.858268 4.391732, -0.027651 -11.860991 4.391732, -0.054239 -11.869056 4.391732, -0.078742 -11.882154 4.391732, -0.100220 -11.899780 4.391732, -0.117846 -11.921258 4.391732, -0.130944 -11.945761 4.391732, -0.139009 -11.972349 4.391732, -0.141732 -12.000000 4.391732, -0.139009 -12.027651 4.391732, -0.130944 -12.054239 4.391732, -0.117846 -12.078742 4.391732, -0.100220 -12.100220 4.391732, -0.078742 -12.117846 4.391732, -0.054239 -12.130944 4.391732, -0.027651 -12.139009 4.391732, -0.000000 -12.141732 4.391732, 0.027651 -12.139009 4.391732, 0.054239 -12.130944 4.391732, 0.078742 -12.117846 4.391732, 0.100220 -12.100220 4.391732, 0.117846 -12.078742 4.391732, 0.130944 -12.054239 4.391732, 0.139009 -12.027651 4.391732 ] } coordIndex [ 31, 30, 29, 28, 27, 26, 25, 24, 23, 22, 21, 20, 19, 18, 17, 16, 15, 14, 13, 12, 11, 10, 9, 8, 7, 6, 5, 4, 3, 2, 1, 0, -1, 32, 33, 34, 35, 36, 37, 38, 39, 40, 41, 42, 43, 44, 45, 46, 47, 48, 49, 50, 51, 52, 53, 54, 55, 56, 57, 58, 59, 60, 61, 62, 63, -1, 0, 1, 33, 32, -1, 1, 2, 34, 33, -1, 2, 3, 35, 34, -1, 3, 4, 36, 35, -1, 4, 5, 37, 36, -1, 5, 6, 38, 37, -1, 6, 7, 39, 38, -1, 7, 8, 40, 39, -1, 8, 9, 41, 40, -1, 9, 10, 42, 41, -1, 10, 11, 43, 42, -1, 11, 12, 44, 43, -1, 12, 13, 45, 44, -1, 13, 14, 46, 45, -1, 14, 15, 47, 46, -1, 15, 16, 48, 47, -1, 16, 17, 49, 48, -1, 17, 18, 50, 49, -1, 18, 19, 51, 50, -1, 19, 20, 52, 51, -1, 20, 21, 53, 52, -1, 21, 22, 54, 53, -1, 22, 23, 55, 54, -1, 23, 24, 56, 55, -1, 24, 25, 57, 56, -1, 25, 26, 58, 57, -1, 26, 27, 59, 58, -1, 27, 28, 60, 59, -1, 28, 29, 61, 60, -1, 29, 30, 62, 61, -1, 30, 31, 63, 62, -1, 31, 0, 32, 63, -1 ] } }
Shape { appearance Appearance { material Material { diffuseColor 0.76 0.58 0.19 specularColor 0.25 0.25 0.25 shininess 0.3 } } geometry IndexedFaceSet { solid TRUE coord Coordinate { point [ 0.354331 -13.000000 4.334646, 0.347522 -12.930874 4.334646, 0.327359 -12.864404 4.334646, 0.294615 -12.803144 4.334646, 0.250550 -12.749450 4.334646, 0.196856 -12.705385 4.334646, 0.135596 -12.672641 4.334646, 0.069126 -12.652478 4.334646, 0.000000 -12.645669 4.334646, -0.069126 -12.652478 4.334646, -0.135596 -12.672641 4.334646, -0.196856 -12.705385 4.334646, -0.250550 -12.749450 4.334646, -0.294615 -12.803144 4.334646, -0.327359 -12.864404 4.334646, -0.347522 -12.930874 4.334646, -0.354331 -13.000000 4.334646, -0.347522 -13.069126 4.334646, -0.327359 -13.135596 4.334646, -0.294615 -13.196856 4.334646, -0.250550 -13.250550 4.334646, -0.196856 -13.294615 4.334646, -0.135596 -13.327359 4.334646, -0.069126 -13.347522 4.334646, -0.000000 -13.354331 4.334646, 0.069126 -13.347522 4.334646, 0.135596 -13.327359 4.334646, 0.196856 -13.294615 4.334646, 0.250550 -13.250550 4.334646, 0.294615 -13.196856 4.334646, 0.327359 -13.135596 4.334646, 0.347522 -13.069126 4.334646, 0.354331 -13.000000 4.374016, 0.347522 -12.930874 4.374016, 0.327359 -12.864404 4.374016, 0.294615 -12.803144 4.374016, 0.250550 -12.749450 4.374016, 0.196856 -12.705385 4.374016, 0.135596 -12.672641 4.374016, 0.069126 -12.652478 4.374016, 0.000000 -12.645669 4.374016, -0.069126 -12.652478 4.374016, -0.135596 -12.672641 4.374016, -0.196856 -12.705385 4.374016, -0.250550 -12.749450 4.374016, -0.294615 -12.803144 4.374016, -0.327359 -12.864404 4.374016, -0.347522 -12.930874 4.374016, -0.354331 -13.000000 4.374016, -0.347522 -13.069126 4.374016, -0.327359 -13.135596 4.374016, -0.294615 -13.196856 4.374016, -0.250550 -13.250550 4.374016, -0.196856 -13.294615 4.374016, -0.135596 -13.327359 4.374016, -0.069126 -13.347522 4.374016, -0.000000 -13.354331 4.374016, 0.069126 -13.347522 4.374016, 0.135596 -13.327359 4.374016, 0.196856 -13.294615 4.374016, 0.250550 -13.250550 4.374016, 0.294615 -13.196856 4.374016, 0.327359 -13.135596 4.374016, 0.347522 -13.069126 4.374016 ] } coordIndex [ 31, 30, 29, 28, 27, 26, 25, 24, 23, 22, 21, 20, 19, 18, 17, 16, 15, 14, 13, 12, 11, 10, 9, 8, 7, 6, 5, 4, 3, 2, 1, 0, -1, 32, 33, 34, 35, 36, 37, 38, 39, 40, 41, 42, 43, 44, 45, 46, 47, 48, 49, 50, 51, 52, 53, 54, 55, 56, 57, 58, 59, 60, 61, 62, 63, -1, 0, 1, 33, 32, -1, 1, 2, 34, 33, -1, 2, 3, 35, 34, -1, 3, 4, 36, 35, -1, 4, 5, 37, 36, -1, 5, 6, 38, 37, -1, 6, 7, 39, 38, -1, 7, 8, 40, 39, -1, 8, 9, 41, 40, -1, 9, 10, 42, 41, -1, 10, 11, 43, 42, -1, 11, 12, 44, 43, -1, 12, 13, 45, 44, -1, 13, 14, 46, 45, -1, 14, 15, 47, 46, -1, 15, 16, 48, 47, -1, 16, 17, 49, 48, -1, 17, 18, 50, 49, -1, 18, 19, 51, 50, -1, 19, 20, 52, 51, -1, 20, 21, 53, 52, -1, 21, 22, 54, 53, -1, 22, 23, 55, 54, -1, 23, 24, 56, 55, -1, 24, 25, 57, 56, -1, 25, 26, 58, 57, -1, 26, 27, 59, 58, -1, 27, 28, 60, 59, -1, 28, 29, 61, 60, -1, 29, 30, 62, 61, -1, 30, 31, 63, 62, -1, 31, 0, 32, 63, -1 ] } }
Shape { appearance Appearance { material Material { diffuseColor 0.035 0.04 0.045 specularColor 0.25 0.25 0.25 shininess 0.3 } } geometry IndexedFaceSet { solid TRUE coord Coordinate { point [ 0.141732 -13.000000 4.372047, 0.139009 -12.972349 4.372047, 0.130944 -12.945761 4.372047, 0.117846 -12.921258 4.372047, 0.100220 -12.899780 4.372047, 0.078742 -12.882154 4.372047, 0.054239 -12.869056 4.372047, 0.027651 -12.860991 4.372047, 0.000000 -12.858268 4.372047, -0.027651 -12.860991 4.372047, -0.054239 -12.869056 4.372047, -0.078742 -12.882154 4.372047, -0.100220 -12.899780 4.372047, -0.117846 -12.921258 4.372047, -0.130944 -12.945761 4.372047, -0.139009 -12.972349 4.372047, -0.141732 -13.000000 4.372047, -0.139009 -13.027651 4.372047, -0.130944 -13.054239 4.372047, -0.117846 -13.078742 4.372047, -0.100220 -13.100220 4.372047, -0.078742 -13.117846 4.372047, -0.054239 -13.130944 4.372047, -0.027651 -13.139009 4.372047, -0.000000 -13.141732 4.372047, 0.027651 -13.139009 4.372047, 0.054239 -13.130944 4.372047, 0.078742 -13.117846 4.372047, 0.100220 -13.100220 4.372047, 0.117846 -13.078742 4.372047, 0.130944 -13.054239 4.372047, 0.139009 -13.027651 4.372047, 0.141732 -13.000000 4.391732, 0.139009 -12.972349 4.391732, 0.130944 -12.945761 4.391732, 0.117846 -12.921258 4.391732, 0.100220 -12.899780 4.391732, 0.078742 -12.882154 4.391732, 0.054239 -12.869056 4.391732, 0.027651 -12.860991 4.391732, 0.000000 -12.858268 4.391732, -0.027651 -12.860991 4.391732, -0.054239 -12.869056 4.391732, -0.078742 -12.882154 4.391732, -0.100220 -12.899780 4.391732, -0.117846 -12.921258 4.391732, -0.130944 -12.945761 4.391732, -0.139009 -12.972349 4.391732, -0.141732 -13.000000 4.391732, -0.139009 -13.027651 4.391732, -0.130944 -13.054239 4.391732, -0.117846 -13.078742 4.391732, -0.100220 -13.100220 4.391732, -0.078742 -13.117846 4.391732, -0.054239 -13.130944 4.391732, -0.027651 -13.139009 4.391732, -0.000000 -13.141732 4.391732, 0.027651 -13.139009 4.391732, 0.054239 -13.130944 4.391732, 0.078742 -13.117846 4.391732, 0.100220 -13.100220 4.391732, 0.117846 -13.078742 4.391732, 0.130944 -13.054239 4.391732, 0.139009 -13.027651 4.391732 ] } coordIndex [ 31, 30, 29, 28, 27, 26, 25, 24, 23, 22, 21, 20, 19, 18, 17, 16, 15, 14, 13, 12, 11, 10, 9, 8, 7, 6, 5, 4, 3, 2, 1, 0, -1, 32, 33, 34, 35, 36, 37, 38, 39, 40, 41, 42, 43, 44, 45, 46, 47, 48, 49, 50, 51, 52, 53, 54, 55, 56, 57, 58, 59, 60, 61, 62, 63, -1, 0, 1, 33, 32, -1, 1, 2, 34, 33, -1, 2, 3, 35, 34, -1, 3, 4, 36, 35, -1, 4, 5, 37, 36, -1, 5, 6, 38, 37, -1, 6, 7, 39, 38, -1, 7, 8, 40, 39, -1, 8, 9, 41, 40, -1, 9, 10, 42, 41, -1, 10, 11, 43, 42, -1, 11, 12, 44, 43, -1, 12, 13, 45, 44, -1, 13, 14, 46, 45, -1, 14, 15, 47, 46, -1, 15, 16, 48, 47, -1, 16, 17, 49, 48, -1, 17, 18, 50, 49, -1, 18, 19, 51, 50, -1, 19, 20, 52, 51, -1, 20, 21, 53, 52, -1, 21, 22, 54, 53, -1, 22, 23, 55, 54, -1, 23, 24, 56, 55, -1, 24, 25, 57, 56, -1, 25, 26, 58, 57, -1, 26, 27, 59, 58, -1, 27, 28, 60, 59, -1, 28, 29, 61, 60, -1, 29, 30, 62, 61, -1, 30, 31, 63, 62, -1, 31, 0, 32, 63, -1 ] } }
Shape { appearance Appearance { material Material { diffuseColor 0.76 0.58 0.19 specularColor 0.25 0.25 0.25 shininess 0.3 } } geometry IndexedFaceSet { solid TRUE coord Coordinate { point [ 0.354331 -14.000000 4.334646, 0.347522 -13.930874 4.334646, 0.327359 -13.864404 4.334646, 0.294615 -13.803144 4.334646, 0.250550 -13.749450 4.334646, 0.196856 -13.705385 4.334646, 0.135596 -13.672641 4.334646, 0.069126 -13.652478 4.334646, 0.000000 -13.645669 4.334646, -0.069126 -13.652478 4.334646, -0.135596 -13.672641 4.334646, -0.196856 -13.705385 4.334646, -0.250550 -13.749450 4.334646, -0.294615 -13.803144 4.334646, -0.327359 -13.864404 4.334646, -0.347522 -13.930874 4.334646, -0.354331 -14.000000 4.334646, -0.347522 -14.069126 4.334646, -0.327359 -14.135596 4.334646, -0.294615 -14.196856 4.334646, -0.250550 -14.250550 4.334646, -0.196856 -14.294615 4.334646, -0.135596 -14.327359 4.334646, -0.069126 -14.347522 4.334646, -0.000000 -14.354331 4.334646, 0.069126 -14.347522 4.334646, 0.135596 -14.327359 4.334646, 0.196856 -14.294615 4.334646, 0.250550 -14.250550 4.334646, 0.294615 -14.196856 4.334646, 0.327359 -14.135596 4.334646, 0.347522 -14.069126 4.334646, 0.354331 -14.000000 4.374016, 0.347522 -13.930874 4.374016, 0.327359 -13.864404 4.374016, 0.294615 -13.803144 4.374016, 0.250550 -13.749450 4.374016, 0.196856 -13.705385 4.374016, 0.135596 -13.672641 4.374016, 0.069126 -13.652478 4.374016, 0.000000 -13.645669 4.374016, -0.069126 -13.652478 4.374016, -0.135596 -13.672641 4.374016, -0.196856 -13.705385 4.374016, -0.250550 -13.749450 4.374016, -0.294615 -13.803144 4.374016, -0.327359 -13.864404 4.374016, -0.347522 -13.930874 4.374016, -0.354331 -14.000000 4.374016, -0.347522 -14.069126 4.374016, -0.327359 -14.135596 4.374016, -0.294615 -14.196856 4.374016, -0.250550 -14.250550 4.374016, -0.196856 -14.294615 4.374016, -0.135596 -14.327359 4.374016, -0.069126 -14.347522 4.374016, -0.000000 -14.354331 4.374016, 0.069126 -14.347522 4.374016, 0.135596 -14.327359 4.374016, 0.196856 -14.294615 4.374016, 0.250550 -14.250550 4.374016, 0.294615 -14.196856 4.374016, 0.327359 -14.135596 4.374016, 0.347522 -14.069126 4.374016 ] } coordIndex [ 31, 30, 29, 28, 27, 26, 25, 24, 23, 22, 21, 20, 19, 18, 17, 16, 15, 14, 13, 12, 11, 10, 9, 8, 7, 6, 5, 4, 3, 2, 1, 0, -1, 32, 33, 34, 35, 36, 37, 38, 39, 40, 41, 42, 43, 44, 45, 46, 47, 48, 49, 50, 51, 52, 53, 54, 55, 56, 57, 58, 59, 60, 61, 62, 63, -1, 0, 1, 33, 32, -1, 1, 2, 34, 33, -1, 2, 3, 35, 34, -1, 3, 4, 36, 35, -1, 4, 5, 37, 36, -1, 5, 6, 38, 37, -1, 6, 7, 39, 38, -1, 7, 8, 40, 39, -1, 8, 9, 41, 40, -1, 9, 10, 42, 41, -1, 10, 11, 43, 42, -1, 11, 12, 44, 43, -1, 12, 13, 45, 44, -1, 13, 14, 46, 45, -1, 14, 15, 47, 46, -1, 15, 16, 48, 47, -1, 16, 17, 49, 48, -1, 17, 18, 50, 49, -1, 18, 19, 51, 50, -1, 19, 20, 52, 51, -1, 20, 21, 53, 52, -1, 21, 22, 54, 53, -1, 22, 23, 55, 54, -1, 23, 24, 56, 55, -1, 24, 25, 57, 56, -1, 25, 26, 58, 57, -1, 26, 27, 59, 58, -1, 27, 28, 60, 59, -1, 28, 29, 61, 60, -1, 29, 30, 62, 61, -1, 30, 31, 63, 62, -1, 31, 0, 32, 63, -1 ] } }
Shape { appearance Appearance { material Material { diffuseColor 0.035 0.04 0.045 specularColor 0.25 0.25 0.25 shininess 0.3 } } geometry IndexedFaceSet { solid TRUE coord Coordinate { point [ 0.141732 -14.000000 4.372047, 0.139009 -13.972349 4.372047, 0.130944 -13.945761 4.372047, 0.117846 -13.921258 4.372047, 0.100220 -13.899780 4.372047, 0.078742 -13.882154 4.372047, 0.054239 -13.869056 4.372047, 0.027651 -13.860991 4.372047, 0.000000 -13.858268 4.372047, -0.027651 -13.860991 4.372047, -0.054239 -13.869056 4.372047, -0.078742 -13.882154 4.372047, -0.100220 -13.899780 4.372047, -0.117846 -13.921258 4.372047, -0.130944 -13.945761 4.372047, -0.139009 -13.972349 4.372047, -0.141732 -14.000000 4.372047, -0.139009 -14.027651 4.372047, -0.130944 -14.054239 4.372047, -0.117846 -14.078742 4.372047, -0.100220 -14.100220 4.372047, -0.078742 -14.117846 4.372047, -0.054239 -14.130944 4.372047, -0.027651 -14.139009 4.372047, -0.000000 -14.141732 4.372047, 0.027651 -14.139009 4.372047, 0.054239 -14.130944 4.372047, 0.078742 -14.117846 4.372047, 0.100220 -14.100220 4.372047, 0.117846 -14.078742 4.372047, 0.130944 -14.054239 4.372047, 0.139009 -14.027651 4.372047, 0.141732 -14.000000 4.391732, 0.139009 -13.972349 4.391732, 0.130944 -13.945761 4.391732, 0.117846 -13.921258 4.391732, 0.100220 -13.899780 4.391732, 0.078742 -13.882154 4.391732, 0.054239 -13.869056 4.391732, 0.027651 -13.860991 4.391732, 0.000000 -13.858268 4.391732, -0.027651 -13.860991 4.391732, -0.054239 -13.869056 4.391732, -0.078742 -13.882154 4.391732, -0.100220 -13.899780 4.391732, -0.117846 -13.921258 4.391732, -0.130944 -13.945761 4.391732, -0.139009 -13.972349 4.391732, -0.141732 -14.000000 4.391732, -0.139009 -14.027651 4.391732, -0.130944 -14.054239 4.391732, -0.117846 -14.078742 4.391732, -0.100220 -14.100220 4.391732, -0.078742 -14.117846 4.391732, -0.054239 -14.130944 4.391732, -0.027651 -14.139009 4.391732, -0.000000 -14.141732 4.391732, 0.027651 -14.139009 4.391732, 0.054239 -14.130944 4.391732, 0.078742 -14.117846 4.391732, 0.100220 -14.100220 4.391732, 0.117846 -14.078742 4.391732, 0.130944 -14.054239 4.391732, 0.139009 -14.027651 4.391732 ] } coordIndex [ 31, 30, 29, 28, 27, 26, 25, 24, 23, 22, 21, 20, 19, 18, 17, 16, 15, 14, 13, 12, 11, 10, 9, 8, 7, 6, 5, 4, 3, 2, 1, 0, -1, 32, 33, 34, 35, 36, 37, 38, 39, 40, 41, 42, 43, 44, 45, 46, 47, 48, 49, 50, 51, 52, 53, 54, 55, 56, 57, 58, 59, 60, 61, 62, 63, -1, 0, 1, 33, 32, -1, 1, 2, 34, 33, -1, 2, 3, 35, 34, -1, 3, 4, 36, 35, -1, 4, 5, 37, 36, -1, 5, 6, 38, 37, -1, 6, 7, 39, 38, -1, 7, 8, 40, 39, -1, 8, 9, 41, 40, -1, 9, 10, 42, 41, -1, 10, 11, 43, 42, -1, 11, 12, 44, 43, -1, 12, 13, 45, 44, -1, 13, 14, 46, 45, -1, 14, 15, 47, 46, -1, 15, 16, 48, 47, -1, 16, 17, 49, 48, -1, 17, 18, 50, 49, -1, 18, 19, 51, 50, -1, 19, 20, 52, 51, -1, 20, 21, 53, 52, -1, 21, 22, 54, 53, -1, 22, 23, 55, 54, -1, 23, 24, 56, 55, -1, 24, 25, 57, 56, -1, 25, 26, 58, 57, -1, 26, 27, 59, 58, -1, 27, 28, 60, 59, -1, 28, 29, 61, 60, -1, 29, 30, 62, 61, -1, 30, 31, 63, 62, -1, 31, 0, 32, 63, -1 ] } }
Shape { appearance Appearance { material Material { diffuseColor 0.76 0.58 0.19 specularColor 0.25 0.25 0.25 shininess 0.3 } } geometry IndexedFaceSet { solid TRUE coord Coordinate { point [ 0.354331 -15.000000 4.334646, 0.347522 -14.930874 4.334646, 0.327359 -14.864404 4.334646, 0.294615 -14.803144 4.334646, 0.250550 -14.749450 4.334646, 0.196856 -14.705385 4.334646, 0.135596 -14.672641 4.334646, 0.069126 -14.652478 4.334646, 0.000000 -14.645669 4.334646, -0.069126 -14.652478 4.334646, -0.135596 -14.672641 4.334646, -0.196856 -14.705385 4.334646, -0.250550 -14.749450 4.334646, -0.294615 -14.803144 4.334646, -0.327359 -14.864404 4.334646, -0.347522 -14.930874 4.334646, -0.354331 -15.000000 4.334646, -0.347522 -15.069126 4.334646, -0.327359 -15.135596 4.334646, -0.294615 -15.196856 4.334646, -0.250550 -15.250550 4.334646, -0.196856 -15.294615 4.334646, -0.135596 -15.327359 4.334646, -0.069126 -15.347522 4.334646, -0.000000 -15.354331 4.334646, 0.069126 -15.347522 4.334646, 0.135596 -15.327359 4.334646, 0.196856 -15.294615 4.334646, 0.250550 -15.250550 4.334646, 0.294615 -15.196856 4.334646, 0.327359 -15.135596 4.334646, 0.347522 -15.069126 4.334646, 0.354331 -15.000000 4.374016, 0.347522 -14.930874 4.374016, 0.327359 -14.864404 4.374016, 0.294615 -14.803144 4.374016, 0.250550 -14.749450 4.374016, 0.196856 -14.705385 4.374016, 0.135596 -14.672641 4.374016, 0.069126 -14.652478 4.374016, 0.000000 -14.645669 4.374016, -0.069126 -14.652478 4.374016, -0.135596 -14.672641 4.374016, -0.196856 -14.705385 4.374016, -0.250550 -14.749450 4.374016, -0.294615 -14.803144 4.374016, -0.327359 -14.864404 4.374016, -0.347522 -14.930874 4.374016, -0.354331 -15.000000 4.374016, -0.347522 -15.069126 4.374016, -0.327359 -15.135596 4.374016, -0.294615 -15.196856 4.374016, -0.250550 -15.250550 4.374016, -0.196856 -15.294615 4.374016, -0.135596 -15.327359 4.374016, -0.069126 -15.347522 4.374016, -0.000000 -15.354331 4.374016, 0.069126 -15.347522 4.374016, 0.135596 -15.327359 4.374016, 0.196856 -15.294615 4.374016, 0.250550 -15.250550 4.374016, 0.294615 -15.196856 4.374016, 0.327359 -15.135596 4.374016, 0.347522 -15.069126 4.374016 ] } coordIndex [ 31, 30, 29, 28, 27, 26, 25, 24, 23, 22, 21, 20, 19, 18, 17, 16, 15, 14, 13, 12, 11, 10, 9, 8, 7, 6, 5, 4, 3, 2, 1, 0, -1, 32, 33, 34, 35, 36, 37, 38, 39, 40, 41, 42, 43, 44, 45, 46, 47, 48, 49, 50, 51, 52, 53, 54, 55, 56, 57, 58, 59, 60, 61, 62, 63, -1, 0, 1, 33, 32, -1, 1, 2, 34, 33, -1, 2, 3, 35, 34, -1, 3, 4, 36, 35, -1, 4, 5, 37, 36, -1, 5, 6, 38, 37, -1, 6, 7, 39, 38, -1, 7, 8, 40, 39, -1, 8, 9, 41, 40, -1, 9, 10, 42, 41, -1, 10, 11, 43, 42, -1, 11, 12, 44, 43, -1, 12, 13, 45, 44, -1, 13, 14, 46, 45, -1, 14, 15, 47, 46, -1, 15, 16, 48, 47, -1, 16, 17, 49, 48, -1, 17, 18, 50, 49, -1, 18, 19, 51, 50, -1, 19, 20, 52, 51, -1, 20, 21, 53, 52, -1, 21, 22, 54, 53, -1, 22, 23, 55, 54, -1, 23, 24, 56, 55, -1, 24, 25, 57, 56, -1, 25, 26, 58, 57, -1, 26, 27, 59, 58, -1, 27, 28, 60, 59, -1, 28, 29, 61, 60, -1, 29, 30, 62, 61, -1, 30, 31, 63, 62, -1, 31, 0, 32, 63, -1 ] } }
Shape { appearance Appearance { material Material { diffuseColor 0.035 0.04 0.045 specularColor 0.25 0.25 0.25 shininess 0.3 } } geometry IndexedFaceSet { solid TRUE coord Coordinate { point [ 0.141732 -15.000000 4.372047, 0.139009 -14.972349 4.372047, 0.130944 -14.945761 4.372047, 0.117846 -14.921258 4.372047, 0.100220 -14.899780 4.372047, 0.078742 -14.882154 4.372047, 0.054239 -14.869056 4.372047, 0.027651 -14.860991 4.372047, 0.000000 -14.858268 4.372047, -0.027651 -14.860991 4.372047, -0.054239 -14.869056 4.372047, -0.078742 -14.882154 4.372047, -0.100220 -14.899780 4.372047, -0.117846 -14.921258 4.372047, -0.130944 -14.945761 4.372047, -0.139009 -14.972349 4.372047, -0.141732 -15.000000 4.372047, -0.139009 -15.027651 4.372047, -0.130944 -15.054239 4.372047, -0.117846 -15.078742 4.372047, -0.100220 -15.100220 4.372047, -0.078742 -15.117846 4.372047, -0.054239 -15.130944 4.372047, -0.027651 -15.139009 4.372047, -0.000000 -15.141732 4.372047, 0.027651 -15.139009 4.372047, 0.054239 -15.130944 4.372047, 0.078742 -15.117846 4.372047, 0.100220 -15.100220 4.372047, 0.117846 -15.078742 4.372047, 0.130944 -15.054239 4.372047, 0.139009 -15.027651 4.372047, 0.141732 -15.000000 4.391732, 0.139009 -14.972349 4.391732, 0.130944 -14.945761 4.391732, 0.117846 -14.921258 4.391732, 0.100220 -14.899780 4.391732, 0.078742 -14.882154 4.391732, 0.054239 -14.869056 4.391732, 0.027651 -14.860991 4.391732, 0.000000 -14.858268 4.391732, -0.027651 -14.860991 4.391732, -0.054239 -14.869056 4.391732, -0.078742 -14.882154 4.391732, -0.100220 -14.899780 4.391732, -0.117846 -14.921258 4.391732, -0.130944 -14.945761 4.391732, -0.139009 -14.972349 4.391732, -0.141732 -15.000000 4.391732, -0.139009 -15.027651 4.391732, -0.130944 -15.054239 4.391732, -0.117846 -15.078742 4.391732, -0.100220 -15.100220 4.391732, -0.078742 -15.117846 4.391732, -0.054239 -15.130944 4.391732, -0.027651 -15.139009 4.391732, -0.000000 -15.141732 4.391732, 0.027651 -15.139009 4.391732, 0.054239 -15.130944 4.391732, 0.078742 -15.117846 4.391732, 0.100220 -15.100220 4.391732, 0.117846 -15.078742 4.391732, 0.130944 -15.054239 4.391732, 0.139009 -15.027651 4.391732 ] } coordIndex [ 31, 30, 29, 28, 27, 26, 25, 24, 23, 22, 21, 20, 19, 18, 17, 16, 15, 14, 13, 12, 11, 10, 9, 8, 7, 6, 5, 4, 3, 2, 1, 0, -1, 32, 33, 34, 35, 36, 37, 38, 39, 40, 41, 42, 43, 44, 45, 46, 47, 48, 49, 50, 51, 52, 53, 54, 55, 56, 57, 58, 59, 60, 61, 62, 63, -1, 0, 1, 33, 32, -1, 1, 2, 34, 33, -1, 2, 3, 35, 34, -1, 3, 4, 36, 35, -1, 4, 5, 37, 36, -1, 5, 6, 38, 37, -1, 6, 7, 39, 38, -1, 7, 8, 40, 39, -1, 8, 9, 41, 40, -1, 9, 10, 42, 41, -1, 10, 11, 43, 42, -1, 11, 12, 44, 43, -1, 12, 13, 45, 44, -1, 13, 14, 46, 45, -1, 14, 15, 47, 46, -1, 15, 16, 48, 47, -1, 16, 17, 49, 48, -1, 17, 18, 50, 49, -1, 18, 19, 51, 50, -1, 19, 20, 52, 51, -1, 20, 21, 53, 52, -1, 21, 22, 54, 53, -1, 22, 23, 55, 54, -1, 23, 24, 56, 55, -1, 24, 25, 57, 56, -1, 25, 26, 58, 57, -1, 26, 27, 59, 58, -1, 27, 28, 60, 59, -1, 28, 29, 61, 60, -1, 29, 30, 62, 61, -1, 30, 31, 63, 62, -1, 31, 0, 32, 63, -1 ] } }
Shape { appearance Appearance { material Material { diffuseColor 0.76 0.58 0.19 specularColor 0.25 0.25 0.25 shininess 0.3 } } geometry IndexedFaceSet { solid TRUE coord Coordinate { point [ 0.354331 -16.000000 4.334646, 0.347522 -15.930874 4.334646, 0.327359 -15.864404 4.334646, 0.294615 -15.803144 4.334646, 0.250550 -15.749450 4.334646, 0.196856 -15.705385 4.334646, 0.135596 -15.672641 4.334646, 0.069126 -15.652478 4.334646, 0.000000 -15.645669 4.334646, -0.069126 -15.652478 4.334646, -0.135596 -15.672641 4.334646, -0.196856 -15.705385 4.334646, -0.250550 -15.749450 4.334646, -0.294615 -15.803144 4.334646, -0.327359 -15.864404 4.334646, -0.347522 -15.930874 4.334646, -0.354331 -16.000000 4.334646, -0.347522 -16.069126 4.334646, -0.327359 -16.135596 4.334646, -0.294615 -16.196856 4.334646, -0.250550 -16.250550 4.334646, -0.196856 -16.294615 4.334646, -0.135596 -16.327359 4.334646, -0.069126 -16.347522 4.334646, -0.000000 -16.354331 4.334646, 0.069126 -16.347522 4.334646, 0.135596 -16.327359 4.334646, 0.196856 -16.294615 4.334646, 0.250550 -16.250550 4.334646, 0.294615 -16.196856 4.334646, 0.327359 -16.135596 4.334646, 0.347522 -16.069126 4.334646, 0.354331 -16.000000 4.374016, 0.347522 -15.930874 4.374016, 0.327359 -15.864404 4.374016, 0.294615 -15.803144 4.374016, 0.250550 -15.749450 4.374016, 0.196856 -15.705385 4.374016, 0.135596 -15.672641 4.374016, 0.069126 -15.652478 4.374016, 0.000000 -15.645669 4.374016, -0.069126 -15.652478 4.374016, -0.135596 -15.672641 4.374016, -0.196856 -15.705385 4.374016, -0.250550 -15.749450 4.374016, -0.294615 -15.803144 4.374016, -0.327359 -15.864404 4.374016, -0.347522 -15.930874 4.374016, -0.354331 -16.000000 4.374016, -0.347522 -16.069126 4.374016, -0.327359 -16.135596 4.374016, -0.294615 -16.196856 4.374016, -0.250550 -16.250550 4.374016, -0.196856 -16.294615 4.374016, -0.135596 -16.327359 4.374016, -0.069126 -16.347522 4.374016, -0.000000 -16.354331 4.374016, 0.069126 -16.347522 4.374016, 0.135596 -16.327359 4.374016, 0.196856 -16.294615 4.374016, 0.250550 -16.250550 4.374016, 0.294615 -16.196856 4.374016, 0.327359 -16.135596 4.374016, 0.347522 -16.069126 4.374016 ] } coordIndex [ 31, 30, 29, 28, 27, 26, 25, 24, 23, 22, 21, 20, 19, 18, 17, 16, 15, 14, 13, 12, 11, 10, 9, 8, 7, 6, 5, 4, 3, 2, 1, 0, -1, 32, 33, 34, 35, 36, 37, 38, 39, 40, 41, 42, 43, 44, 45, 46, 47, 48, 49, 50, 51, 52, 53, 54, 55, 56, 57, 58, 59, 60, 61, 62, 63, -1, 0, 1, 33, 32, -1, 1, 2, 34, 33, -1, 2, 3, 35, 34, -1, 3, 4, 36, 35, -1, 4, 5, 37, 36, -1, 5, 6, 38, 37, -1, 6, 7, 39, 38, -1, 7, 8, 40, 39, -1, 8, 9, 41, 40, -1, 9, 10, 42, 41, -1, 10, 11, 43, 42, -1, 11, 12, 44, 43, -1, 12, 13, 45, 44, -1, 13, 14, 46, 45, -1, 14, 15, 47, 46, -1, 15, 16, 48, 47, -1, 16, 17, 49, 48, -1, 17, 18, 50, 49, -1, 18, 19, 51, 50, -1, 19, 20, 52, 51, -1, 20, 21, 53, 52, -1, 21, 22, 54, 53, -1, 22, 23, 55, 54, -1, 23, 24, 56, 55, -1, 24, 25, 57, 56, -1, 25, 26, 58, 57, -1, 26, 27, 59, 58, -1, 27, 28, 60, 59, -1, 28, 29, 61, 60, -1, 29, 30, 62, 61, -1, 30, 31, 63, 62, -1, 31, 0, 32, 63, -1 ] } }
Shape { appearance Appearance { material Material { diffuseColor 0.035 0.04 0.045 specularColor 0.25 0.25 0.25 shininess 0.3 } } geometry IndexedFaceSet { solid TRUE coord Coordinate { point [ 0.141732 -16.000000 4.372047, 0.139009 -15.972349 4.372047, 0.130944 -15.945761 4.372047, 0.117846 -15.921258 4.372047, 0.100220 -15.899780 4.372047, 0.078742 -15.882154 4.372047, 0.054239 -15.869056 4.372047, 0.027651 -15.860991 4.372047, 0.000000 -15.858268 4.372047, -0.027651 -15.860991 4.372047, -0.054239 -15.869056 4.372047, -0.078742 -15.882154 4.372047, -0.100220 -15.899780 4.372047, -0.117846 -15.921258 4.372047, -0.130944 -15.945761 4.372047, -0.139009 -15.972349 4.372047, -0.141732 -16.000000 4.372047, -0.139009 -16.027651 4.372047, -0.130944 -16.054239 4.372047, -0.117846 -16.078742 4.372047, -0.100220 -16.100220 4.372047, -0.078742 -16.117846 4.372047, -0.054239 -16.130944 4.372047, -0.027651 -16.139009 4.372047, -0.000000 -16.141732 4.372047, 0.027651 -16.139009 4.372047, 0.054239 -16.130944 4.372047, 0.078742 -16.117846 4.372047, 0.100220 -16.100220 4.372047, 0.117846 -16.078742 4.372047, 0.130944 -16.054239 4.372047, 0.139009 -16.027651 4.372047, 0.141732 -16.000000 4.391732, 0.139009 -15.972349 4.391732, 0.130944 -15.945761 4.391732, 0.117846 -15.921258 4.391732, 0.100220 -15.899780 4.391732, 0.078742 -15.882154 4.391732, 0.054239 -15.869056 4.391732, 0.027651 -15.860991 4.391732, 0.000000 -15.858268 4.391732, -0.027651 -15.860991 4.391732, -0.054239 -15.869056 4.391732, -0.078742 -15.882154 4.391732, -0.100220 -15.899780 4.391732, -0.117846 -15.921258 4.391732, -0.130944 -15.945761 4.391732, -0.139009 -15.972349 4.391732, -0.141732 -16.000000 4.391732, -0.139009 -16.027651 4.391732, -0.130944 -16.054239 4.391732, -0.117846 -16.078742 4.391732, -0.100220 -16.100220 4.391732, -0.078742 -16.117846 4.391732, -0.054239 -16.130944 4.391732, -0.027651 -16.139009 4.391732, -0.000000 -16.141732 4.391732, 0.027651 -16.139009 4.391732, 0.054239 -16.130944 4.391732, 0.078742 -16.117846 4.391732, 0.100220 -16.100220 4.391732, 0.117846 -16.078742 4.391732, 0.130944 -16.054239 4.391732, 0.139009 -16.027651 4.391732 ] } coordIndex [ 31, 30, 29, 28, 27, 26, 25, 24, 23, 22, 21, 20, 19, 18, 17, 16, 15, 14, 13, 12, 11, 10, 9, 8, 7, 6, 5, 4, 3, 2, 1, 0, -1, 32, 33, 34, 35, 36, 37, 38, 39, 40, 41, 42, 43, 44, 45, 46, 47, 48, 49, 50, 51, 52, 53, 54, 55, 56, 57, 58, 59, 60, 61, 62, 63, -1, 0, 1, 33, 32, -1, 1, 2, 34, 33, -1, 2, 3, 35, 34, -1, 3, 4, 36, 35, -1, 4, 5, 37, 36, -1, 5, 6, 38, 37, -1, 6, 7, 39, 38, -1, 7, 8, 40, 39, -1, 8, 9, 41, 40, -1, 9, 10, 42, 41, -1, 10, 11, 43, 42, -1, 11, 12, 44, 43, -1, 12, 13, 45, 44, -1, 13, 14, 46, 45, -1, 14, 15, 47, 46, -1, 15, 16, 48, 47, -1, 16, 17, 49, 48, -1, 17, 18, 50, 49, -1, 18, 19, 51, 50, -1, 19, 20, 52, 51, -1, 20, 21, 53, 52, -1, 21, 22, 54, 53, -1, 22, 23, 55, 54, -1, 23, 24, 56, 55, -1, 24, 25, 57, 56, -1, 25, 26, 58, 57, -1, 26, 27, 59, 58, -1, 27, 28, 60, 59, -1, 28, 29, 61, 60, -1, 29, 30, 62, 61, -1, 30, 31, 63, 62, -1, 31, 0, 32, 63, -1 ] } }
Shape { appearance Appearance { material Material { diffuseColor 0.76 0.58 0.19 specularColor 0.25 0.25 0.25 shininess 0.3 } } geometry IndexedFaceSet { solid TRUE coord Coordinate { point [ 0.354331 -17.000000 4.334646, 0.347522 -16.930874 4.334646, 0.327359 -16.864404 4.334646, 0.294615 -16.803144 4.334646, 0.250550 -16.749450 4.334646, 0.196856 -16.705385 4.334646, 0.135596 -16.672641 4.334646, 0.069126 -16.652478 4.334646, 0.000000 -16.645669 4.334646, -0.069126 -16.652478 4.334646, -0.135596 -16.672641 4.334646, -0.196856 -16.705385 4.334646, -0.250550 -16.749450 4.334646, -0.294615 -16.803144 4.334646, -0.327359 -16.864404 4.334646, -0.347522 -16.930874 4.334646, -0.354331 -17.000000 4.334646, -0.347522 -17.069126 4.334646, -0.327359 -17.135596 4.334646, -0.294615 -17.196856 4.334646, -0.250550 -17.250550 4.334646, -0.196856 -17.294615 4.334646, -0.135596 -17.327359 4.334646, -0.069126 -17.347522 4.334646, -0.000000 -17.354331 4.334646, 0.069126 -17.347522 4.334646, 0.135596 -17.327359 4.334646, 0.196856 -17.294615 4.334646, 0.250550 -17.250550 4.334646, 0.294615 -17.196856 4.334646, 0.327359 -17.135596 4.334646, 0.347522 -17.069126 4.334646, 0.354331 -17.000000 4.374016, 0.347522 -16.930874 4.374016, 0.327359 -16.864404 4.374016, 0.294615 -16.803144 4.374016, 0.250550 -16.749450 4.374016, 0.196856 -16.705385 4.374016, 0.135596 -16.672641 4.374016, 0.069126 -16.652478 4.374016, 0.000000 -16.645669 4.374016, -0.069126 -16.652478 4.374016, -0.135596 -16.672641 4.374016, -0.196856 -16.705385 4.374016, -0.250550 -16.749450 4.374016, -0.294615 -16.803144 4.374016, -0.327359 -16.864404 4.374016, -0.347522 -16.930874 4.374016, -0.354331 -17.000000 4.374016, -0.347522 -17.069126 4.374016, -0.327359 -17.135596 4.374016, -0.294615 -17.196856 4.374016, -0.250550 -17.250550 4.374016, -0.196856 -17.294615 4.374016, -0.135596 -17.327359 4.374016, -0.069126 -17.347522 4.374016, -0.000000 -17.354331 4.374016, 0.069126 -17.347522 4.374016, 0.135596 -17.327359 4.374016, 0.196856 -17.294615 4.374016, 0.250550 -17.250550 4.374016, 0.294615 -17.196856 4.374016, 0.327359 -17.135596 4.374016, 0.347522 -17.069126 4.374016 ] } coordIndex [ 31, 30, 29, 28, 27, 26, 25, 24, 23, 22, 21, 20, 19, 18, 17, 16, 15, 14, 13, 12, 11, 10, 9, 8, 7, 6, 5, 4, 3, 2, 1, 0, -1, 32, 33, 34, 35, 36, 37, 38, 39, 40, 41, 42, 43, 44, 45, 46, 47, 48, 49, 50, 51, 52, 53, 54, 55, 56, 57, 58, 59, 60, 61, 62, 63, -1, 0, 1, 33, 32, -1, 1, 2, 34, 33, -1, 2, 3, 35, 34, -1, 3, 4, 36, 35, -1, 4, 5, 37, 36, -1, 5, 6, 38, 37, -1, 6, 7, 39, 38, -1, 7, 8, 40, 39, -1, 8, 9, 41, 40, -1, 9, 10, 42, 41, -1, 10, 11, 43, 42, -1, 11, 12, 44, 43, -1, 12, 13, 45, 44, -1, 13, 14, 46, 45, -1, 14, 15, 47, 46, -1, 15, 16, 48, 47, -1, 16, 17, 49, 48, -1, 17, 18, 50, 49, -1, 18, 19, 51, 50, -1, 19, 20, 52, 51, -1, 20, 21, 53, 52, -1, 21, 22, 54, 53, -1, 22, 23, 55, 54, -1, 23, 24, 56, 55, -1, 24, 25, 57, 56, -1, 25, 26, 58, 57, -1, 26, 27, 59, 58, -1, 27, 28, 60, 59, -1, 28, 29, 61, 60, -1, 29, 30, 62, 61, -1, 30, 31, 63, 62, -1, 31, 0, 32, 63, -1 ] } }
Shape { appearance Appearance { material Material { diffuseColor 0.035 0.04 0.045 specularColor 0.25 0.25 0.25 shininess 0.3 } } geometry IndexedFaceSet { solid TRUE coord Coordinate { point [ 0.141732 -17.000000 4.372047, 0.139009 -16.972349 4.372047, 0.130944 -16.945761 4.372047, 0.117846 -16.921258 4.372047, 0.100220 -16.899780 4.372047, 0.078742 -16.882154 4.372047, 0.054239 -16.869056 4.372047, 0.027651 -16.860991 4.372047, 0.000000 -16.858268 4.372047, -0.027651 -16.860991 4.372047, -0.054239 -16.869056 4.372047, -0.078742 -16.882154 4.372047, -0.100220 -16.899780 4.372047, -0.117846 -16.921258 4.372047, -0.130944 -16.945761 4.372047, -0.139009 -16.972349 4.372047, -0.141732 -17.000000 4.372047, -0.139009 -17.027651 4.372047, -0.130944 -17.054239 4.372047, -0.117846 -17.078742 4.372047, -0.100220 -17.100220 4.372047, -0.078742 -17.117846 4.372047, -0.054239 -17.130944 4.372047, -0.027651 -17.139009 4.372047, -0.000000 -17.141732 4.372047, 0.027651 -17.139009 4.372047, 0.054239 -17.130944 4.372047, 0.078742 -17.117846 4.372047, 0.100220 -17.100220 4.372047, 0.117846 -17.078742 4.372047, 0.130944 -17.054239 4.372047, 0.139009 -17.027651 4.372047, 0.141732 -17.000000 4.391732, 0.139009 -16.972349 4.391732, 0.130944 -16.945761 4.391732, 0.117846 -16.921258 4.391732, 0.100220 -16.899780 4.391732, 0.078742 -16.882154 4.391732, 0.054239 -16.869056 4.391732, 0.027651 -16.860991 4.391732, 0.000000 -16.858268 4.391732, -0.027651 -16.860991 4.391732, -0.054239 -16.869056 4.391732, -0.078742 -16.882154 4.391732, -0.100220 -16.899780 4.391732, -0.117846 -16.921258 4.391732, -0.130944 -16.945761 4.391732, -0.139009 -16.972349 4.391732, -0.141732 -17.000000 4.391732, -0.139009 -17.027651 4.391732, -0.130944 -17.054239 4.391732, -0.117846 -17.078742 4.391732, -0.100220 -17.100220 4.391732, -0.078742 -17.117846 4.391732, -0.054239 -17.130944 4.391732, -0.027651 -17.139009 4.391732, -0.000000 -17.141732 4.391732, 0.027651 -17.139009 4.391732, 0.054239 -17.130944 4.391732, 0.078742 -17.117846 4.391732, 0.100220 -17.100220 4.391732, 0.117846 -17.078742 4.391732, 0.130944 -17.054239 4.391732, 0.139009 -17.027651 4.391732 ] } coordIndex [ 31, 30, 29, 28, 27, 26, 25, 24, 23, 22, 21, 20, 19, 18, 17, 16, 15, 14, 13, 12, 11, 10, 9, 8, 7, 6, 5, 4, 3, 2, 1, 0, -1, 32, 33, 34, 35, 36, 37, 38, 39, 40, 41, 42, 43, 44, 45, 46, 47, 48, 49, 50, 51, 52, 53, 54, 55, 56, 57, 58, 59, 60, 61, 62, 63, -1, 0, 1, 33, 32, -1, 1, 2, 34, 33, -1, 2, 3, 35, 34, -1, 3, 4, 36, 35, -1, 4, 5, 37, 36, -1, 5, 6, 38, 37, -1, 6, 7, 39, 38, -1, 7, 8, 40, 39, -1, 8, 9, 41, 40, -1, 9, 10, 42, 41, -1, 10, 11, 43, 42, -1, 11, 12, 44, 43, -1, 12, 13, 45, 44, -1, 13, 14, 46, 45, -1, 14, 15, 47, 46, -1, 15, 16, 48, 47, -1, 16, 17, 49, 48, -1, 17, 18, 50, 49, -1, 18, 19, 51, 50, -1, 19, 20, 52, 51, -1, 20, 21, 53, 52, -1, 21, 22, 54, 53, -1, 22, 23, 55, 54, -1, 23, 24, 56, 55, -1, 24, 25, 57, 56, -1, 25, 26, 58, 57, -1, 26, 27, 59, 58, -1, 27, 28, 60, 59, -1, 28, 29, 61, 60, -1, 29, 30, 62, 61, -1, 30, 31, 63, 62, -1, 31, 0, 32, 63, -1 ] } }
Shape { appearance Appearance { material Material { diffuseColor 0.76 0.58 0.19 specularColor 0.25 0.25 0.25 shininess 0.3 } } geometry IndexedFaceSet { solid TRUE coord Coordinate { point [ 0.354331 -18.000000 4.334646, 0.347522 -17.930874 4.334646, 0.327359 -17.864404 4.334646, 0.294615 -17.803144 4.334646, 0.250550 -17.749450 4.334646, 0.196856 -17.705385 4.334646, 0.135596 -17.672641 4.334646, 0.069126 -17.652478 4.334646, 0.000000 -17.645669 4.334646, -0.069126 -17.652478 4.334646, -0.135596 -17.672641 4.334646, -0.196856 -17.705385 4.334646, -0.250550 -17.749450 4.334646, -0.294615 -17.803144 4.334646, -0.327359 -17.864404 4.334646, -0.347522 -17.930874 4.334646, -0.354331 -18.000000 4.334646, -0.347522 -18.069126 4.334646, -0.327359 -18.135596 4.334646, -0.294615 -18.196856 4.334646, -0.250550 -18.250550 4.334646, -0.196856 -18.294615 4.334646, -0.135596 -18.327359 4.334646, -0.069126 -18.347522 4.334646, -0.000000 -18.354331 4.334646, 0.069126 -18.347522 4.334646, 0.135596 -18.327359 4.334646, 0.196856 -18.294615 4.334646, 0.250550 -18.250550 4.334646, 0.294615 -18.196856 4.334646, 0.327359 -18.135596 4.334646, 0.347522 -18.069126 4.334646, 0.354331 -18.000000 4.374016, 0.347522 -17.930874 4.374016, 0.327359 -17.864404 4.374016, 0.294615 -17.803144 4.374016, 0.250550 -17.749450 4.374016, 0.196856 -17.705385 4.374016, 0.135596 -17.672641 4.374016, 0.069126 -17.652478 4.374016, 0.000000 -17.645669 4.374016, -0.069126 -17.652478 4.374016, -0.135596 -17.672641 4.374016, -0.196856 -17.705385 4.374016, -0.250550 -17.749450 4.374016, -0.294615 -17.803144 4.374016, -0.327359 -17.864404 4.374016, -0.347522 -17.930874 4.374016, -0.354331 -18.000000 4.374016, -0.347522 -18.069126 4.374016, -0.327359 -18.135596 4.374016, -0.294615 -18.196856 4.374016, -0.250550 -18.250550 4.374016, -0.196856 -18.294615 4.374016, -0.135596 -18.327359 4.374016, -0.069126 -18.347522 4.374016, -0.000000 -18.354331 4.374016, 0.069126 -18.347522 4.374016, 0.135596 -18.327359 4.374016, 0.196856 -18.294615 4.374016, 0.250550 -18.250550 4.374016, 0.294615 -18.196856 4.374016, 0.327359 -18.135596 4.374016, 0.347522 -18.069126 4.374016 ] } coordIndex [ 31, 30, 29, 28, 27, 26, 25, 24, 23, 22, 21, 20, 19, 18, 17, 16, 15, 14, 13, 12, 11, 10, 9, 8, 7, 6, 5, 4, 3, 2, 1, 0, -1, 32, 33, 34, 35, 36, 37, 38, 39, 40, 41, 42, 43, 44, 45, 46, 47, 48, 49, 50, 51, 52, 53, 54, 55, 56, 57, 58, 59, 60, 61, 62, 63, -1, 0, 1, 33, 32, -1, 1, 2, 34, 33, -1, 2, 3, 35, 34, -1, 3, 4, 36, 35, -1, 4, 5, 37, 36, -1, 5, 6, 38, 37, -1, 6, 7, 39, 38, -1, 7, 8, 40, 39, -1, 8, 9, 41, 40, -1, 9, 10, 42, 41, -1, 10, 11, 43, 42, -1, 11, 12, 44, 43, -1, 12, 13, 45, 44, -1, 13, 14, 46, 45, -1, 14, 15, 47, 46, -1, 15, 16, 48, 47, -1, 16, 17, 49, 48, -1, 17, 18, 50, 49, -1, 18, 19, 51, 50, -1, 19, 20, 52, 51, -1, 20, 21, 53, 52, -1, 21, 22, 54, 53, -1, 22, 23, 55, 54, -1, 23, 24, 56, 55, -1, 24, 25, 57, 56, -1, 25, 26, 58, 57, -1, 26, 27, 59, 58, -1, 27, 28, 60, 59, -1, 28, 29, 61, 60, -1, 29, 30, 62, 61, -1, 30, 31, 63, 62, -1, 31, 0, 32, 63, -1 ] } }
Shape { appearance Appearance { material Material { diffuseColor 0.035 0.04 0.045 specularColor 0.25 0.25 0.25 shininess 0.3 } } geometry IndexedFaceSet { solid TRUE coord Coordinate { point [ 0.141732 -18.000000 4.372047, 0.139009 -17.972349 4.372047, 0.130944 -17.945761 4.372047, 0.117846 -17.921258 4.372047, 0.100220 -17.899780 4.372047, 0.078742 -17.882154 4.372047, 0.054239 -17.869056 4.372047, 0.027651 -17.860991 4.372047, 0.000000 -17.858268 4.372047, -0.027651 -17.860991 4.372047, -0.054239 -17.869056 4.372047, -0.078742 -17.882154 4.372047, -0.100220 -17.899780 4.372047, -0.117846 -17.921258 4.372047, -0.130944 -17.945761 4.372047, -0.139009 -17.972349 4.372047, -0.141732 -18.000000 4.372047, -0.139009 -18.027651 4.372047, -0.130944 -18.054239 4.372047, -0.117846 -18.078742 4.372047, -0.100220 -18.100220 4.372047, -0.078742 -18.117846 4.372047, -0.054239 -18.130944 4.372047, -0.027651 -18.139009 4.372047, -0.000000 -18.141732 4.372047, 0.027651 -18.139009 4.372047, 0.054239 -18.130944 4.372047, 0.078742 -18.117846 4.372047, 0.100220 -18.100220 4.372047, 0.117846 -18.078742 4.372047, 0.130944 -18.054239 4.372047, 0.139009 -18.027651 4.372047, 0.141732 -18.000000 4.391732, 0.139009 -17.972349 4.391732, 0.130944 -17.945761 4.391732, 0.117846 -17.921258 4.391732, 0.100220 -17.899780 4.391732, 0.078742 -17.882154 4.391732, 0.054239 -17.869056 4.391732, 0.027651 -17.860991 4.391732, 0.000000 -17.858268 4.391732, -0.027651 -17.860991 4.391732, -0.054239 -17.869056 4.391732, -0.078742 -17.882154 4.391732, -0.100220 -17.899780 4.391732, -0.117846 -17.921258 4.391732, -0.130944 -17.945761 4.391732, -0.139009 -17.972349 4.391732, -0.141732 -18.000000 4.391732, -0.139009 -18.027651 4.391732, -0.130944 -18.054239 4.391732, -0.117846 -18.078742 4.391732, -0.100220 -18.100220 4.391732, -0.078742 -18.117846 4.391732, -0.054239 -18.130944 4.391732, -0.027651 -18.139009 4.391732, -0.000000 -18.141732 4.391732, 0.027651 -18.139009 4.391732, 0.054239 -18.130944 4.391732, 0.078742 -18.117846 4.391732, 0.100220 -18.100220 4.391732, 0.117846 -18.078742 4.391732, 0.130944 -18.054239 4.391732, 0.139009 -18.027651 4.391732 ] } coordIndex [ 31, 30, 29, 28, 27, 26, 25, 24, 23, 22, 21, 20, 19, 18, 17, 16, 15, 14, 13, 12, 11, 10, 9, 8, 7, 6, 5, 4, 3, 2, 1, 0, -1, 32, 33, 34, 35, 36, 37, 38, 39, 40, 41, 42, 43, 44, 45, 46, 47, 48, 49, 50, 51, 52, 53, 54, 55, 56, 57, 58, 59, 60, 61, 62, 63, -1, 0, 1, 33, 32, -1, 1, 2, 34, 33, -1, 2, 3, 35, 34, -1, 3, 4, 36, 35, -1, 4, 5, 37, 36, -1, 5, 6, 38, 37, -1, 6, 7, 39, 38, -1, 7, 8, 40, 39, -1, 8, 9, 41, 40, -1, 9, 10, 42, 41, -1, 10, 11, 43, 42, -1, 11, 12, 44, 43, -1, 12, 13, 45, 44, -1, 13, 14, 46, 45, -1, 14, 15, 47, 46, -1, 15, 16, 48, 47, -1, 16, 17, 49, 48, -1, 17, 18, 50, 49, -1, 18, 19, 51, 50, -1, 19, 20, 52, 51, -1, 20, 21, 53, 52, -1, 21, 22, 54, 53, -1, 22, 23, 55, 54, -1, 23, 24, 56, 55, -1, 24, 25, 57, 56, -1, 25, 26, 58, 57, -1, 26, 27, 59, 58, -1, 27, 28, 60, 59, -1, 28, 29, 61, 60, -1, 29, 30, 62, 61, -1, 30, 31, 63, 62, -1, 31, 0, 32, 63, -1 ] } }
Shape { appearance Appearance { material Material { diffuseColor 0.76 0.58 0.19 specularColor 0.25 0.25 0.25 shininess 0.3 } } geometry IndexedFaceSet { solid TRUE coord Coordinate { point [ 0.354331 -19.000000 4.334646, 0.347522 -18.930874 4.334646, 0.327359 -18.864404 4.334646, 0.294615 -18.803144 4.334646, 0.250550 -18.749450 4.334646, 0.196856 -18.705385 4.334646, 0.135596 -18.672641 4.334646, 0.069126 -18.652478 4.334646, 0.000000 -18.645669 4.334646, -0.069126 -18.652478 4.334646, -0.135596 -18.672641 4.334646, -0.196856 -18.705385 4.334646, -0.250550 -18.749450 4.334646, -0.294615 -18.803144 4.334646, -0.327359 -18.864404 4.334646, -0.347522 -18.930874 4.334646, -0.354331 -19.000000 4.334646, -0.347522 -19.069126 4.334646, -0.327359 -19.135596 4.334646, -0.294615 -19.196856 4.334646, -0.250550 -19.250550 4.334646, -0.196856 -19.294615 4.334646, -0.135596 -19.327359 4.334646, -0.069126 -19.347522 4.334646, -0.000000 -19.354331 4.334646, 0.069126 -19.347522 4.334646, 0.135596 -19.327359 4.334646, 0.196856 -19.294615 4.334646, 0.250550 -19.250550 4.334646, 0.294615 -19.196856 4.334646, 0.327359 -19.135596 4.334646, 0.347522 -19.069126 4.334646, 0.354331 -19.000000 4.374016, 0.347522 -18.930874 4.374016, 0.327359 -18.864404 4.374016, 0.294615 -18.803144 4.374016, 0.250550 -18.749450 4.374016, 0.196856 -18.705385 4.374016, 0.135596 -18.672641 4.374016, 0.069126 -18.652478 4.374016, 0.000000 -18.645669 4.374016, -0.069126 -18.652478 4.374016, -0.135596 -18.672641 4.374016, -0.196856 -18.705385 4.374016, -0.250550 -18.749450 4.374016, -0.294615 -18.803144 4.374016, -0.327359 -18.864404 4.374016, -0.347522 -18.930874 4.374016, -0.354331 -19.000000 4.374016, -0.347522 -19.069126 4.374016, -0.327359 -19.135596 4.374016, -0.294615 -19.196856 4.374016, -0.250550 -19.250550 4.374016, -0.196856 -19.294615 4.374016, -0.135596 -19.327359 4.374016, -0.069126 -19.347522 4.374016, -0.000000 -19.354331 4.374016, 0.069126 -19.347522 4.374016, 0.135596 -19.327359 4.374016, 0.196856 -19.294615 4.374016, 0.250550 -19.250550 4.374016, 0.294615 -19.196856 4.374016, 0.327359 -19.135596 4.374016, 0.347522 -19.069126 4.374016 ] } coordIndex [ 31, 30, 29, 28, 27, 26, 25, 24, 23, 22, 21, 20, 19, 18, 17, 16, 15, 14, 13, 12, 11, 10, 9, 8, 7, 6, 5, 4, 3, 2, 1, 0, -1, 32, 33, 34, 35, 36, 37, 38, 39, 40, 41, 42, 43, 44, 45, 46, 47, 48, 49, 50, 51, 52, 53, 54, 55, 56, 57, 58, 59, 60, 61, 62, 63, -1, 0, 1, 33, 32, -1, 1, 2, 34, 33, -1, 2, 3, 35, 34, -1, 3, 4, 36, 35, -1, 4, 5, 37, 36, -1, 5, 6, 38, 37, -1, 6, 7, 39, 38, -1, 7, 8, 40, 39, -1, 8, 9, 41, 40, -1, 9, 10, 42, 41, -1, 10, 11, 43, 42, -1, 11, 12, 44, 43, -1, 12, 13, 45, 44, -1, 13, 14, 46, 45, -1, 14, 15, 47, 46, -1, 15, 16, 48, 47, -1, 16, 17, 49, 48, -1, 17, 18, 50, 49, -1, 18, 19, 51, 50, -1, 19, 20, 52, 51, -1, 20, 21, 53, 52, -1, 21, 22, 54, 53, -1, 22, 23, 55, 54, -1, 23, 24, 56, 55, -1, 24, 25, 57, 56, -1, 25, 26, 58, 57, -1, 26, 27, 59, 58, -1, 27, 28, 60, 59, -1, 28, 29, 61, 60, -1, 29, 30, 62, 61, -1, 30, 31, 63, 62, -1, 31, 0, 32, 63, -1 ] } }
Shape { appearance Appearance { material Material { diffuseColor 0.035 0.04 0.045 specularColor 0.25 0.25 0.25 shininess 0.3 } } geometry IndexedFaceSet { solid TRUE coord Coordinate { point [ 0.141732 -19.000000 4.372047, 0.139009 -18.972349 4.372047, 0.130944 -18.945761 4.372047, 0.117846 -18.921258 4.372047, 0.100220 -18.899780 4.372047, 0.078742 -18.882154 4.372047, 0.054239 -18.869056 4.372047, 0.027651 -18.860991 4.372047, 0.000000 -18.858268 4.372047, -0.027651 -18.860991 4.372047, -0.054239 -18.869056 4.372047, -0.078742 -18.882154 4.372047, -0.100220 -18.899780 4.372047, -0.117846 -18.921258 4.372047, -0.130944 -18.945761 4.372047, -0.139009 -18.972349 4.372047, -0.141732 -19.000000 4.372047, -0.139009 -19.027651 4.372047, -0.130944 -19.054239 4.372047, -0.117846 -19.078742 4.372047, -0.100220 -19.100220 4.372047, -0.078742 -19.117846 4.372047, -0.054239 -19.130944 4.372047, -0.027651 -19.139009 4.372047, -0.000000 -19.141732 4.372047, 0.027651 -19.139009 4.372047, 0.054239 -19.130944 4.372047, 0.078742 -19.117846 4.372047, 0.100220 -19.100220 4.372047, 0.117846 -19.078742 4.372047, 0.130944 -19.054239 4.372047, 0.139009 -19.027651 4.372047, 0.141732 -19.000000 4.391732, 0.139009 -18.972349 4.391732, 0.130944 -18.945761 4.391732, 0.117846 -18.921258 4.391732, 0.100220 -18.899780 4.391732, 0.078742 -18.882154 4.391732, 0.054239 -18.869056 4.391732, 0.027651 -18.860991 4.391732, 0.000000 -18.858268 4.391732, -0.027651 -18.860991 4.391732, -0.054239 -18.869056 4.391732, -0.078742 -18.882154 4.391732, -0.100220 -18.899780 4.391732, -0.117846 -18.921258 4.391732, -0.130944 -18.945761 4.391732, -0.139009 -18.972349 4.391732, -0.141732 -19.000000 4.391732, -0.139009 -19.027651 4.391732, -0.130944 -19.054239 4.391732, -0.117846 -19.078742 4.391732, -0.100220 -19.100220 4.391732, -0.078742 -19.117846 4.391732, -0.054239 -19.130944 4.391732, -0.027651 -19.139009 4.391732, -0.000000 -19.141732 4.391732, 0.027651 -19.139009 4.391732, 0.054239 -19.130944 4.391732, 0.078742 -19.117846 4.391732, 0.100220 -19.100220 4.391732, 0.117846 -19.078742 4.391732, 0.130944 -19.054239 4.391732, 0.139009 -19.027651 4.391732 ] } coordIndex [ 31, 30, 29, 28, 27, 26, 25, 24, 23, 22, 21, 20, 19, 18, 17, 16, 15, 14, 13, 12, 11, 10, 9, 8, 7, 6, 5, 4, 3, 2, 1, 0, -1, 32, 33, 34, 35, 36, 37, 38, 39, 40, 41, 42, 43, 44, 45, 46, 47, 48, 49, 50, 51, 52, 53, 54, 55, 56, 57, 58, 59, 60, 61, 62, 63, -1, 0, 1, 33, 32, -1, 1, 2, 34, 33, -1, 2, 3, 35, 34, -1, 3, 4, 36, 35, -1, 4, 5, 37, 36, -1, 5, 6, 38, 37, -1, 6, 7, 39, 38, -1, 7, 8, 40, 39, -1, 8, 9, 41, 40, -1, 9, 10, 42, 41, -1, 10, 11, 43, 42, -1, 11, 12, 44, 43, -1, 12, 13, 45, 44, -1, 13, 14, 46, 45, -1, 14, 15, 47, 46, -1, 15, 16, 48, 47, -1, 16, 17, 49, 48, -1, 17, 18, 50, 49, -1, 18, 19, 51, 50, -1, 19, 20, 52, 51, -1, 20, 21, 53, 52, -1, 21, 22, 54, 53, -1, 22, 23, 55, 54, -1, 23, 24, 56, 55, -1, 24, 25, 57, 56, -1, 25, 26, 58, 57, -1, 26, 27, 59, 58, -1, 27, 28, 60, 59, -1, 28, 29, 61, 60, -1, 29, 30, 62, 61, -1, 30, 31, 63, 62, -1, 31, 0, 32, 63, -1 ] } }
Shape { appearance Appearance { material Material { diffuseColor 0.76 0.58 0.19 specularColor 0.25 0.25 0.25 shininess 0.3 } } geometry IndexedFaceSet { solid TRUE coord Coordinate { point [ 0.354331 -20.000000 4.334646, 0.347522 -19.930874 4.334646, 0.327359 -19.864404 4.334646, 0.294615 -19.803144 4.334646, 0.250550 -19.749450 4.334646, 0.196856 -19.705385 4.334646, 0.135596 -19.672641 4.334646, 0.069126 -19.652478 4.334646, 0.000000 -19.645669 4.334646, -0.069126 -19.652478 4.334646, -0.135596 -19.672641 4.334646, -0.196856 -19.705385 4.334646, -0.250550 -19.749450 4.334646, -0.294615 -19.803144 4.334646, -0.327359 -19.864404 4.334646, -0.347522 -19.930874 4.334646, -0.354331 -20.000000 4.334646, -0.347522 -20.069126 4.334646, -0.327359 -20.135596 4.334646, -0.294615 -20.196856 4.334646, -0.250550 -20.250550 4.334646, -0.196856 -20.294615 4.334646, -0.135596 -20.327359 4.334646, -0.069126 -20.347522 4.334646, -0.000000 -20.354331 4.334646, 0.069126 -20.347522 4.334646, 0.135596 -20.327359 4.334646, 0.196856 -20.294615 4.334646, 0.250550 -20.250550 4.334646, 0.294615 -20.196856 4.334646, 0.327359 -20.135596 4.334646, 0.347522 -20.069126 4.334646, 0.354331 -20.000000 4.374016, 0.347522 -19.930874 4.374016, 0.327359 -19.864404 4.374016, 0.294615 -19.803144 4.374016, 0.250550 -19.749450 4.374016, 0.196856 -19.705385 4.374016, 0.135596 -19.672641 4.374016, 0.069126 -19.652478 4.374016, 0.000000 -19.645669 4.374016, -0.069126 -19.652478 4.374016, -0.135596 -19.672641 4.374016, -0.196856 -19.705385 4.374016, -0.250550 -19.749450 4.374016, -0.294615 -19.803144 4.374016, -0.327359 -19.864404 4.374016, -0.347522 -19.930874 4.374016, -0.354331 -20.000000 4.374016, -0.347522 -20.069126 4.374016, -0.327359 -20.135596 4.374016, -0.294615 -20.196856 4.374016, -0.250550 -20.250550 4.374016, -0.196856 -20.294615 4.374016, -0.135596 -20.327359 4.374016, -0.069126 -20.347522 4.374016, -0.000000 -20.354331 4.374016, 0.069126 -20.347522 4.374016, 0.135596 -20.327359 4.374016, 0.196856 -20.294615 4.374016, 0.250550 -20.250550 4.374016, 0.294615 -20.196856 4.374016, 0.327359 -20.135596 4.374016, 0.347522 -20.069126 4.374016 ] } coordIndex [ 31, 30, 29, 28, 27, 26, 25, 24, 23, 22, 21, 20, 19, 18, 17, 16, 15, 14, 13, 12, 11, 10, 9, 8, 7, 6, 5, 4, 3, 2, 1, 0, -1, 32, 33, 34, 35, 36, 37, 38, 39, 40, 41, 42, 43, 44, 45, 46, 47, 48, 49, 50, 51, 52, 53, 54, 55, 56, 57, 58, 59, 60, 61, 62, 63, -1, 0, 1, 33, 32, -1, 1, 2, 34, 33, -1, 2, 3, 35, 34, -1, 3, 4, 36, 35, -1, 4, 5, 37, 36, -1, 5, 6, 38, 37, -1, 6, 7, 39, 38, -1, 7, 8, 40, 39, -1, 8, 9, 41, 40, -1, 9, 10, 42, 41, -1, 10, 11, 43, 42, -1, 11, 12, 44, 43, -1, 12, 13, 45, 44, -1, 13, 14, 46, 45, -1, 14, 15, 47, 46, -1, 15, 16, 48, 47, -1, 16, 17, 49, 48, -1, 17, 18, 50, 49, -1, 18, 19, 51, 50, -1, 19, 20, 52, 51, -1, 20, 21, 53, 52, -1, 21, 22, 54, 53, -1, 22, 23, 55, 54, -1, 23, 24, 56, 55, -1, 24, 25, 57, 56, -1, 25, 26, 58, 57, -1, 26, 27, 59, 58, -1, 27, 28, 60, 59, -1, 28, 29, 61, 60, -1, 29, 30, 62, 61, -1, 30, 31, 63, 62, -1, 31, 0, 32, 63, -1 ] } }
Shape { appearance Appearance { material Material { diffuseColor 0.035 0.04 0.045 specularColor 0.25 0.25 0.25 shininess 0.3 } } geometry IndexedFaceSet { solid TRUE coord Coordinate { point [ 0.141732 -20.000000 4.372047, 0.139009 -19.972349 4.372047, 0.130944 -19.945761 4.372047, 0.117846 -19.921258 4.372047, 0.100220 -19.899780 4.372047, 0.078742 -19.882154 4.372047, 0.054239 -19.869056 4.372047, 0.027651 -19.860991 4.372047, 0.000000 -19.858268 4.372047, -0.027651 -19.860991 4.372047, -0.054239 -19.869056 4.372047, -0.078742 -19.882154 4.372047, -0.100220 -19.899780 4.372047, -0.117846 -19.921258 4.372047, -0.130944 -19.945761 4.372047, -0.139009 -19.972349 4.372047, -0.141732 -20.000000 4.372047, -0.139009 -20.027651 4.372047, -0.130944 -20.054239 4.372047, -0.117846 -20.078742 4.372047, -0.100220 -20.100220 4.372047, -0.078742 -20.117846 4.372047, -0.054239 -20.130944 4.372047, -0.027651 -20.139009 4.372047, -0.000000 -20.141732 4.372047, 0.027651 -20.139009 4.372047, 0.054239 -20.130944 4.372047, 0.078742 -20.117846 4.372047, 0.100220 -20.100220 4.372047, 0.117846 -20.078742 4.372047, 0.130944 -20.054239 4.372047, 0.139009 -20.027651 4.372047, 0.141732 -20.000000 4.391732, 0.139009 -19.972349 4.391732, 0.130944 -19.945761 4.391732, 0.117846 -19.921258 4.391732, 0.100220 -19.899780 4.391732, 0.078742 -19.882154 4.391732, 0.054239 -19.869056 4.391732, 0.027651 -19.860991 4.391732, 0.000000 -19.858268 4.391732, -0.027651 -19.860991 4.391732, -0.054239 -19.869056 4.391732, -0.078742 -19.882154 4.391732, -0.100220 -19.899780 4.391732, -0.117846 -19.921258 4.391732, -0.130944 -19.945761 4.391732, -0.139009 -19.972349 4.391732, -0.141732 -20.000000 4.391732, -0.139009 -20.027651 4.391732, -0.130944 -20.054239 4.391732, -0.117846 -20.078742 4.391732, -0.100220 -20.100220 4.391732, -0.078742 -20.117846 4.391732, -0.054239 -20.130944 4.391732, -0.027651 -20.139009 4.391732, -0.000000 -20.141732 4.391732, 0.027651 -20.139009 4.391732, 0.054239 -20.130944 4.391732, 0.078742 -20.117846 4.391732, 0.100220 -20.100220 4.391732, 0.117846 -20.078742 4.391732, 0.130944 -20.054239 4.391732, 0.139009 -20.027651 4.391732 ] } coordIndex [ 31, 30, 29, 28, 27, 26, 25, 24, 23, 22, 21, 20, 19, 18, 17, 16, 15, 14, 13, 12, 11, 10, 9, 8, 7, 6, 5, 4, 3, 2, 1, 0, -1, 32, 33, 34, 35, 36, 37, 38, 39, 40, 41, 42, 43, 44, 45, 46, 47, 48, 49, 50, 51, 52, 53, 54, 55, 56, 57, 58, 59, 60, 61, 62, 63, -1, 0, 1, 33, 32, -1, 1, 2, 34, 33, -1, 2, 3, 35, 34, -1, 3, 4, 36, 35, -1, 4, 5, 37, 36, -1, 5, 6, 38, 37, -1, 6, 7, 39, 38, -1, 7, 8, 40, 39, -1, 8, 9, 41, 40, -1, 9, 10, 42, 41, -1, 10, 11, 43, 42, -1, 11, 12, 44, 43, -1, 12, 13, 45, 44, -1, 13, 14, 46, 45, -1, 14, 15, 47, 46, -1, 15, 16, 48, 47, -1, 16, 17, 49, 48, -1, 17, 18, 50, 49, -1, 18, 19, 51, 50, -1, 19, 20, 52, 51, -1, 20, 21, 53, 52, -1, 21, 22, 54, 53, -1, 22, 23, 55, 54, -1, 23, 24, 56, 55, -1, 24, 25, 57, 56, -1, 25, 26, 58, 57, -1, 26, 27, 59, 58, -1, 27, 28, 60, 59, -1, 28, 29, 61, 60, -1, 29, 30, 62, 61, -1, 30, 31, 63, 62, -1, 31, 0, 32, 63, -1 ] } }
Shape { appearance Appearance { material Material { diffuseColor 0.76 0.58 0.19 specularColor 0.25 0.25 0.25 shininess 0.3 } } geometry IndexedFaceSet { solid TRUE coord Coordinate { point [ 0.354331 -21.000000 4.334646, 0.347522 -20.930874 4.334646, 0.327359 -20.864404 4.334646, 0.294615 -20.803144 4.334646, 0.250550 -20.749450 4.334646, 0.196856 -20.705385 4.334646, 0.135596 -20.672641 4.334646, 0.069126 -20.652478 4.334646, 0.000000 -20.645669 4.334646, -0.069126 -20.652478 4.334646, -0.135596 -20.672641 4.334646, -0.196856 -20.705385 4.334646, -0.250550 -20.749450 4.334646, -0.294615 -20.803144 4.334646, -0.327359 -20.864404 4.334646, -0.347522 -20.930874 4.334646, -0.354331 -21.000000 4.334646, -0.347522 -21.069126 4.334646, -0.327359 -21.135596 4.334646, -0.294615 -21.196856 4.334646, -0.250550 -21.250550 4.334646, -0.196856 -21.294615 4.334646, -0.135596 -21.327359 4.334646, -0.069126 -21.347522 4.334646, -0.000000 -21.354331 4.334646, 0.069126 -21.347522 4.334646, 0.135596 -21.327359 4.334646, 0.196856 -21.294615 4.334646, 0.250550 -21.250550 4.334646, 0.294615 -21.196856 4.334646, 0.327359 -21.135596 4.334646, 0.347522 -21.069126 4.334646, 0.354331 -21.000000 4.374016, 0.347522 -20.930874 4.374016, 0.327359 -20.864404 4.374016, 0.294615 -20.803144 4.374016, 0.250550 -20.749450 4.374016, 0.196856 -20.705385 4.374016, 0.135596 -20.672641 4.374016, 0.069126 -20.652478 4.374016, 0.000000 -20.645669 4.374016, -0.069126 -20.652478 4.374016, -0.135596 -20.672641 4.374016, -0.196856 -20.705385 4.374016, -0.250550 -20.749450 4.374016, -0.294615 -20.803144 4.374016, -0.327359 -20.864404 4.374016, -0.347522 -20.930874 4.374016, -0.354331 -21.000000 4.374016, -0.347522 -21.069126 4.374016, -0.327359 -21.135596 4.374016, -0.294615 -21.196856 4.374016, -0.250550 -21.250550 4.374016, -0.196856 -21.294615 4.374016, -0.135596 -21.327359 4.374016, -0.069126 -21.347522 4.374016, -0.000000 -21.354331 4.374016, 0.069126 -21.347522 4.374016, 0.135596 -21.327359 4.374016, 0.196856 -21.294615 4.374016, 0.250550 -21.250550 4.374016, 0.294615 -21.196856 4.374016, 0.327359 -21.135596 4.374016, 0.347522 -21.069126 4.374016 ] } coordIndex [ 31, 30, 29, 28, 27, 26, 25, 24, 23, 22, 21, 20, 19, 18, 17, 16, 15, 14, 13, 12, 11, 10, 9, 8, 7, 6, 5, 4, 3, 2, 1, 0, -1, 32, 33, 34, 35, 36, 37, 38, 39, 40, 41, 42, 43, 44, 45, 46, 47, 48, 49, 50, 51, 52, 53, 54, 55, 56, 57, 58, 59, 60, 61, 62, 63, -1, 0, 1, 33, 32, -1, 1, 2, 34, 33, -1, 2, 3, 35, 34, -1, 3, 4, 36, 35, -1, 4, 5, 37, 36, -1, 5, 6, 38, 37, -1, 6, 7, 39, 38, -1, 7, 8, 40, 39, -1, 8, 9, 41, 40, -1, 9, 10, 42, 41, -1, 10, 11, 43, 42, -1, 11, 12, 44, 43, -1, 12, 13, 45, 44, -1, 13, 14, 46, 45, -1, 14, 15, 47, 46, -1, 15, 16, 48, 47, -1, 16, 17, 49, 48, -1, 17, 18, 50, 49, -1, 18, 19, 51, 50, -1, 19, 20, 52, 51, -1, 20, 21, 53, 52, -1, 21, 22, 54, 53, -1, 22, 23, 55, 54, -1, 23, 24, 56, 55, -1, 24, 25, 57, 56, -1, 25, 26, 58, 57, -1, 26, 27, 59, 58, -1, 27, 28, 60, 59, -1, 28, 29, 61, 60, -1, 29, 30, 62, 61, -1, 30, 31, 63, 62, -1, 31, 0, 32, 63, -1 ] } }
Shape { appearance Appearance { material Material { diffuseColor 0.035 0.04 0.045 specularColor 0.25 0.25 0.25 shininess 0.3 } } geometry IndexedFaceSet { solid TRUE coord Coordinate { point [ 0.141732 -21.000000 4.372047, 0.139009 -20.972349 4.372047, 0.130944 -20.945761 4.372047, 0.117846 -20.921258 4.372047, 0.100220 -20.899780 4.372047, 0.078742 -20.882154 4.372047, 0.054239 -20.869056 4.372047, 0.027651 -20.860991 4.372047, 0.000000 -20.858268 4.372047, -0.027651 -20.860991 4.372047, -0.054239 -20.869056 4.372047, -0.078742 -20.882154 4.372047, -0.100220 -20.899780 4.372047, -0.117846 -20.921258 4.372047, -0.130944 -20.945761 4.372047, -0.139009 -20.972349 4.372047, -0.141732 -21.000000 4.372047, -0.139009 -21.027651 4.372047, -0.130944 -21.054239 4.372047, -0.117846 -21.078742 4.372047, -0.100220 -21.100220 4.372047, -0.078742 -21.117846 4.372047, -0.054239 -21.130944 4.372047, -0.027651 -21.139009 4.372047, -0.000000 -21.141732 4.372047, 0.027651 -21.139009 4.372047, 0.054239 -21.130944 4.372047, 0.078742 -21.117846 4.372047, 0.100220 -21.100220 4.372047, 0.117846 -21.078742 4.372047, 0.130944 -21.054239 4.372047, 0.139009 -21.027651 4.372047, 0.141732 -21.000000 4.391732, 0.139009 -20.972349 4.391732, 0.130944 -20.945761 4.391732, 0.117846 -20.921258 4.391732, 0.100220 -20.899780 4.391732, 0.078742 -20.882154 4.391732, 0.054239 -20.869056 4.391732, 0.027651 -20.860991 4.391732, 0.000000 -20.858268 4.391732, -0.027651 -20.860991 4.391732, -0.054239 -20.869056 4.391732, -0.078742 -20.882154 4.391732, -0.100220 -20.899780 4.391732, -0.117846 -20.921258 4.391732, -0.130944 -20.945761 4.391732, -0.139009 -20.972349 4.391732, -0.141732 -21.000000 4.391732, -0.139009 -21.027651 4.391732, -0.130944 -21.054239 4.391732, -0.117846 -21.078742 4.391732, -0.100220 -21.100220 4.391732, -0.078742 -21.117846 4.391732, -0.054239 -21.130944 4.391732, -0.027651 -21.139009 4.391732, -0.000000 -21.141732 4.391732, 0.027651 -21.139009 4.391732, 0.054239 -21.130944 4.391732, 0.078742 -21.117846 4.391732, 0.100220 -21.100220 4.391732, 0.117846 -21.078742 4.391732, 0.130944 -21.054239 4.391732, 0.139009 -21.027651 4.391732 ] } coordIndex [ 31, 30, 29, 28, 27, 26, 25, 24, 23, 22, 21, 20, 19, 18, 17, 16, 15, 14, 13, 12, 11, 10, 9, 8, 7, 6, 5, 4, 3, 2, 1, 0, -1, 32, 33, 34, 35, 36, 37, 38, 39, 40, 41, 42, 43, 44, 45, 46, 47, 48, 49, 50, 51, 52, 53, 54, 55, 56, 57, 58, 59, 60, 61, 62, 63, -1, 0, 1, 33, 32, -1, 1, 2, 34, 33, -1, 2, 3, 35, 34, -1, 3, 4, 36, 35, -1, 4, 5, 37, 36, -1, 5, 6, 38, 37, -1, 6, 7, 39, 38, -1, 7, 8, 40, 39, -1, 8, 9, 41, 40, -1, 9, 10, 42, 41, -1, 10, 11, 43, 42, -1, 11, 12, 44, 43, -1, 12, 13, 45, 44, -1, 13, 14, 46, 45, -1, 14, 15, 47, 46, -1, 15, 16, 48, 47, -1, 16, 17, 49, 48, -1, 17, 18, 50, 49, -1, 18, 19, 51, 50, -1, 19, 20, 52, 51, -1, 20, 21, 53, 52, -1, 21, 22, 54, 53, -1, 22, 23, 55, 54, -1, 23, 24, 56, 55, -1, 24, 25, 57, 56, -1, 25, 26, 58, 57, -1, 26, 27, 59, 58, -1, 27, 28, 60, 59, -1, 28, 29, 61, 60, -1, 29, 30, 62, 61, -1, 30, 31, 63, 62, -1, 31, 0, 32, 63, -1 ] } }
Shape { appearance Appearance { material Material { diffuseColor 0.76 0.58 0.19 specularColor 0.25 0.25 0.25 shininess 0.3 } } geometry IndexedFaceSet { solid TRUE coord Coordinate { point [ 0.354331 -22.000000 4.334646, 0.347522 -21.930874 4.334646, 0.327359 -21.864404 4.334646, 0.294615 -21.803144 4.334646, 0.250550 -21.749450 4.334646, 0.196856 -21.705385 4.334646, 0.135596 -21.672641 4.334646, 0.069126 -21.652478 4.334646, 0.000000 -21.645669 4.334646, -0.069126 -21.652478 4.334646, -0.135596 -21.672641 4.334646, -0.196856 -21.705385 4.334646, -0.250550 -21.749450 4.334646, -0.294615 -21.803144 4.334646, -0.327359 -21.864404 4.334646, -0.347522 -21.930874 4.334646, -0.354331 -22.000000 4.334646, -0.347522 -22.069126 4.334646, -0.327359 -22.135596 4.334646, -0.294615 -22.196856 4.334646, -0.250550 -22.250550 4.334646, -0.196856 -22.294615 4.334646, -0.135596 -22.327359 4.334646, -0.069126 -22.347522 4.334646, -0.000000 -22.354331 4.334646, 0.069126 -22.347522 4.334646, 0.135596 -22.327359 4.334646, 0.196856 -22.294615 4.334646, 0.250550 -22.250550 4.334646, 0.294615 -22.196856 4.334646, 0.327359 -22.135596 4.334646, 0.347522 -22.069126 4.334646, 0.354331 -22.000000 4.374016, 0.347522 -21.930874 4.374016, 0.327359 -21.864404 4.374016, 0.294615 -21.803144 4.374016, 0.250550 -21.749450 4.374016, 0.196856 -21.705385 4.374016, 0.135596 -21.672641 4.374016, 0.069126 -21.652478 4.374016, 0.000000 -21.645669 4.374016, -0.069126 -21.652478 4.374016, -0.135596 -21.672641 4.374016, -0.196856 -21.705385 4.374016, -0.250550 -21.749450 4.374016, -0.294615 -21.803144 4.374016, -0.327359 -21.864404 4.374016, -0.347522 -21.930874 4.374016, -0.354331 -22.000000 4.374016, -0.347522 -22.069126 4.374016, -0.327359 -22.135596 4.374016, -0.294615 -22.196856 4.374016, -0.250550 -22.250550 4.374016, -0.196856 -22.294615 4.374016, -0.135596 -22.327359 4.374016, -0.069126 -22.347522 4.374016, -0.000000 -22.354331 4.374016, 0.069126 -22.347522 4.374016, 0.135596 -22.327359 4.374016, 0.196856 -22.294615 4.374016, 0.250550 -22.250550 4.374016, 0.294615 -22.196856 4.374016, 0.327359 -22.135596 4.374016, 0.347522 -22.069126 4.374016 ] } coordIndex [ 31, 30, 29, 28, 27, 26, 25, 24, 23, 22, 21, 20, 19, 18, 17, 16, 15, 14, 13, 12, 11, 10, 9, 8, 7, 6, 5, 4, 3, 2, 1, 0, -1, 32, 33, 34, 35, 36, 37, 38, 39, 40, 41, 42, 43, 44, 45, 46, 47, 48, 49, 50, 51, 52, 53, 54, 55, 56, 57, 58, 59, 60, 61, 62, 63, -1, 0, 1, 33, 32, -1, 1, 2, 34, 33, -1, 2, 3, 35, 34, -1, 3, 4, 36, 35, -1, 4, 5, 37, 36, -1, 5, 6, 38, 37, -1, 6, 7, 39, 38, -1, 7, 8, 40, 39, -1, 8, 9, 41, 40, -1, 9, 10, 42, 41, -1, 10, 11, 43, 42, -1, 11, 12, 44, 43, -1, 12, 13, 45, 44, -1, 13, 14, 46, 45, -1, 14, 15, 47, 46, -1, 15, 16, 48, 47, -1, 16, 17, 49, 48, -1, 17, 18, 50, 49, -1, 18, 19, 51, 50, -1, 19, 20, 52, 51, -1, 20, 21, 53, 52, -1, 21, 22, 54, 53, -1, 22, 23, 55, 54, -1, 23, 24, 56, 55, -1, 24, 25, 57, 56, -1, 25, 26, 58, 57, -1, 26, 27, 59, 58, -1, 27, 28, 60, 59, -1, 28, 29, 61, 60, -1, 29, 30, 62, 61, -1, 30, 31, 63, 62, -1, 31, 0, 32, 63, -1 ] } }
Shape { appearance Appearance { material Material { diffuseColor 0.035 0.04 0.045 specularColor 0.25 0.25 0.25 shininess 0.3 } } geometry IndexedFaceSet { solid TRUE coord Coordinate { point [ 0.141732 -22.000000 4.372047, 0.139009 -21.972349 4.372047, 0.130944 -21.945761 4.372047, 0.117846 -21.921258 4.372047, 0.100220 -21.899780 4.372047, 0.078742 -21.882154 4.372047, 0.054239 -21.869056 4.372047, 0.027651 -21.860991 4.372047, 0.000000 -21.858268 4.372047, -0.027651 -21.860991 4.372047, -0.054239 -21.869056 4.372047, -0.078742 -21.882154 4.372047, -0.100220 -21.899780 4.372047, -0.117846 -21.921258 4.372047, -0.130944 -21.945761 4.372047, -0.139009 -21.972349 4.372047, -0.141732 -22.000000 4.372047, -0.139009 -22.027651 4.372047, -0.130944 -22.054239 4.372047, -0.117846 -22.078742 4.372047, -0.100220 -22.100220 4.372047, -0.078742 -22.117846 4.372047, -0.054239 -22.130944 4.372047, -0.027651 -22.139009 4.372047, -0.000000 -22.141732 4.372047, 0.027651 -22.139009 4.372047, 0.054239 -22.130944 4.372047, 0.078742 -22.117846 4.372047, 0.100220 -22.100220 4.372047, 0.117846 -22.078742 4.372047, 0.130944 -22.054239 4.372047, 0.139009 -22.027651 4.372047, 0.141732 -22.000000 4.391732, 0.139009 -21.972349 4.391732, 0.130944 -21.945761 4.391732, 0.117846 -21.921258 4.391732, 0.100220 -21.899780 4.391732, 0.078742 -21.882154 4.391732, 0.054239 -21.869056 4.391732, 0.027651 -21.860991 4.391732, 0.000000 -21.858268 4.391732, -0.027651 -21.860991 4.391732, -0.054239 -21.869056 4.391732, -0.078742 -21.882154 4.391732, -0.100220 -21.899780 4.391732, -0.117846 -21.921258 4.391732, -0.130944 -21.945761 4.391732, -0.139009 -21.972349 4.391732, -0.141732 -22.000000 4.391732, -0.139009 -22.027651 4.391732, -0.130944 -22.054239 4.391732, -0.117846 -22.078742 4.391732, -0.100220 -22.100220 4.391732, -0.078742 -22.117846 4.391732, -0.054239 -22.130944 4.391732, -0.027651 -22.139009 4.391732, -0.000000 -22.141732 4.391732, 0.027651 -22.139009 4.391732, 0.054239 -22.130944 4.391732, 0.078742 -22.117846 4.391732, 0.100220 -22.100220 4.391732, 0.117846 -22.078742 4.391732, 0.130944 -22.054239 4.391732, 0.139009 -22.027651 4.391732 ] } coordIndex [ 31, 30, 29, 28, 27, 26, 25, 24, 23, 22, 21, 20, 19, 18, 17, 16, 15, 14, 13, 12, 11, 10, 9, 8, 7, 6, 5, 4, 3, 2, 1, 0, -1, 32, 33, 34, 35, 36, 37, 38, 39, 40, 41, 42, 43, 44, 45, 46, 47, 48, 49, 50, 51, 52, 53, 54, 55, 56, 57, 58, 59, 60, 61, 62, 63, -1, 0, 1, 33, 32, -1, 1, 2, 34, 33, -1, 2, 3, 35, 34, -1, 3, 4, 36, 35, -1, 4, 5, 37, 36, -1, 5, 6, 38, 37, -1, 6, 7, 39, 38, -1, 7, 8, 40, 39, -1, 8, 9, 41, 40, -1, 9, 10, 42, 41, -1, 10, 11, 43, 42, -1, 11, 12, 44, 43, -1, 12, 13, 45, 44, -1, 13, 14, 46, 45, -1, 14, 15, 47, 46, -1, 15, 16, 48, 47, -1, 16, 17, 49, 48, -1, 17, 18, 50, 49, -1, 18, 19, 51, 50, -1, 19, 20, 52, 51, -1, 20, 21, 53, 52, -1, 21, 22, 54, 53, -1, 22, 23, 55, 54, -1, 23, 24, 56, 55, -1, 24, 25, 57, 56, -1, 25, 26, 58, 57, -1, 26, 27, 59, 58, -1, 27, 28, 60, 59, -1, 28, 29, 61, 60, -1, 29, 30, 62, 61, -1, 30, 31, 63, 62, -1, 31, 0, 32, 63, -1 ] } }
Shape { appearance Appearance { material Material { diffuseColor 0.76 0.58 0.19 specularColor 0.25 0.25 0.25 shininess 0.3 } } geometry IndexedFaceSet { solid TRUE coord Coordinate { point [ 0.354331 -23.000000 4.334646, 0.347522 -22.930874 4.334646, 0.327359 -22.864404 4.334646, 0.294615 -22.803144 4.334646, 0.250550 -22.749450 4.334646, 0.196856 -22.705385 4.334646, 0.135596 -22.672641 4.334646, 0.069126 -22.652478 4.334646, 0.000000 -22.645669 4.334646, -0.069126 -22.652478 4.334646, -0.135596 -22.672641 4.334646, -0.196856 -22.705385 4.334646, -0.250550 -22.749450 4.334646, -0.294615 -22.803144 4.334646, -0.327359 -22.864404 4.334646, -0.347522 -22.930874 4.334646, -0.354331 -23.000000 4.334646, -0.347522 -23.069126 4.334646, -0.327359 -23.135596 4.334646, -0.294615 -23.196856 4.334646, -0.250550 -23.250550 4.334646, -0.196856 -23.294615 4.334646, -0.135596 -23.327359 4.334646, -0.069126 -23.347522 4.334646, -0.000000 -23.354331 4.334646, 0.069126 -23.347522 4.334646, 0.135596 -23.327359 4.334646, 0.196856 -23.294615 4.334646, 0.250550 -23.250550 4.334646, 0.294615 -23.196856 4.334646, 0.327359 -23.135596 4.334646, 0.347522 -23.069126 4.334646, 0.354331 -23.000000 4.374016, 0.347522 -22.930874 4.374016, 0.327359 -22.864404 4.374016, 0.294615 -22.803144 4.374016, 0.250550 -22.749450 4.374016, 0.196856 -22.705385 4.374016, 0.135596 -22.672641 4.374016, 0.069126 -22.652478 4.374016, 0.000000 -22.645669 4.374016, -0.069126 -22.652478 4.374016, -0.135596 -22.672641 4.374016, -0.196856 -22.705385 4.374016, -0.250550 -22.749450 4.374016, -0.294615 -22.803144 4.374016, -0.327359 -22.864404 4.374016, -0.347522 -22.930874 4.374016, -0.354331 -23.000000 4.374016, -0.347522 -23.069126 4.374016, -0.327359 -23.135596 4.374016, -0.294615 -23.196856 4.374016, -0.250550 -23.250550 4.374016, -0.196856 -23.294615 4.374016, -0.135596 -23.327359 4.374016, -0.069126 -23.347522 4.374016, -0.000000 -23.354331 4.374016, 0.069126 -23.347522 4.374016, 0.135596 -23.327359 4.374016, 0.196856 -23.294615 4.374016, 0.250550 -23.250550 4.374016, 0.294615 -23.196856 4.374016, 0.327359 -23.135596 4.374016, 0.347522 -23.069126 4.374016 ] } coordIndex [ 31, 30, 29, 28, 27, 26, 25, 24, 23, 22, 21, 20, 19, 18, 17, 16, 15, 14, 13, 12, 11, 10, 9, 8, 7, 6, 5, 4, 3, 2, 1, 0, -1, 32, 33, 34, 35, 36, 37, 38, 39, 40, 41, 42, 43, 44, 45, 46, 47, 48, 49, 50, 51, 52, 53, 54, 55, 56, 57, 58, 59, 60, 61, 62, 63, -1, 0, 1, 33, 32, -1, 1, 2, 34, 33, -1, 2, 3, 35, 34, -1, 3, 4, 36, 35, -1, 4, 5, 37, 36, -1, 5, 6, 38, 37, -1, 6, 7, 39, 38, -1, 7, 8, 40, 39, -1, 8, 9, 41, 40, -1, 9, 10, 42, 41, -1, 10, 11, 43, 42, -1, 11, 12, 44, 43, -1, 12, 13, 45, 44, -1, 13, 14, 46, 45, -1, 14, 15, 47, 46, -1, 15, 16, 48, 47, -1, 16, 17, 49, 48, -1, 17, 18, 50, 49, -1, 18, 19, 51, 50, -1, 19, 20, 52, 51, -1, 20, 21, 53, 52, -1, 21, 22, 54, 53, -1, 22, 23, 55, 54, -1, 23, 24, 56, 55, -1, 24, 25, 57, 56, -1, 25, 26, 58, 57, -1, 26, 27, 59, 58, -1, 27, 28, 60, 59, -1, 28, 29, 61, 60, -1, 29, 30, 62, 61, -1, 30, 31, 63, 62, -1, 31, 0, 32, 63, -1 ] } }
Shape { appearance Appearance { material Material { diffuseColor 0.035 0.04 0.045 specularColor 0.25 0.25 0.25 shininess 0.3 } } geometry IndexedFaceSet { solid TRUE coord Coordinate { point [ 0.141732 -23.000000 4.372047, 0.139009 -22.972349 4.372047, 0.130944 -22.945761 4.372047, 0.117846 -22.921258 4.372047, 0.100220 -22.899780 4.372047, 0.078742 -22.882154 4.372047, 0.054239 -22.869056 4.372047, 0.027651 -22.860991 4.372047, 0.000000 -22.858268 4.372047, -0.027651 -22.860991 4.372047, -0.054239 -22.869056 4.372047, -0.078742 -22.882154 4.372047, -0.100220 -22.899780 4.372047, -0.117846 -22.921258 4.372047, -0.130944 -22.945761 4.372047, -0.139009 -22.972349 4.372047, -0.141732 -23.000000 4.372047, -0.139009 -23.027651 4.372047, -0.130944 -23.054239 4.372047, -0.117846 -23.078742 4.372047, -0.100220 -23.100220 4.372047, -0.078742 -23.117846 4.372047, -0.054239 -23.130944 4.372047, -0.027651 -23.139009 4.372047, -0.000000 -23.141732 4.372047, 0.027651 -23.139009 4.372047, 0.054239 -23.130944 4.372047, 0.078742 -23.117846 4.372047, 0.100220 -23.100220 4.372047, 0.117846 -23.078742 4.372047, 0.130944 -23.054239 4.372047, 0.139009 -23.027651 4.372047, 0.141732 -23.000000 4.391732, 0.139009 -22.972349 4.391732, 0.130944 -22.945761 4.391732, 0.117846 -22.921258 4.391732, 0.100220 -22.899780 4.391732, 0.078742 -22.882154 4.391732, 0.054239 -22.869056 4.391732, 0.027651 -22.860991 4.391732, 0.000000 -22.858268 4.391732, -0.027651 -22.860991 4.391732, -0.054239 -22.869056 4.391732, -0.078742 -22.882154 4.391732, -0.100220 -22.899780 4.391732, -0.117846 -22.921258 4.391732, -0.130944 -22.945761 4.391732, -0.139009 -22.972349 4.391732, -0.141732 -23.000000 4.391732, -0.139009 -23.027651 4.391732, -0.130944 -23.054239 4.391732, -0.117846 -23.078742 4.391732, -0.100220 -23.100220 4.391732, -0.078742 -23.117846 4.391732, -0.054239 -23.130944 4.391732, -0.027651 -23.139009 4.391732, -0.000000 -23.141732 4.391732, 0.027651 -23.139009 4.391732, 0.054239 -23.130944 4.391732, 0.078742 -23.117846 4.391732, 0.100220 -23.100220 4.391732, 0.117846 -23.078742 4.391732, 0.130944 -23.054239 4.391732, 0.139009 -23.027651 4.391732 ] } coordIndex [ 31, 30, 29, 28, 27, 26, 25, 24, 23, 22, 21, 20, 19, 18, 17, 16, 15, 14, 13, 12, 11, 10, 9, 8, 7, 6, 5, 4, 3, 2, 1, 0, -1, 32, 33, 34, 35, 36, 37, 38, 39, 40, 41, 42, 43, 44, 45, 46, 47, 48, 49, 50, 51, 52, 53, 54, 55, 56, 57, 58, 59, 60, 61, 62, 63, -1, 0, 1, 33, 32, -1, 1, 2, 34, 33, -1, 2, 3, 35, 34, -1, 3, 4, 36, 35, -1, 4, 5, 37, 36, -1, 5, 6, 38, 37, -1, 6, 7, 39, 38, -1, 7, 8, 40, 39, -1, 8, 9, 41, 40, -1, 9, 10, 42, 41, -1, 10, 11, 43, 42, -1, 11, 12, 44, 43, -1, 12, 13, 45, 44, -1, 13, 14, 46, 45, -1, 14, 15, 47, 46, -1, 15, 16, 48, 47, -1, 16, 17, 49, 48, -1, 17, 18, 50, 49, -1, 18, 19, 51, 50, -1, 19, 20, 52, 51, -1, 20, 21, 53, 52, -1, 21, 22, 54, 53, -1, 22, 23, 55, 54, -1, 23, 24, 56, 55, -1, 24, 25, 57, 56, -1, 25, 26, 58, 57, -1, 26, 27, 59, 58, -1, 27, 28, 60, 59, -1, 28, 29, 61, 60, -1, 29, 30, 62, 61, -1, 30, 31, 63, 62, -1, 31, 0, 32, 63, -1 ] } }
Shape { appearance Appearance { material Material { diffuseColor 0.76 0.58 0.19 specularColor 0.25 0.25 0.25 shininess 0.3 } } geometry IndexedFaceSet { solid TRUE coord Coordinate { point [ 6.354331 0.000000 4.334646, 6.347522 0.069126 4.334646, 6.327359 0.135596 4.334646, 6.294615 0.196856 4.334646, 6.250550 0.250550 4.334646, 6.196856 0.294615 4.334646, 6.135596 0.327359 4.334646, 6.069126 0.347522 4.334646, 6.000000 0.354331 4.334646, 5.930874 0.347522 4.334646, 5.864404 0.327359 4.334646, 5.803144 0.294615 4.334646, 5.749450 0.250550 4.334646, 5.705385 0.196856 4.334646, 5.672641 0.135596 4.334646, 5.652478 0.069126 4.334646, 5.645669 0.000000 4.334646, 5.652478 -0.069126 4.334646, 5.672641 -0.135596 4.334646, 5.705385 -0.196856 4.334646, 5.749450 -0.250550 4.334646, 5.803144 -0.294615 4.334646, 5.864404 -0.327359 4.334646, 5.930874 -0.347522 4.334646, 6.000000 -0.354331 4.334646, 6.069126 -0.347522 4.334646, 6.135596 -0.327359 4.334646, 6.196856 -0.294615 4.334646, 6.250550 -0.250550 4.334646, 6.294615 -0.196856 4.334646, 6.327359 -0.135596 4.334646, 6.347522 -0.069126 4.334646, 6.354331 0.000000 4.374016, 6.347522 0.069126 4.374016, 6.327359 0.135596 4.374016, 6.294615 0.196856 4.374016, 6.250550 0.250550 4.374016, 6.196856 0.294615 4.374016, 6.135596 0.327359 4.374016, 6.069126 0.347522 4.374016, 6.000000 0.354331 4.374016, 5.930874 0.347522 4.374016, 5.864404 0.327359 4.374016, 5.803144 0.294615 4.374016, 5.749450 0.250550 4.374016, 5.705385 0.196856 4.374016, 5.672641 0.135596 4.374016, 5.652478 0.069126 4.374016, 5.645669 0.000000 4.374016, 5.652478 -0.069126 4.374016, 5.672641 -0.135596 4.374016, 5.705385 -0.196856 4.374016, 5.749450 -0.250550 4.374016, 5.803144 -0.294615 4.374016, 5.864404 -0.327359 4.374016, 5.930874 -0.347522 4.374016, 6.000000 -0.354331 4.374016, 6.069126 -0.347522 4.374016, 6.135596 -0.327359 4.374016, 6.196856 -0.294615 4.374016, 6.250550 -0.250550 4.374016, 6.294615 -0.196856 4.374016, 6.327359 -0.135596 4.374016, 6.347522 -0.069126 4.374016 ] } coordIndex [ 31, 30, 29, 28, 27, 26, 25, 24, 23, 22, 21, 20, 19, 18, 17, 16, 15, 14, 13, 12, 11, 10, 9, 8, 7, 6, 5, 4, 3, 2, 1, 0, -1, 32, 33, 34, 35, 36, 37, 38, 39, 40, 41, 42, 43, 44, 45, 46, 47, 48, 49, 50, 51, 52, 53, 54, 55, 56, 57, 58, 59, 60, 61, 62, 63, -1, 0, 1, 33, 32, -1, 1, 2, 34, 33, -1, 2, 3, 35, 34, -1, 3, 4, 36, 35, -1, 4, 5, 37, 36, -1, 5, 6, 38, 37, -1, 6, 7, 39, 38, -1, 7, 8, 40, 39, -1, 8, 9, 41, 40, -1, 9, 10, 42, 41, -1, 10, 11, 43, 42, -1, 11, 12, 44, 43, -1, 12, 13, 45, 44, -1, 13, 14, 46, 45, -1, 14, 15, 47, 46, -1, 15, 16, 48, 47, -1, 16, 17, 49, 48, -1, 17, 18, 50, 49, -1, 18, 19, 51, 50, -1, 19, 20, 52, 51, -1, 20, 21, 53, 52, -1, 21, 22, 54, 53, -1, 22, 23, 55, 54, -1, 23, 24, 56, 55, -1, 24, 25, 57, 56, -1, 25, 26, 58, 57, -1, 26, 27, 59, 58, -1, 27, 28, 60, 59, -1, 28, 29, 61, 60, -1, 29, 30, 62, 61, -1, 30, 31, 63, 62, -1, 31, 0, 32, 63, -1 ] } }
Shape { appearance Appearance { material Material { diffuseColor 0.035 0.04 0.045 specularColor 0.25 0.25 0.25 shininess 0.3 } } geometry IndexedFaceSet { solid TRUE coord Coordinate { point [ 6.141732 0.000000 4.372047, 6.139009 0.027651 4.372047, 6.130944 0.054239 4.372047, 6.117846 0.078742 4.372047, 6.100220 0.100220 4.372047, 6.078742 0.117846 4.372047, 6.054239 0.130944 4.372047, 6.027651 0.139009 4.372047, 6.000000 0.141732 4.372047, 5.972349 0.139009 4.372047, 5.945761 0.130944 4.372047, 5.921258 0.117846 4.372047, 5.899780 0.100220 4.372047, 5.882154 0.078742 4.372047, 5.869056 0.054239 4.372047, 5.860991 0.027651 4.372047, 5.858268 0.000000 4.372047, 5.860991 -0.027651 4.372047, 5.869056 -0.054239 4.372047, 5.882154 -0.078742 4.372047, 5.899780 -0.100220 4.372047, 5.921258 -0.117846 4.372047, 5.945761 -0.130944 4.372047, 5.972349 -0.139009 4.372047, 6.000000 -0.141732 4.372047, 6.027651 -0.139009 4.372047, 6.054239 -0.130944 4.372047, 6.078742 -0.117846 4.372047, 6.100220 -0.100220 4.372047, 6.117846 -0.078742 4.372047, 6.130944 -0.054239 4.372047, 6.139009 -0.027651 4.372047, 6.141732 0.000000 4.391732, 6.139009 0.027651 4.391732, 6.130944 0.054239 4.391732, 6.117846 0.078742 4.391732, 6.100220 0.100220 4.391732, 6.078742 0.117846 4.391732, 6.054239 0.130944 4.391732, 6.027651 0.139009 4.391732, 6.000000 0.141732 4.391732, 5.972349 0.139009 4.391732, 5.945761 0.130944 4.391732, 5.921258 0.117846 4.391732, 5.899780 0.100220 4.391732, 5.882154 0.078742 4.391732, 5.869056 0.054239 4.391732, 5.860991 0.027651 4.391732, 5.858268 0.000000 4.391732, 5.860991 -0.027651 4.391732, 5.869056 -0.054239 4.391732, 5.882154 -0.078742 4.391732, 5.899780 -0.100220 4.391732, 5.921258 -0.117846 4.391732, 5.945761 -0.130944 4.391732, 5.972349 -0.139009 4.391732, 6.000000 -0.141732 4.391732, 6.027651 -0.139009 4.391732, 6.054239 -0.130944 4.391732, 6.078742 -0.117846 4.391732, 6.100220 -0.100220 4.391732, 6.117846 -0.078742 4.391732, 6.130944 -0.054239 4.391732, 6.139009 -0.027651 4.391732 ] } coordIndex [ 31, 30, 29, 28, 27, 26, 25, 24, 23, 22, 21, 20, 19, 18, 17, 16, 15, 14, 13, 12, 11, 10, 9, 8, 7, 6, 5, 4, 3, 2, 1, 0, -1, 32, 33, 34, 35, 36, 37, 38, 39, 40, 41, 42, 43, 44, 45, 46, 47, 48, 49, 50, 51, 52, 53, 54, 55, 56, 57, 58, 59, 60, 61, 62, 63, -1, 0, 1, 33, 32, -1, 1, 2, 34, 33, -1, 2, 3, 35, 34, -1, 3, 4, 36, 35, -1, 4, 5, 37, 36, -1, 5, 6, 38, 37, -1, 6, 7, 39, 38, -1, 7, 8, 40, 39, -1, 8, 9, 41, 40, -1, 9, 10, 42, 41, -1, 10, 11, 43, 42, -1, 11, 12, 44, 43, -1, 12, 13, 45, 44, -1, 13, 14, 46, 45, -1, 14, 15, 47, 46, -1, 15, 16, 48, 47, -1, 16, 17, 49, 48, -1, 17, 18, 50, 49, -1, 18, 19, 51, 50, -1, 19, 20, 52, 51, -1, 20, 21, 53, 52, -1, 21, 22, 54, 53, -1, 22, 23, 55, 54, -1, 23, 24, 56, 55, -1, 24, 25, 57, 56, -1, 25, 26, 58, 57, -1, 26, 27, 59, 58, -1, 27, 28, 60, 59, -1, 28, 29, 61, 60, -1, 29, 30, 62, 61, -1, 30, 31, 63, 62, -1, 31, 0, 32, 63, -1 ] } }
Shape { appearance Appearance { material Material { diffuseColor 0.76 0.58 0.19 specularColor 0.25 0.25 0.25 shininess 0.3 } } geometry IndexedFaceSet { solid TRUE coord Coordinate { point [ 6.354331 -1.000000 4.334646, 6.347522 -0.930874 4.334646, 6.327359 -0.864404 4.334646, 6.294615 -0.803144 4.334646, 6.250550 -0.749450 4.334646, 6.196856 -0.705385 4.334646, 6.135596 -0.672641 4.334646, 6.069126 -0.652478 4.334646, 6.000000 -0.645669 4.334646, 5.930874 -0.652478 4.334646, 5.864404 -0.672641 4.334646, 5.803144 -0.705385 4.334646, 5.749450 -0.749450 4.334646, 5.705385 -0.803144 4.334646, 5.672641 -0.864404 4.334646, 5.652478 -0.930874 4.334646, 5.645669 -1.000000 4.334646, 5.652478 -1.069126 4.334646, 5.672641 -1.135596 4.334646, 5.705385 -1.196856 4.334646, 5.749450 -1.250550 4.334646, 5.803144 -1.294615 4.334646, 5.864404 -1.327359 4.334646, 5.930874 -1.347522 4.334646, 6.000000 -1.354331 4.334646, 6.069126 -1.347522 4.334646, 6.135596 -1.327359 4.334646, 6.196856 -1.294615 4.334646, 6.250550 -1.250550 4.334646, 6.294615 -1.196856 4.334646, 6.327359 -1.135596 4.334646, 6.347522 -1.069126 4.334646, 6.354331 -1.000000 4.374016, 6.347522 -0.930874 4.374016, 6.327359 -0.864404 4.374016, 6.294615 -0.803144 4.374016, 6.250550 -0.749450 4.374016, 6.196856 -0.705385 4.374016, 6.135596 -0.672641 4.374016, 6.069126 -0.652478 4.374016, 6.000000 -0.645669 4.374016, 5.930874 -0.652478 4.374016, 5.864404 -0.672641 4.374016, 5.803144 -0.705385 4.374016, 5.749450 -0.749450 4.374016, 5.705385 -0.803144 4.374016, 5.672641 -0.864404 4.374016, 5.652478 -0.930874 4.374016, 5.645669 -1.000000 4.374016, 5.652478 -1.069126 4.374016, 5.672641 -1.135596 4.374016, 5.705385 -1.196856 4.374016, 5.749450 -1.250550 4.374016, 5.803144 -1.294615 4.374016, 5.864404 -1.327359 4.374016, 5.930874 -1.347522 4.374016, 6.000000 -1.354331 4.374016, 6.069126 -1.347522 4.374016, 6.135596 -1.327359 4.374016, 6.196856 -1.294615 4.374016, 6.250550 -1.250550 4.374016, 6.294615 -1.196856 4.374016, 6.327359 -1.135596 4.374016, 6.347522 -1.069126 4.374016 ] } coordIndex [ 31, 30, 29, 28, 27, 26, 25, 24, 23, 22, 21, 20, 19, 18, 17, 16, 15, 14, 13, 12, 11, 10, 9, 8, 7, 6, 5, 4, 3, 2, 1, 0, -1, 32, 33, 34, 35, 36, 37, 38, 39, 40, 41, 42, 43, 44, 45, 46, 47, 48, 49, 50, 51, 52, 53, 54, 55, 56, 57, 58, 59, 60, 61, 62, 63, -1, 0, 1, 33, 32, -1, 1, 2, 34, 33, -1, 2, 3, 35, 34, -1, 3, 4, 36, 35, -1, 4, 5, 37, 36, -1, 5, 6, 38, 37, -1, 6, 7, 39, 38, -1, 7, 8, 40, 39, -1, 8, 9, 41, 40, -1, 9, 10, 42, 41, -1, 10, 11, 43, 42, -1, 11, 12, 44, 43, -1, 12, 13, 45, 44, -1, 13, 14, 46, 45, -1, 14, 15, 47, 46, -1, 15, 16, 48, 47, -1, 16, 17, 49, 48, -1, 17, 18, 50, 49, -1, 18, 19, 51, 50, -1, 19, 20, 52, 51, -1, 20, 21, 53, 52, -1, 21, 22, 54, 53, -1, 22, 23, 55, 54, -1, 23, 24, 56, 55, -1, 24, 25, 57, 56, -1, 25, 26, 58, 57, -1, 26, 27, 59, 58, -1, 27, 28, 60, 59, -1, 28, 29, 61, 60, -1, 29, 30, 62, 61, -1, 30, 31, 63, 62, -1, 31, 0, 32, 63, -1 ] } }
Shape { appearance Appearance { material Material { diffuseColor 0.035 0.04 0.045 specularColor 0.25 0.25 0.25 shininess 0.3 } } geometry IndexedFaceSet { solid TRUE coord Coordinate { point [ 6.141732 -1.000000 4.372047, 6.139009 -0.972349 4.372047, 6.130944 -0.945761 4.372047, 6.117846 -0.921258 4.372047, 6.100220 -0.899780 4.372047, 6.078742 -0.882154 4.372047, 6.054239 -0.869056 4.372047, 6.027651 -0.860991 4.372047, 6.000000 -0.858268 4.372047, 5.972349 -0.860991 4.372047, 5.945761 -0.869056 4.372047, 5.921258 -0.882154 4.372047, 5.899780 -0.899780 4.372047, 5.882154 -0.921258 4.372047, 5.869056 -0.945761 4.372047, 5.860991 -0.972349 4.372047, 5.858268 -1.000000 4.372047, 5.860991 -1.027651 4.372047, 5.869056 -1.054239 4.372047, 5.882154 -1.078742 4.372047, 5.899780 -1.100220 4.372047, 5.921258 -1.117846 4.372047, 5.945761 -1.130944 4.372047, 5.972349 -1.139009 4.372047, 6.000000 -1.141732 4.372047, 6.027651 -1.139009 4.372047, 6.054239 -1.130944 4.372047, 6.078742 -1.117846 4.372047, 6.100220 -1.100220 4.372047, 6.117846 -1.078742 4.372047, 6.130944 -1.054239 4.372047, 6.139009 -1.027651 4.372047, 6.141732 -1.000000 4.391732, 6.139009 -0.972349 4.391732, 6.130944 -0.945761 4.391732, 6.117846 -0.921258 4.391732, 6.100220 -0.899780 4.391732, 6.078742 -0.882154 4.391732, 6.054239 -0.869056 4.391732, 6.027651 -0.860991 4.391732, 6.000000 -0.858268 4.391732, 5.972349 -0.860991 4.391732, 5.945761 -0.869056 4.391732, 5.921258 -0.882154 4.391732, 5.899780 -0.899780 4.391732, 5.882154 -0.921258 4.391732, 5.869056 -0.945761 4.391732, 5.860991 -0.972349 4.391732, 5.858268 -1.000000 4.391732, 5.860991 -1.027651 4.391732, 5.869056 -1.054239 4.391732, 5.882154 -1.078742 4.391732, 5.899780 -1.100220 4.391732, 5.921258 -1.117846 4.391732, 5.945761 -1.130944 4.391732, 5.972349 -1.139009 4.391732, 6.000000 -1.141732 4.391732, 6.027651 -1.139009 4.391732, 6.054239 -1.130944 4.391732, 6.078742 -1.117846 4.391732, 6.100220 -1.100220 4.391732, 6.117846 -1.078742 4.391732, 6.130944 -1.054239 4.391732, 6.139009 -1.027651 4.391732 ] } coordIndex [ 31, 30, 29, 28, 27, 26, 25, 24, 23, 22, 21, 20, 19, 18, 17, 16, 15, 14, 13, 12, 11, 10, 9, 8, 7, 6, 5, 4, 3, 2, 1, 0, -1, 32, 33, 34, 35, 36, 37, 38, 39, 40, 41, 42, 43, 44, 45, 46, 47, 48, 49, 50, 51, 52, 53, 54, 55, 56, 57, 58, 59, 60, 61, 62, 63, -1, 0, 1, 33, 32, -1, 1, 2, 34, 33, -1, 2, 3, 35, 34, -1, 3, 4, 36, 35, -1, 4, 5, 37, 36, -1, 5, 6, 38, 37, -1, 6, 7, 39, 38, -1, 7, 8, 40, 39, -1, 8, 9, 41, 40, -1, 9, 10, 42, 41, -1, 10, 11, 43, 42, -1, 11, 12, 44, 43, -1, 12, 13, 45, 44, -1, 13, 14, 46, 45, -1, 14, 15, 47, 46, -1, 15, 16, 48, 47, -1, 16, 17, 49, 48, -1, 17, 18, 50, 49, -1, 18, 19, 51, 50, -1, 19, 20, 52, 51, -1, 20, 21, 53, 52, -1, 21, 22, 54, 53, -1, 22, 23, 55, 54, -1, 23, 24, 56, 55, -1, 24, 25, 57, 56, -1, 25, 26, 58, 57, -1, 26, 27, 59, 58, -1, 27, 28, 60, 59, -1, 28, 29, 61, 60, -1, 29, 30, 62, 61, -1, 30, 31, 63, 62, -1, 31, 0, 32, 63, -1 ] } }
Shape { appearance Appearance { material Material { diffuseColor 0.76 0.58 0.19 specularColor 0.25 0.25 0.25 shininess 0.3 } } geometry IndexedFaceSet { solid TRUE coord Coordinate { point [ 6.354331 -2.000000 4.334646, 6.347522 -1.930874 4.334646, 6.327359 -1.864404 4.334646, 6.294615 -1.803144 4.334646, 6.250550 -1.749450 4.334646, 6.196856 -1.705385 4.334646, 6.135596 -1.672641 4.334646, 6.069126 -1.652478 4.334646, 6.000000 -1.645669 4.334646, 5.930874 -1.652478 4.334646, 5.864404 -1.672641 4.334646, 5.803144 -1.705385 4.334646, 5.749450 -1.749450 4.334646, 5.705385 -1.803144 4.334646, 5.672641 -1.864404 4.334646, 5.652478 -1.930874 4.334646, 5.645669 -2.000000 4.334646, 5.652478 -2.069126 4.334646, 5.672641 -2.135596 4.334646, 5.705385 -2.196856 4.334646, 5.749450 -2.250550 4.334646, 5.803144 -2.294615 4.334646, 5.864404 -2.327359 4.334646, 5.930874 -2.347522 4.334646, 6.000000 -2.354331 4.334646, 6.069126 -2.347522 4.334646, 6.135596 -2.327359 4.334646, 6.196856 -2.294615 4.334646, 6.250550 -2.250550 4.334646, 6.294615 -2.196856 4.334646, 6.327359 -2.135596 4.334646, 6.347522 -2.069126 4.334646, 6.354331 -2.000000 4.374016, 6.347522 -1.930874 4.374016, 6.327359 -1.864404 4.374016, 6.294615 -1.803144 4.374016, 6.250550 -1.749450 4.374016, 6.196856 -1.705385 4.374016, 6.135596 -1.672641 4.374016, 6.069126 -1.652478 4.374016, 6.000000 -1.645669 4.374016, 5.930874 -1.652478 4.374016, 5.864404 -1.672641 4.374016, 5.803144 -1.705385 4.374016, 5.749450 -1.749450 4.374016, 5.705385 -1.803144 4.374016, 5.672641 -1.864404 4.374016, 5.652478 -1.930874 4.374016, 5.645669 -2.000000 4.374016, 5.652478 -2.069126 4.374016, 5.672641 -2.135596 4.374016, 5.705385 -2.196856 4.374016, 5.749450 -2.250550 4.374016, 5.803144 -2.294615 4.374016, 5.864404 -2.327359 4.374016, 5.930874 -2.347522 4.374016, 6.000000 -2.354331 4.374016, 6.069126 -2.347522 4.374016, 6.135596 -2.327359 4.374016, 6.196856 -2.294615 4.374016, 6.250550 -2.250550 4.374016, 6.294615 -2.196856 4.374016, 6.327359 -2.135596 4.374016, 6.347522 -2.069126 4.374016 ] } coordIndex [ 31, 30, 29, 28, 27, 26, 25, 24, 23, 22, 21, 20, 19, 18, 17, 16, 15, 14, 13, 12, 11, 10, 9, 8, 7, 6, 5, 4, 3, 2, 1, 0, -1, 32, 33, 34, 35, 36, 37, 38, 39, 40, 41, 42, 43, 44, 45, 46, 47, 48, 49, 50, 51, 52, 53, 54, 55, 56, 57, 58, 59, 60, 61, 62, 63, -1, 0, 1, 33, 32, -1, 1, 2, 34, 33, -1, 2, 3, 35, 34, -1, 3, 4, 36, 35, -1, 4, 5, 37, 36, -1, 5, 6, 38, 37, -1, 6, 7, 39, 38, -1, 7, 8, 40, 39, -1, 8, 9, 41, 40, -1, 9, 10, 42, 41, -1, 10, 11, 43, 42, -1, 11, 12, 44, 43, -1, 12, 13, 45, 44, -1, 13, 14, 46, 45, -1, 14, 15, 47, 46, -1, 15, 16, 48, 47, -1, 16, 17, 49, 48, -1, 17, 18, 50, 49, -1, 18, 19, 51, 50, -1, 19, 20, 52, 51, -1, 20, 21, 53, 52, -1, 21, 22, 54, 53, -1, 22, 23, 55, 54, -1, 23, 24, 56, 55, -1, 24, 25, 57, 56, -1, 25, 26, 58, 57, -1, 26, 27, 59, 58, -1, 27, 28, 60, 59, -1, 28, 29, 61, 60, -1, 29, 30, 62, 61, -1, 30, 31, 63, 62, -1, 31, 0, 32, 63, -1 ] } }
Shape { appearance Appearance { material Material { diffuseColor 0.035 0.04 0.045 specularColor 0.25 0.25 0.25 shininess 0.3 } } geometry IndexedFaceSet { solid TRUE coord Coordinate { point [ 6.141732 -2.000000 4.372047, 6.139009 -1.972349 4.372047, 6.130944 -1.945761 4.372047, 6.117846 -1.921258 4.372047, 6.100220 -1.899780 4.372047, 6.078742 -1.882154 4.372047, 6.054239 -1.869056 4.372047, 6.027651 -1.860991 4.372047, 6.000000 -1.858268 4.372047, 5.972349 -1.860991 4.372047, 5.945761 -1.869056 4.372047, 5.921258 -1.882154 4.372047, 5.899780 -1.899780 4.372047, 5.882154 -1.921258 4.372047, 5.869056 -1.945761 4.372047, 5.860991 -1.972349 4.372047, 5.858268 -2.000000 4.372047, 5.860991 -2.027651 4.372047, 5.869056 -2.054239 4.372047, 5.882154 -2.078742 4.372047, 5.899780 -2.100220 4.372047, 5.921258 -2.117846 4.372047, 5.945761 -2.130944 4.372047, 5.972349 -2.139009 4.372047, 6.000000 -2.141732 4.372047, 6.027651 -2.139009 4.372047, 6.054239 -2.130944 4.372047, 6.078742 -2.117846 4.372047, 6.100220 -2.100220 4.372047, 6.117846 -2.078742 4.372047, 6.130944 -2.054239 4.372047, 6.139009 -2.027651 4.372047, 6.141732 -2.000000 4.391732, 6.139009 -1.972349 4.391732, 6.130944 -1.945761 4.391732, 6.117846 -1.921258 4.391732, 6.100220 -1.899780 4.391732, 6.078742 -1.882154 4.391732, 6.054239 -1.869056 4.391732, 6.027651 -1.860991 4.391732, 6.000000 -1.858268 4.391732, 5.972349 -1.860991 4.391732, 5.945761 -1.869056 4.391732, 5.921258 -1.882154 4.391732, 5.899780 -1.899780 4.391732, 5.882154 -1.921258 4.391732, 5.869056 -1.945761 4.391732, 5.860991 -1.972349 4.391732, 5.858268 -2.000000 4.391732, 5.860991 -2.027651 4.391732, 5.869056 -2.054239 4.391732, 5.882154 -2.078742 4.391732, 5.899780 -2.100220 4.391732, 5.921258 -2.117846 4.391732, 5.945761 -2.130944 4.391732, 5.972349 -2.139009 4.391732, 6.000000 -2.141732 4.391732, 6.027651 -2.139009 4.391732, 6.054239 -2.130944 4.391732, 6.078742 -2.117846 4.391732, 6.100220 -2.100220 4.391732, 6.117846 -2.078742 4.391732, 6.130944 -2.054239 4.391732, 6.139009 -2.027651 4.391732 ] } coordIndex [ 31, 30, 29, 28, 27, 26, 25, 24, 23, 22, 21, 20, 19, 18, 17, 16, 15, 14, 13, 12, 11, 10, 9, 8, 7, 6, 5, 4, 3, 2, 1, 0, -1, 32, 33, 34, 35, 36, 37, 38, 39, 40, 41, 42, 43, 44, 45, 46, 47, 48, 49, 50, 51, 52, 53, 54, 55, 56, 57, 58, 59, 60, 61, 62, 63, -1, 0, 1, 33, 32, -1, 1, 2, 34, 33, -1, 2, 3, 35, 34, -1, 3, 4, 36, 35, -1, 4, 5, 37, 36, -1, 5, 6, 38, 37, -1, 6, 7, 39, 38, -1, 7, 8, 40, 39, -1, 8, 9, 41, 40, -1, 9, 10, 42, 41, -1, 10, 11, 43, 42, -1, 11, 12, 44, 43, -1, 12, 13, 45, 44, -1, 13, 14, 46, 45, -1, 14, 15, 47, 46, -1, 15, 16, 48, 47, -1, 16, 17, 49, 48, -1, 17, 18, 50, 49, -1, 18, 19, 51, 50, -1, 19, 20, 52, 51, -1, 20, 21, 53, 52, -1, 21, 22, 54, 53, -1, 22, 23, 55, 54, -1, 23, 24, 56, 55, -1, 24, 25, 57, 56, -1, 25, 26, 58, 57, -1, 26, 27, 59, 58, -1, 27, 28, 60, 59, -1, 28, 29, 61, 60, -1, 29, 30, 62, 61, -1, 30, 31, 63, 62, -1, 31, 0, 32, 63, -1 ] } }
Shape { appearance Appearance { material Material { diffuseColor 0.76 0.58 0.19 specularColor 0.25 0.25 0.25 shininess 0.3 } } geometry IndexedFaceSet { solid TRUE coord Coordinate { point [ 6.354331 -3.000000 4.334646, 6.347522 -2.930874 4.334646, 6.327359 -2.864404 4.334646, 6.294615 -2.803144 4.334646, 6.250550 -2.749450 4.334646, 6.196856 -2.705385 4.334646, 6.135596 -2.672641 4.334646, 6.069126 -2.652478 4.334646, 6.000000 -2.645669 4.334646, 5.930874 -2.652478 4.334646, 5.864404 -2.672641 4.334646, 5.803144 -2.705385 4.334646, 5.749450 -2.749450 4.334646, 5.705385 -2.803144 4.334646, 5.672641 -2.864404 4.334646, 5.652478 -2.930874 4.334646, 5.645669 -3.000000 4.334646, 5.652478 -3.069126 4.334646, 5.672641 -3.135596 4.334646, 5.705385 -3.196856 4.334646, 5.749450 -3.250550 4.334646, 5.803144 -3.294615 4.334646, 5.864404 -3.327359 4.334646, 5.930874 -3.347522 4.334646, 6.000000 -3.354331 4.334646, 6.069126 -3.347522 4.334646, 6.135596 -3.327359 4.334646, 6.196856 -3.294615 4.334646, 6.250550 -3.250550 4.334646, 6.294615 -3.196856 4.334646, 6.327359 -3.135596 4.334646, 6.347522 -3.069126 4.334646, 6.354331 -3.000000 4.374016, 6.347522 -2.930874 4.374016, 6.327359 -2.864404 4.374016, 6.294615 -2.803144 4.374016, 6.250550 -2.749450 4.374016, 6.196856 -2.705385 4.374016, 6.135596 -2.672641 4.374016, 6.069126 -2.652478 4.374016, 6.000000 -2.645669 4.374016, 5.930874 -2.652478 4.374016, 5.864404 -2.672641 4.374016, 5.803144 -2.705385 4.374016, 5.749450 -2.749450 4.374016, 5.705385 -2.803144 4.374016, 5.672641 -2.864404 4.374016, 5.652478 -2.930874 4.374016, 5.645669 -3.000000 4.374016, 5.652478 -3.069126 4.374016, 5.672641 -3.135596 4.374016, 5.705385 -3.196856 4.374016, 5.749450 -3.250550 4.374016, 5.803144 -3.294615 4.374016, 5.864404 -3.327359 4.374016, 5.930874 -3.347522 4.374016, 6.000000 -3.354331 4.374016, 6.069126 -3.347522 4.374016, 6.135596 -3.327359 4.374016, 6.196856 -3.294615 4.374016, 6.250550 -3.250550 4.374016, 6.294615 -3.196856 4.374016, 6.327359 -3.135596 4.374016, 6.347522 -3.069126 4.374016 ] } coordIndex [ 31, 30, 29, 28, 27, 26, 25, 24, 23, 22, 21, 20, 19, 18, 17, 16, 15, 14, 13, 12, 11, 10, 9, 8, 7, 6, 5, 4, 3, 2, 1, 0, -1, 32, 33, 34, 35, 36, 37, 38, 39, 40, 41, 42, 43, 44, 45, 46, 47, 48, 49, 50, 51, 52, 53, 54, 55, 56, 57, 58, 59, 60, 61, 62, 63, -1, 0, 1, 33, 32, -1, 1, 2, 34, 33, -1, 2, 3, 35, 34, -1, 3, 4, 36, 35, -1, 4, 5, 37, 36, -1, 5, 6, 38, 37, -1, 6, 7, 39, 38, -1, 7, 8, 40, 39, -1, 8, 9, 41, 40, -1, 9, 10, 42, 41, -1, 10, 11, 43, 42, -1, 11, 12, 44, 43, -1, 12, 13, 45, 44, -1, 13, 14, 46, 45, -1, 14, 15, 47, 46, -1, 15, 16, 48, 47, -1, 16, 17, 49, 48, -1, 17, 18, 50, 49, -1, 18, 19, 51, 50, -1, 19, 20, 52, 51, -1, 20, 21, 53, 52, -1, 21, 22, 54, 53, -1, 22, 23, 55, 54, -1, 23, 24, 56, 55, -1, 24, 25, 57, 56, -1, 25, 26, 58, 57, -1, 26, 27, 59, 58, -1, 27, 28, 60, 59, -1, 28, 29, 61, 60, -1, 29, 30, 62, 61, -1, 30, 31, 63, 62, -1, 31, 0, 32, 63, -1 ] } }
Shape { appearance Appearance { material Material { diffuseColor 0.035 0.04 0.045 specularColor 0.25 0.25 0.25 shininess 0.3 } } geometry IndexedFaceSet { solid TRUE coord Coordinate { point [ 6.141732 -3.000000 4.372047, 6.139009 -2.972349 4.372047, 6.130944 -2.945761 4.372047, 6.117846 -2.921258 4.372047, 6.100220 -2.899780 4.372047, 6.078742 -2.882154 4.372047, 6.054239 -2.869056 4.372047, 6.027651 -2.860991 4.372047, 6.000000 -2.858268 4.372047, 5.972349 -2.860991 4.372047, 5.945761 -2.869056 4.372047, 5.921258 -2.882154 4.372047, 5.899780 -2.899780 4.372047, 5.882154 -2.921258 4.372047, 5.869056 -2.945761 4.372047, 5.860991 -2.972349 4.372047, 5.858268 -3.000000 4.372047, 5.860991 -3.027651 4.372047, 5.869056 -3.054239 4.372047, 5.882154 -3.078742 4.372047, 5.899780 -3.100220 4.372047, 5.921258 -3.117846 4.372047, 5.945761 -3.130944 4.372047, 5.972349 -3.139009 4.372047, 6.000000 -3.141732 4.372047, 6.027651 -3.139009 4.372047, 6.054239 -3.130944 4.372047, 6.078742 -3.117846 4.372047, 6.100220 -3.100220 4.372047, 6.117846 -3.078742 4.372047, 6.130944 -3.054239 4.372047, 6.139009 -3.027651 4.372047, 6.141732 -3.000000 4.391732, 6.139009 -2.972349 4.391732, 6.130944 -2.945761 4.391732, 6.117846 -2.921258 4.391732, 6.100220 -2.899780 4.391732, 6.078742 -2.882154 4.391732, 6.054239 -2.869056 4.391732, 6.027651 -2.860991 4.391732, 6.000000 -2.858268 4.391732, 5.972349 -2.860991 4.391732, 5.945761 -2.869056 4.391732, 5.921258 -2.882154 4.391732, 5.899780 -2.899780 4.391732, 5.882154 -2.921258 4.391732, 5.869056 -2.945761 4.391732, 5.860991 -2.972349 4.391732, 5.858268 -3.000000 4.391732, 5.860991 -3.027651 4.391732, 5.869056 -3.054239 4.391732, 5.882154 -3.078742 4.391732, 5.899780 -3.100220 4.391732, 5.921258 -3.117846 4.391732, 5.945761 -3.130944 4.391732, 5.972349 -3.139009 4.391732, 6.000000 -3.141732 4.391732, 6.027651 -3.139009 4.391732, 6.054239 -3.130944 4.391732, 6.078742 -3.117846 4.391732, 6.100220 -3.100220 4.391732, 6.117846 -3.078742 4.391732, 6.130944 -3.054239 4.391732, 6.139009 -3.027651 4.391732 ] } coordIndex [ 31, 30, 29, 28, 27, 26, 25, 24, 23, 22, 21, 20, 19, 18, 17, 16, 15, 14, 13, 12, 11, 10, 9, 8, 7, 6, 5, 4, 3, 2, 1, 0, -1, 32, 33, 34, 35, 36, 37, 38, 39, 40, 41, 42, 43, 44, 45, 46, 47, 48, 49, 50, 51, 52, 53, 54, 55, 56, 57, 58, 59, 60, 61, 62, 63, -1, 0, 1, 33, 32, -1, 1, 2, 34, 33, -1, 2, 3, 35, 34, -1, 3, 4, 36, 35, -1, 4, 5, 37, 36, -1, 5, 6, 38, 37, -1, 6, 7, 39, 38, -1, 7, 8, 40, 39, -1, 8, 9, 41, 40, -1, 9, 10, 42, 41, -1, 10, 11, 43, 42, -1, 11, 12, 44, 43, -1, 12, 13, 45, 44, -1, 13, 14, 46, 45, -1, 14, 15, 47, 46, -1, 15, 16, 48, 47, -1, 16, 17, 49, 48, -1, 17, 18, 50, 49, -1, 18, 19, 51, 50, -1, 19, 20, 52, 51, -1, 20, 21, 53, 52, -1, 21, 22, 54, 53, -1, 22, 23, 55, 54, -1, 23, 24, 56, 55, -1, 24, 25, 57, 56, -1, 25, 26, 58, 57, -1, 26, 27, 59, 58, -1, 27, 28, 60, 59, -1, 28, 29, 61, 60, -1, 29, 30, 62, 61, -1, 30, 31, 63, 62, -1, 31, 0, 32, 63, -1 ] } }
Shape { appearance Appearance { material Material { diffuseColor 0.76 0.58 0.19 specularColor 0.25 0.25 0.25 shininess 0.3 } } geometry IndexedFaceSet { solid TRUE coord Coordinate { point [ 6.354331 -4.000000 4.334646, 6.347522 -3.930874 4.334646, 6.327359 -3.864404 4.334646, 6.294615 -3.803144 4.334646, 6.250550 -3.749450 4.334646, 6.196856 -3.705385 4.334646, 6.135596 -3.672641 4.334646, 6.069126 -3.652478 4.334646, 6.000000 -3.645669 4.334646, 5.930874 -3.652478 4.334646, 5.864404 -3.672641 4.334646, 5.803144 -3.705385 4.334646, 5.749450 -3.749450 4.334646, 5.705385 -3.803144 4.334646, 5.672641 -3.864404 4.334646, 5.652478 -3.930874 4.334646, 5.645669 -4.000000 4.334646, 5.652478 -4.069126 4.334646, 5.672641 -4.135596 4.334646, 5.705385 -4.196856 4.334646, 5.749450 -4.250550 4.334646, 5.803144 -4.294615 4.334646, 5.864404 -4.327359 4.334646, 5.930874 -4.347522 4.334646, 6.000000 -4.354331 4.334646, 6.069126 -4.347522 4.334646, 6.135596 -4.327359 4.334646, 6.196856 -4.294615 4.334646, 6.250550 -4.250550 4.334646, 6.294615 -4.196856 4.334646, 6.327359 -4.135596 4.334646, 6.347522 -4.069126 4.334646, 6.354331 -4.000000 4.374016, 6.347522 -3.930874 4.374016, 6.327359 -3.864404 4.374016, 6.294615 -3.803144 4.374016, 6.250550 -3.749450 4.374016, 6.196856 -3.705385 4.374016, 6.135596 -3.672641 4.374016, 6.069126 -3.652478 4.374016, 6.000000 -3.645669 4.374016, 5.930874 -3.652478 4.374016, 5.864404 -3.672641 4.374016, 5.803144 -3.705385 4.374016, 5.749450 -3.749450 4.374016, 5.705385 -3.803144 4.374016, 5.672641 -3.864404 4.374016, 5.652478 -3.930874 4.374016, 5.645669 -4.000000 4.374016, 5.652478 -4.069126 4.374016, 5.672641 -4.135596 4.374016, 5.705385 -4.196856 4.374016, 5.749450 -4.250550 4.374016, 5.803144 -4.294615 4.374016, 5.864404 -4.327359 4.374016, 5.930874 -4.347522 4.374016, 6.000000 -4.354331 4.374016, 6.069126 -4.347522 4.374016, 6.135596 -4.327359 4.374016, 6.196856 -4.294615 4.374016, 6.250550 -4.250550 4.374016, 6.294615 -4.196856 4.374016, 6.327359 -4.135596 4.374016, 6.347522 -4.069126 4.374016 ] } coordIndex [ 31, 30, 29, 28, 27, 26, 25, 24, 23, 22, 21, 20, 19, 18, 17, 16, 15, 14, 13, 12, 11, 10, 9, 8, 7, 6, 5, 4, 3, 2, 1, 0, -1, 32, 33, 34, 35, 36, 37, 38, 39, 40, 41, 42, 43, 44, 45, 46, 47, 48, 49, 50, 51, 52, 53, 54, 55, 56, 57, 58, 59, 60, 61, 62, 63, -1, 0, 1, 33, 32, -1, 1, 2, 34, 33, -1, 2, 3, 35, 34, -1, 3, 4, 36, 35, -1, 4, 5, 37, 36, -1, 5, 6, 38, 37, -1, 6, 7, 39, 38, -1, 7, 8, 40, 39, -1, 8, 9, 41, 40, -1, 9, 10, 42, 41, -1, 10, 11, 43, 42, -1, 11, 12, 44, 43, -1, 12, 13, 45, 44, -1, 13, 14, 46, 45, -1, 14, 15, 47, 46, -1, 15, 16, 48, 47, -1, 16, 17, 49, 48, -1, 17, 18, 50, 49, -1, 18, 19, 51, 50, -1, 19, 20, 52, 51, -1, 20, 21, 53, 52, -1, 21, 22, 54, 53, -1, 22, 23, 55, 54, -1, 23, 24, 56, 55, -1, 24, 25, 57, 56, -1, 25, 26, 58, 57, -1, 26, 27, 59, 58, -1, 27, 28, 60, 59, -1, 28, 29, 61, 60, -1, 29, 30, 62, 61, -1, 30, 31, 63, 62, -1, 31, 0, 32, 63, -1 ] } }
Shape { appearance Appearance { material Material { diffuseColor 0.035 0.04 0.045 specularColor 0.25 0.25 0.25 shininess 0.3 } } geometry IndexedFaceSet { solid TRUE coord Coordinate { point [ 6.141732 -4.000000 4.372047, 6.139009 -3.972349 4.372047, 6.130944 -3.945761 4.372047, 6.117846 -3.921258 4.372047, 6.100220 -3.899780 4.372047, 6.078742 -3.882154 4.372047, 6.054239 -3.869056 4.372047, 6.027651 -3.860991 4.372047, 6.000000 -3.858268 4.372047, 5.972349 -3.860991 4.372047, 5.945761 -3.869056 4.372047, 5.921258 -3.882154 4.372047, 5.899780 -3.899780 4.372047, 5.882154 -3.921258 4.372047, 5.869056 -3.945761 4.372047, 5.860991 -3.972349 4.372047, 5.858268 -4.000000 4.372047, 5.860991 -4.027651 4.372047, 5.869056 -4.054239 4.372047, 5.882154 -4.078742 4.372047, 5.899780 -4.100220 4.372047, 5.921258 -4.117846 4.372047, 5.945761 -4.130944 4.372047, 5.972349 -4.139009 4.372047, 6.000000 -4.141732 4.372047, 6.027651 -4.139009 4.372047, 6.054239 -4.130944 4.372047, 6.078742 -4.117846 4.372047, 6.100220 -4.100220 4.372047, 6.117846 -4.078742 4.372047, 6.130944 -4.054239 4.372047, 6.139009 -4.027651 4.372047, 6.141732 -4.000000 4.391732, 6.139009 -3.972349 4.391732, 6.130944 -3.945761 4.391732, 6.117846 -3.921258 4.391732, 6.100220 -3.899780 4.391732, 6.078742 -3.882154 4.391732, 6.054239 -3.869056 4.391732, 6.027651 -3.860991 4.391732, 6.000000 -3.858268 4.391732, 5.972349 -3.860991 4.391732, 5.945761 -3.869056 4.391732, 5.921258 -3.882154 4.391732, 5.899780 -3.899780 4.391732, 5.882154 -3.921258 4.391732, 5.869056 -3.945761 4.391732, 5.860991 -3.972349 4.391732, 5.858268 -4.000000 4.391732, 5.860991 -4.027651 4.391732, 5.869056 -4.054239 4.391732, 5.882154 -4.078742 4.391732, 5.899780 -4.100220 4.391732, 5.921258 -4.117846 4.391732, 5.945761 -4.130944 4.391732, 5.972349 -4.139009 4.391732, 6.000000 -4.141732 4.391732, 6.027651 -4.139009 4.391732, 6.054239 -4.130944 4.391732, 6.078742 -4.117846 4.391732, 6.100220 -4.100220 4.391732, 6.117846 -4.078742 4.391732, 6.130944 -4.054239 4.391732, 6.139009 -4.027651 4.391732 ] } coordIndex [ 31, 30, 29, 28, 27, 26, 25, 24, 23, 22, 21, 20, 19, 18, 17, 16, 15, 14, 13, 12, 11, 10, 9, 8, 7, 6, 5, 4, 3, 2, 1, 0, -1, 32, 33, 34, 35, 36, 37, 38, 39, 40, 41, 42, 43, 44, 45, 46, 47, 48, 49, 50, 51, 52, 53, 54, 55, 56, 57, 58, 59, 60, 61, 62, 63, -1, 0, 1, 33, 32, -1, 1, 2, 34, 33, -1, 2, 3, 35, 34, -1, 3, 4, 36, 35, -1, 4, 5, 37, 36, -1, 5, 6, 38, 37, -1, 6, 7, 39, 38, -1, 7, 8, 40, 39, -1, 8, 9, 41, 40, -1, 9, 10, 42, 41, -1, 10, 11, 43, 42, -1, 11, 12, 44, 43, -1, 12, 13, 45, 44, -1, 13, 14, 46, 45, -1, 14, 15, 47, 46, -1, 15, 16, 48, 47, -1, 16, 17, 49, 48, -1, 17, 18, 50, 49, -1, 18, 19, 51, 50, -1, 19, 20, 52, 51, -1, 20, 21, 53, 52, -1, 21, 22, 54, 53, -1, 22, 23, 55, 54, -1, 23, 24, 56, 55, -1, 24, 25, 57, 56, -1, 25, 26, 58, 57, -1, 26, 27, 59, 58, -1, 27, 28, 60, 59, -1, 28, 29, 61, 60, -1, 29, 30, 62, 61, -1, 30, 31, 63, 62, -1, 31, 0, 32, 63, -1 ] } }
Shape { appearance Appearance { material Material { diffuseColor 0.76 0.58 0.19 specularColor 0.25 0.25 0.25 shininess 0.3 } } geometry IndexedFaceSet { solid TRUE coord Coordinate { point [ 6.354331 -5.000000 4.334646, 6.347522 -4.930874 4.334646, 6.327359 -4.864404 4.334646, 6.294615 -4.803144 4.334646, 6.250550 -4.749450 4.334646, 6.196856 -4.705385 4.334646, 6.135596 -4.672641 4.334646, 6.069126 -4.652478 4.334646, 6.000000 -4.645669 4.334646, 5.930874 -4.652478 4.334646, 5.864404 -4.672641 4.334646, 5.803144 -4.705385 4.334646, 5.749450 -4.749450 4.334646, 5.705385 -4.803144 4.334646, 5.672641 -4.864404 4.334646, 5.652478 -4.930874 4.334646, 5.645669 -5.000000 4.334646, 5.652478 -5.069126 4.334646, 5.672641 -5.135596 4.334646, 5.705385 -5.196856 4.334646, 5.749450 -5.250550 4.334646, 5.803144 -5.294615 4.334646, 5.864404 -5.327359 4.334646, 5.930874 -5.347522 4.334646, 6.000000 -5.354331 4.334646, 6.069126 -5.347522 4.334646, 6.135596 -5.327359 4.334646, 6.196856 -5.294615 4.334646, 6.250550 -5.250550 4.334646, 6.294615 -5.196856 4.334646, 6.327359 -5.135596 4.334646, 6.347522 -5.069126 4.334646, 6.354331 -5.000000 4.374016, 6.347522 -4.930874 4.374016, 6.327359 -4.864404 4.374016, 6.294615 -4.803144 4.374016, 6.250550 -4.749450 4.374016, 6.196856 -4.705385 4.374016, 6.135596 -4.672641 4.374016, 6.069126 -4.652478 4.374016, 6.000000 -4.645669 4.374016, 5.930874 -4.652478 4.374016, 5.864404 -4.672641 4.374016, 5.803144 -4.705385 4.374016, 5.749450 -4.749450 4.374016, 5.705385 -4.803144 4.374016, 5.672641 -4.864404 4.374016, 5.652478 -4.930874 4.374016, 5.645669 -5.000000 4.374016, 5.652478 -5.069126 4.374016, 5.672641 -5.135596 4.374016, 5.705385 -5.196856 4.374016, 5.749450 -5.250550 4.374016, 5.803144 -5.294615 4.374016, 5.864404 -5.327359 4.374016, 5.930874 -5.347522 4.374016, 6.000000 -5.354331 4.374016, 6.069126 -5.347522 4.374016, 6.135596 -5.327359 4.374016, 6.196856 -5.294615 4.374016, 6.250550 -5.250550 4.374016, 6.294615 -5.196856 4.374016, 6.327359 -5.135596 4.374016, 6.347522 -5.069126 4.374016 ] } coordIndex [ 31, 30, 29, 28, 27, 26, 25, 24, 23, 22, 21, 20, 19, 18, 17, 16, 15, 14, 13, 12, 11, 10, 9, 8, 7, 6, 5, 4, 3, 2, 1, 0, -1, 32, 33, 34, 35, 36, 37, 38, 39, 40, 41, 42, 43, 44, 45, 46, 47, 48, 49, 50, 51, 52, 53, 54, 55, 56, 57, 58, 59, 60, 61, 62, 63, -1, 0, 1, 33, 32, -1, 1, 2, 34, 33, -1, 2, 3, 35, 34, -1, 3, 4, 36, 35, -1, 4, 5, 37, 36, -1, 5, 6, 38, 37, -1, 6, 7, 39, 38, -1, 7, 8, 40, 39, -1, 8, 9, 41, 40, -1, 9, 10, 42, 41, -1, 10, 11, 43, 42, -1, 11, 12, 44, 43, -1, 12, 13, 45, 44, -1, 13, 14, 46, 45, -1, 14, 15, 47, 46, -1, 15, 16, 48, 47, -1, 16, 17, 49, 48, -1, 17, 18, 50, 49, -1, 18, 19, 51, 50, -1, 19, 20, 52, 51, -1, 20, 21, 53, 52, -1, 21, 22, 54, 53, -1, 22, 23, 55, 54, -1, 23, 24, 56, 55, -1, 24, 25, 57, 56, -1, 25, 26, 58, 57, -1, 26, 27, 59, 58, -1, 27, 28, 60, 59, -1, 28, 29, 61, 60, -1, 29, 30, 62, 61, -1, 30, 31, 63, 62, -1, 31, 0, 32, 63, -1 ] } }
Shape { appearance Appearance { material Material { diffuseColor 0.035 0.04 0.045 specularColor 0.25 0.25 0.25 shininess 0.3 } } geometry IndexedFaceSet { solid TRUE coord Coordinate { point [ 6.141732 -5.000000 4.372047, 6.139009 -4.972349 4.372047, 6.130944 -4.945761 4.372047, 6.117846 -4.921258 4.372047, 6.100220 -4.899780 4.372047, 6.078742 -4.882154 4.372047, 6.054239 -4.869056 4.372047, 6.027651 -4.860991 4.372047, 6.000000 -4.858268 4.372047, 5.972349 -4.860991 4.372047, 5.945761 -4.869056 4.372047, 5.921258 -4.882154 4.372047, 5.899780 -4.899780 4.372047, 5.882154 -4.921258 4.372047, 5.869056 -4.945761 4.372047, 5.860991 -4.972349 4.372047, 5.858268 -5.000000 4.372047, 5.860991 -5.027651 4.372047, 5.869056 -5.054239 4.372047, 5.882154 -5.078742 4.372047, 5.899780 -5.100220 4.372047, 5.921258 -5.117846 4.372047, 5.945761 -5.130944 4.372047, 5.972349 -5.139009 4.372047, 6.000000 -5.141732 4.372047, 6.027651 -5.139009 4.372047, 6.054239 -5.130944 4.372047, 6.078742 -5.117846 4.372047, 6.100220 -5.100220 4.372047, 6.117846 -5.078742 4.372047, 6.130944 -5.054239 4.372047, 6.139009 -5.027651 4.372047, 6.141732 -5.000000 4.391732, 6.139009 -4.972349 4.391732, 6.130944 -4.945761 4.391732, 6.117846 -4.921258 4.391732, 6.100220 -4.899780 4.391732, 6.078742 -4.882154 4.391732, 6.054239 -4.869056 4.391732, 6.027651 -4.860991 4.391732, 6.000000 -4.858268 4.391732, 5.972349 -4.860991 4.391732, 5.945761 -4.869056 4.391732, 5.921258 -4.882154 4.391732, 5.899780 -4.899780 4.391732, 5.882154 -4.921258 4.391732, 5.869056 -4.945761 4.391732, 5.860991 -4.972349 4.391732, 5.858268 -5.000000 4.391732, 5.860991 -5.027651 4.391732, 5.869056 -5.054239 4.391732, 5.882154 -5.078742 4.391732, 5.899780 -5.100220 4.391732, 5.921258 -5.117846 4.391732, 5.945761 -5.130944 4.391732, 5.972349 -5.139009 4.391732, 6.000000 -5.141732 4.391732, 6.027651 -5.139009 4.391732, 6.054239 -5.130944 4.391732, 6.078742 -5.117846 4.391732, 6.100220 -5.100220 4.391732, 6.117846 -5.078742 4.391732, 6.130944 -5.054239 4.391732, 6.139009 -5.027651 4.391732 ] } coordIndex [ 31, 30, 29, 28, 27, 26, 25, 24, 23, 22, 21, 20, 19, 18, 17, 16, 15, 14, 13, 12, 11, 10, 9, 8, 7, 6, 5, 4, 3, 2, 1, 0, -1, 32, 33, 34, 35, 36, 37, 38, 39, 40, 41, 42, 43, 44, 45, 46, 47, 48, 49, 50, 51, 52, 53, 54, 55, 56, 57, 58, 59, 60, 61, 62, 63, -1, 0, 1, 33, 32, -1, 1, 2, 34, 33, -1, 2, 3, 35, 34, -1, 3, 4, 36, 35, -1, 4, 5, 37, 36, -1, 5, 6, 38, 37, -1, 6, 7, 39, 38, -1, 7, 8, 40, 39, -1, 8, 9, 41, 40, -1, 9, 10, 42, 41, -1, 10, 11, 43, 42, -1, 11, 12, 44, 43, -1, 12, 13, 45, 44, -1, 13, 14, 46, 45, -1, 14, 15, 47, 46, -1, 15, 16, 48, 47, -1, 16, 17, 49, 48, -1, 17, 18, 50, 49, -1, 18, 19, 51, 50, -1, 19, 20, 52, 51, -1, 20, 21, 53, 52, -1, 21, 22, 54, 53, -1, 22, 23, 55, 54, -1, 23, 24, 56, 55, -1, 24, 25, 57, 56, -1, 25, 26, 58, 57, -1, 26, 27, 59, 58, -1, 27, 28, 60, 59, -1, 28, 29, 61, 60, -1, 29, 30, 62, 61, -1, 30, 31, 63, 62, -1, 31, 0, 32, 63, -1 ] } }
Shape { appearance Appearance { material Material { diffuseColor 0.76 0.58 0.19 specularColor 0.25 0.25 0.25 shininess 0.3 } } geometry IndexedFaceSet { solid TRUE coord Coordinate { point [ 6.354331 -6.000000 4.334646, 6.347522 -5.930874 4.334646, 6.327359 -5.864404 4.334646, 6.294615 -5.803144 4.334646, 6.250550 -5.749450 4.334646, 6.196856 -5.705385 4.334646, 6.135596 -5.672641 4.334646, 6.069126 -5.652478 4.334646, 6.000000 -5.645669 4.334646, 5.930874 -5.652478 4.334646, 5.864404 -5.672641 4.334646, 5.803144 -5.705385 4.334646, 5.749450 -5.749450 4.334646, 5.705385 -5.803144 4.334646, 5.672641 -5.864404 4.334646, 5.652478 -5.930874 4.334646, 5.645669 -6.000000 4.334646, 5.652478 -6.069126 4.334646, 5.672641 -6.135596 4.334646, 5.705385 -6.196856 4.334646, 5.749450 -6.250550 4.334646, 5.803144 -6.294615 4.334646, 5.864404 -6.327359 4.334646, 5.930874 -6.347522 4.334646, 6.000000 -6.354331 4.334646, 6.069126 -6.347522 4.334646, 6.135596 -6.327359 4.334646, 6.196856 -6.294615 4.334646, 6.250550 -6.250550 4.334646, 6.294615 -6.196856 4.334646, 6.327359 -6.135596 4.334646, 6.347522 -6.069126 4.334646, 6.354331 -6.000000 4.374016, 6.347522 -5.930874 4.374016, 6.327359 -5.864404 4.374016, 6.294615 -5.803144 4.374016, 6.250550 -5.749450 4.374016, 6.196856 -5.705385 4.374016, 6.135596 -5.672641 4.374016, 6.069126 -5.652478 4.374016, 6.000000 -5.645669 4.374016, 5.930874 -5.652478 4.374016, 5.864404 -5.672641 4.374016, 5.803144 -5.705385 4.374016, 5.749450 -5.749450 4.374016, 5.705385 -5.803144 4.374016, 5.672641 -5.864404 4.374016, 5.652478 -5.930874 4.374016, 5.645669 -6.000000 4.374016, 5.652478 -6.069126 4.374016, 5.672641 -6.135596 4.374016, 5.705385 -6.196856 4.374016, 5.749450 -6.250550 4.374016, 5.803144 -6.294615 4.374016, 5.864404 -6.327359 4.374016, 5.930874 -6.347522 4.374016, 6.000000 -6.354331 4.374016, 6.069126 -6.347522 4.374016, 6.135596 -6.327359 4.374016, 6.196856 -6.294615 4.374016, 6.250550 -6.250550 4.374016, 6.294615 -6.196856 4.374016, 6.327359 -6.135596 4.374016, 6.347522 -6.069126 4.374016 ] } coordIndex [ 31, 30, 29, 28, 27, 26, 25, 24, 23, 22, 21, 20, 19, 18, 17, 16, 15, 14, 13, 12, 11, 10, 9, 8, 7, 6, 5, 4, 3, 2, 1, 0, -1, 32, 33, 34, 35, 36, 37, 38, 39, 40, 41, 42, 43, 44, 45, 46, 47, 48, 49, 50, 51, 52, 53, 54, 55, 56, 57, 58, 59, 60, 61, 62, 63, -1, 0, 1, 33, 32, -1, 1, 2, 34, 33, -1, 2, 3, 35, 34, -1, 3, 4, 36, 35, -1, 4, 5, 37, 36, -1, 5, 6, 38, 37, -1, 6, 7, 39, 38, -1, 7, 8, 40, 39, -1, 8, 9, 41, 40, -1, 9, 10, 42, 41, -1, 10, 11, 43, 42, -1, 11, 12, 44, 43, -1, 12, 13, 45, 44, -1, 13, 14, 46, 45, -1, 14, 15, 47, 46, -1, 15, 16, 48, 47, -1, 16, 17, 49, 48, -1, 17, 18, 50, 49, -1, 18, 19, 51, 50, -1, 19, 20, 52, 51, -1, 20, 21, 53, 52, -1, 21, 22, 54, 53, -1, 22, 23, 55, 54, -1, 23, 24, 56, 55, -1, 24, 25, 57, 56, -1, 25, 26, 58, 57, -1, 26, 27, 59, 58, -1, 27, 28, 60, 59, -1, 28, 29, 61, 60, -1, 29, 30, 62, 61, -1, 30, 31, 63, 62, -1, 31, 0, 32, 63, -1 ] } }
Shape { appearance Appearance { material Material { diffuseColor 0.035 0.04 0.045 specularColor 0.25 0.25 0.25 shininess 0.3 } } geometry IndexedFaceSet { solid TRUE coord Coordinate { point [ 6.141732 -6.000000 4.372047, 6.139009 -5.972349 4.372047, 6.130944 -5.945761 4.372047, 6.117846 -5.921258 4.372047, 6.100220 -5.899780 4.372047, 6.078742 -5.882154 4.372047, 6.054239 -5.869056 4.372047, 6.027651 -5.860991 4.372047, 6.000000 -5.858268 4.372047, 5.972349 -5.860991 4.372047, 5.945761 -5.869056 4.372047, 5.921258 -5.882154 4.372047, 5.899780 -5.899780 4.372047, 5.882154 -5.921258 4.372047, 5.869056 -5.945761 4.372047, 5.860991 -5.972349 4.372047, 5.858268 -6.000000 4.372047, 5.860991 -6.027651 4.372047, 5.869056 -6.054239 4.372047, 5.882154 -6.078742 4.372047, 5.899780 -6.100220 4.372047, 5.921258 -6.117846 4.372047, 5.945761 -6.130944 4.372047, 5.972349 -6.139009 4.372047, 6.000000 -6.141732 4.372047, 6.027651 -6.139009 4.372047, 6.054239 -6.130944 4.372047, 6.078742 -6.117846 4.372047, 6.100220 -6.100220 4.372047, 6.117846 -6.078742 4.372047, 6.130944 -6.054239 4.372047, 6.139009 -6.027651 4.372047, 6.141732 -6.000000 4.391732, 6.139009 -5.972349 4.391732, 6.130944 -5.945761 4.391732, 6.117846 -5.921258 4.391732, 6.100220 -5.899780 4.391732, 6.078742 -5.882154 4.391732, 6.054239 -5.869056 4.391732, 6.027651 -5.860991 4.391732, 6.000000 -5.858268 4.391732, 5.972349 -5.860991 4.391732, 5.945761 -5.869056 4.391732, 5.921258 -5.882154 4.391732, 5.899780 -5.899780 4.391732, 5.882154 -5.921258 4.391732, 5.869056 -5.945761 4.391732, 5.860991 -5.972349 4.391732, 5.858268 -6.000000 4.391732, 5.860991 -6.027651 4.391732, 5.869056 -6.054239 4.391732, 5.882154 -6.078742 4.391732, 5.899780 -6.100220 4.391732, 5.921258 -6.117846 4.391732, 5.945761 -6.130944 4.391732, 5.972349 -6.139009 4.391732, 6.000000 -6.141732 4.391732, 6.027651 -6.139009 4.391732, 6.054239 -6.130944 4.391732, 6.078742 -6.117846 4.391732, 6.100220 -6.100220 4.391732, 6.117846 -6.078742 4.391732, 6.130944 -6.054239 4.391732, 6.139009 -6.027651 4.391732 ] } coordIndex [ 31, 30, 29, 28, 27, 26, 25, 24, 23, 22, 21, 20, 19, 18, 17, 16, 15, 14, 13, 12, 11, 10, 9, 8, 7, 6, 5, 4, 3, 2, 1, 0, -1, 32, 33, 34, 35, 36, 37, 38, 39, 40, 41, 42, 43, 44, 45, 46, 47, 48, 49, 50, 51, 52, 53, 54, 55, 56, 57, 58, 59, 60, 61, 62, 63, -1, 0, 1, 33, 32, -1, 1, 2, 34, 33, -1, 2, 3, 35, 34, -1, 3, 4, 36, 35, -1, 4, 5, 37, 36, -1, 5, 6, 38, 37, -1, 6, 7, 39, 38, -1, 7, 8, 40, 39, -1, 8, 9, 41, 40, -1, 9, 10, 42, 41, -1, 10, 11, 43, 42, -1, 11, 12, 44, 43, -1, 12, 13, 45, 44, -1, 13, 14, 46, 45, -1, 14, 15, 47, 46, -1, 15, 16, 48, 47, -1, 16, 17, 49, 48, -1, 17, 18, 50, 49, -1, 18, 19, 51, 50, -1, 19, 20, 52, 51, -1, 20, 21, 53, 52, -1, 21, 22, 54, 53, -1, 22, 23, 55, 54, -1, 23, 24, 56, 55, -1, 24, 25, 57, 56, -1, 25, 26, 58, 57, -1, 26, 27, 59, 58, -1, 27, 28, 60, 59, -1, 28, 29, 61, 60, -1, 29, 30, 62, 61, -1, 30, 31, 63, 62, -1, 31, 0, 32, 63, -1 ] } }
Shape { appearance Appearance { material Material { diffuseColor 0.76 0.58 0.19 specularColor 0.25 0.25 0.25 shininess 0.3 } } geometry IndexedFaceSet { solid TRUE coord Coordinate { point [ 6.354331 -7.000000 4.334646, 6.347522 -6.930874 4.334646, 6.327359 -6.864404 4.334646, 6.294615 -6.803144 4.334646, 6.250550 -6.749450 4.334646, 6.196856 -6.705385 4.334646, 6.135596 -6.672641 4.334646, 6.069126 -6.652478 4.334646, 6.000000 -6.645669 4.334646, 5.930874 -6.652478 4.334646, 5.864404 -6.672641 4.334646, 5.803144 -6.705385 4.334646, 5.749450 -6.749450 4.334646, 5.705385 -6.803144 4.334646, 5.672641 -6.864404 4.334646, 5.652478 -6.930874 4.334646, 5.645669 -7.000000 4.334646, 5.652478 -7.069126 4.334646, 5.672641 -7.135596 4.334646, 5.705385 -7.196856 4.334646, 5.749450 -7.250550 4.334646, 5.803144 -7.294615 4.334646, 5.864404 -7.327359 4.334646, 5.930874 -7.347522 4.334646, 6.000000 -7.354331 4.334646, 6.069126 -7.347522 4.334646, 6.135596 -7.327359 4.334646, 6.196856 -7.294615 4.334646, 6.250550 -7.250550 4.334646, 6.294615 -7.196856 4.334646, 6.327359 -7.135596 4.334646, 6.347522 -7.069126 4.334646, 6.354331 -7.000000 4.374016, 6.347522 -6.930874 4.374016, 6.327359 -6.864404 4.374016, 6.294615 -6.803144 4.374016, 6.250550 -6.749450 4.374016, 6.196856 -6.705385 4.374016, 6.135596 -6.672641 4.374016, 6.069126 -6.652478 4.374016, 6.000000 -6.645669 4.374016, 5.930874 -6.652478 4.374016, 5.864404 -6.672641 4.374016, 5.803144 -6.705385 4.374016, 5.749450 -6.749450 4.374016, 5.705385 -6.803144 4.374016, 5.672641 -6.864404 4.374016, 5.652478 -6.930874 4.374016, 5.645669 -7.000000 4.374016, 5.652478 -7.069126 4.374016, 5.672641 -7.135596 4.374016, 5.705385 -7.196856 4.374016, 5.749450 -7.250550 4.374016, 5.803144 -7.294615 4.374016, 5.864404 -7.327359 4.374016, 5.930874 -7.347522 4.374016, 6.000000 -7.354331 4.374016, 6.069126 -7.347522 4.374016, 6.135596 -7.327359 4.374016, 6.196856 -7.294615 4.374016, 6.250550 -7.250550 4.374016, 6.294615 -7.196856 4.374016, 6.327359 -7.135596 4.374016, 6.347522 -7.069126 4.374016 ] } coordIndex [ 31, 30, 29, 28, 27, 26, 25, 24, 23, 22, 21, 20, 19, 18, 17, 16, 15, 14, 13, 12, 11, 10, 9, 8, 7, 6, 5, 4, 3, 2, 1, 0, -1, 32, 33, 34, 35, 36, 37, 38, 39, 40, 41, 42, 43, 44, 45, 46, 47, 48, 49, 50, 51, 52, 53, 54, 55, 56, 57, 58, 59, 60, 61, 62, 63, -1, 0, 1, 33, 32, -1, 1, 2, 34, 33, -1, 2, 3, 35, 34, -1, 3, 4, 36, 35, -1, 4, 5, 37, 36, -1, 5, 6, 38, 37, -1, 6, 7, 39, 38, -1, 7, 8, 40, 39, -1, 8, 9, 41, 40, -1, 9, 10, 42, 41, -1, 10, 11, 43, 42, -1, 11, 12, 44, 43, -1, 12, 13, 45, 44, -1, 13, 14, 46, 45, -1, 14, 15, 47, 46, -1, 15, 16, 48, 47, -1, 16, 17, 49, 48, -1, 17, 18, 50, 49, -1, 18, 19, 51, 50, -1, 19, 20, 52, 51, -1, 20, 21, 53, 52, -1, 21, 22, 54, 53, -1, 22, 23, 55, 54, -1, 23, 24, 56, 55, -1, 24, 25, 57, 56, -1, 25, 26, 58, 57, -1, 26, 27, 59, 58, -1, 27, 28, 60, 59, -1, 28, 29, 61, 60, -1, 29, 30, 62, 61, -1, 30, 31, 63, 62, -1, 31, 0, 32, 63, -1 ] } }
Shape { appearance Appearance { material Material { diffuseColor 0.035 0.04 0.045 specularColor 0.25 0.25 0.25 shininess 0.3 } } geometry IndexedFaceSet { solid TRUE coord Coordinate { point [ 6.141732 -7.000000 4.372047, 6.139009 -6.972349 4.372047, 6.130944 -6.945761 4.372047, 6.117846 -6.921258 4.372047, 6.100220 -6.899780 4.372047, 6.078742 -6.882154 4.372047, 6.054239 -6.869056 4.372047, 6.027651 -6.860991 4.372047, 6.000000 -6.858268 4.372047, 5.972349 -6.860991 4.372047, 5.945761 -6.869056 4.372047, 5.921258 -6.882154 4.372047, 5.899780 -6.899780 4.372047, 5.882154 -6.921258 4.372047, 5.869056 -6.945761 4.372047, 5.860991 -6.972349 4.372047, 5.858268 -7.000000 4.372047, 5.860991 -7.027651 4.372047, 5.869056 -7.054239 4.372047, 5.882154 -7.078742 4.372047, 5.899780 -7.100220 4.372047, 5.921258 -7.117846 4.372047, 5.945761 -7.130944 4.372047, 5.972349 -7.139009 4.372047, 6.000000 -7.141732 4.372047, 6.027651 -7.139009 4.372047, 6.054239 -7.130944 4.372047, 6.078742 -7.117846 4.372047, 6.100220 -7.100220 4.372047, 6.117846 -7.078742 4.372047, 6.130944 -7.054239 4.372047, 6.139009 -7.027651 4.372047, 6.141732 -7.000000 4.391732, 6.139009 -6.972349 4.391732, 6.130944 -6.945761 4.391732, 6.117846 -6.921258 4.391732, 6.100220 -6.899780 4.391732, 6.078742 -6.882154 4.391732, 6.054239 -6.869056 4.391732, 6.027651 -6.860991 4.391732, 6.000000 -6.858268 4.391732, 5.972349 -6.860991 4.391732, 5.945761 -6.869056 4.391732, 5.921258 -6.882154 4.391732, 5.899780 -6.899780 4.391732, 5.882154 -6.921258 4.391732, 5.869056 -6.945761 4.391732, 5.860991 -6.972349 4.391732, 5.858268 -7.000000 4.391732, 5.860991 -7.027651 4.391732, 5.869056 -7.054239 4.391732, 5.882154 -7.078742 4.391732, 5.899780 -7.100220 4.391732, 5.921258 -7.117846 4.391732, 5.945761 -7.130944 4.391732, 5.972349 -7.139009 4.391732, 6.000000 -7.141732 4.391732, 6.027651 -7.139009 4.391732, 6.054239 -7.130944 4.391732, 6.078742 -7.117846 4.391732, 6.100220 -7.100220 4.391732, 6.117846 -7.078742 4.391732, 6.130944 -7.054239 4.391732, 6.139009 -7.027651 4.391732 ] } coordIndex [ 31, 30, 29, 28, 27, 26, 25, 24, 23, 22, 21, 20, 19, 18, 17, 16, 15, 14, 13, 12, 11, 10, 9, 8, 7, 6, 5, 4, 3, 2, 1, 0, -1, 32, 33, 34, 35, 36, 37, 38, 39, 40, 41, 42, 43, 44, 45, 46, 47, 48, 49, 50, 51, 52, 53, 54, 55, 56, 57, 58, 59, 60, 61, 62, 63, -1, 0, 1, 33, 32, -1, 1, 2, 34, 33, -1, 2, 3, 35, 34, -1, 3, 4, 36, 35, -1, 4, 5, 37, 36, -1, 5, 6, 38, 37, -1, 6, 7, 39, 38, -1, 7, 8, 40, 39, -1, 8, 9, 41, 40, -1, 9, 10, 42, 41, -1, 10, 11, 43, 42, -1, 11, 12, 44, 43, -1, 12, 13, 45, 44, -1, 13, 14, 46, 45, -1, 14, 15, 47, 46, -1, 15, 16, 48, 47, -1, 16, 17, 49, 48, -1, 17, 18, 50, 49, -1, 18, 19, 51, 50, -1, 19, 20, 52, 51, -1, 20, 21, 53, 52, -1, 21, 22, 54, 53, -1, 22, 23, 55, 54, -1, 23, 24, 56, 55, -1, 24, 25, 57, 56, -1, 25, 26, 58, 57, -1, 26, 27, 59, 58, -1, 27, 28, 60, 59, -1, 28, 29, 61, 60, -1, 29, 30, 62, 61, -1, 30, 31, 63, 62, -1, 31, 0, 32, 63, -1 ] } }
Shape { appearance Appearance { material Material { diffuseColor 0.76 0.58 0.19 specularColor 0.25 0.25 0.25 shininess 0.3 } } geometry IndexedFaceSet { solid TRUE coord Coordinate { point [ 6.354331 -8.000000 4.334646, 6.347522 -7.930874 4.334646, 6.327359 -7.864404 4.334646, 6.294615 -7.803144 4.334646, 6.250550 -7.749450 4.334646, 6.196856 -7.705385 4.334646, 6.135596 -7.672641 4.334646, 6.069126 -7.652478 4.334646, 6.000000 -7.645669 4.334646, 5.930874 -7.652478 4.334646, 5.864404 -7.672641 4.334646, 5.803144 -7.705385 4.334646, 5.749450 -7.749450 4.334646, 5.705385 -7.803144 4.334646, 5.672641 -7.864404 4.334646, 5.652478 -7.930874 4.334646, 5.645669 -8.000000 4.334646, 5.652478 -8.069126 4.334646, 5.672641 -8.135596 4.334646, 5.705385 -8.196856 4.334646, 5.749450 -8.250550 4.334646, 5.803144 -8.294615 4.334646, 5.864404 -8.327359 4.334646, 5.930874 -8.347522 4.334646, 6.000000 -8.354331 4.334646, 6.069126 -8.347522 4.334646, 6.135596 -8.327359 4.334646, 6.196856 -8.294615 4.334646, 6.250550 -8.250550 4.334646, 6.294615 -8.196856 4.334646, 6.327359 -8.135596 4.334646, 6.347522 -8.069126 4.334646, 6.354331 -8.000000 4.374016, 6.347522 -7.930874 4.374016, 6.327359 -7.864404 4.374016, 6.294615 -7.803144 4.374016, 6.250550 -7.749450 4.374016, 6.196856 -7.705385 4.374016, 6.135596 -7.672641 4.374016, 6.069126 -7.652478 4.374016, 6.000000 -7.645669 4.374016, 5.930874 -7.652478 4.374016, 5.864404 -7.672641 4.374016, 5.803144 -7.705385 4.374016, 5.749450 -7.749450 4.374016, 5.705385 -7.803144 4.374016, 5.672641 -7.864404 4.374016, 5.652478 -7.930874 4.374016, 5.645669 -8.000000 4.374016, 5.652478 -8.069126 4.374016, 5.672641 -8.135596 4.374016, 5.705385 -8.196856 4.374016, 5.749450 -8.250550 4.374016, 5.803144 -8.294615 4.374016, 5.864404 -8.327359 4.374016, 5.930874 -8.347522 4.374016, 6.000000 -8.354331 4.374016, 6.069126 -8.347522 4.374016, 6.135596 -8.327359 4.374016, 6.196856 -8.294615 4.374016, 6.250550 -8.250550 4.374016, 6.294615 -8.196856 4.374016, 6.327359 -8.135596 4.374016, 6.347522 -8.069126 4.374016 ] } coordIndex [ 31, 30, 29, 28, 27, 26, 25, 24, 23, 22, 21, 20, 19, 18, 17, 16, 15, 14, 13, 12, 11, 10, 9, 8, 7, 6, 5, 4, 3, 2, 1, 0, -1, 32, 33, 34, 35, 36, 37, 38, 39, 40, 41, 42, 43, 44, 45, 46, 47, 48, 49, 50, 51, 52, 53, 54, 55, 56, 57, 58, 59, 60, 61, 62, 63, -1, 0, 1, 33, 32, -1, 1, 2, 34, 33, -1, 2, 3, 35, 34, -1, 3, 4, 36, 35, -1, 4, 5, 37, 36, -1, 5, 6, 38, 37, -1, 6, 7, 39, 38, -1, 7, 8, 40, 39, -1, 8, 9, 41, 40, -1, 9, 10, 42, 41, -1, 10, 11, 43, 42, -1, 11, 12, 44, 43, -1, 12, 13, 45, 44, -1, 13, 14, 46, 45, -1, 14, 15, 47, 46, -1, 15, 16, 48, 47, -1, 16, 17, 49, 48, -1, 17, 18, 50, 49, -1, 18, 19, 51, 50, -1, 19, 20, 52, 51, -1, 20, 21, 53, 52, -1, 21, 22, 54, 53, -1, 22, 23, 55, 54, -1, 23, 24, 56, 55, -1, 24, 25, 57, 56, -1, 25, 26, 58, 57, -1, 26, 27, 59, 58, -1, 27, 28, 60, 59, -1, 28, 29, 61, 60, -1, 29, 30, 62, 61, -1, 30, 31, 63, 62, -1, 31, 0, 32, 63, -1 ] } }
Shape { appearance Appearance { material Material { diffuseColor 0.035 0.04 0.045 specularColor 0.25 0.25 0.25 shininess 0.3 } } geometry IndexedFaceSet { solid TRUE coord Coordinate { point [ 6.141732 -8.000000 4.372047, 6.139009 -7.972349 4.372047, 6.130944 -7.945761 4.372047, 6.117846 -7.921258 4.372047, 6.100220 -7.899780 4.372047, 6.078742 -7.882154 4.372047, 6.054239 -7.869056 4.372047, 6.027651 -7.860991 4.372047, 6.000000 -7.858268 4.372047, 5.972349 -7.860991 4.372047, 5.945761 -7.869056 4.372047, 5.921258 -7.882154 4.372047, 5.899780 -7.899780 4.372047, 5.882154 -7.921258 4.372047, 5.869056 -7.945761 4.372047, 5.860991 -7.972349 4.372047, 5.858268 -8.000000 4.372047, 5.860991 -8.027651 4.372047, 5.869056 -8.054239 4.372047, 5.882154 -8.078742 4.372047, 5.899780 -8.100220 4.372047, 5.921258 -8.117846 4.372047, 5.945761 -8.130944 4.372047, 5.972349 -8.139009 4.372047, 6.000000 -8.141732 4.372047, 6.027651 -8.139009 4.372047, 6.054239 -8.130944 4.372047, 6.078742 -8.117846 4.372047, 6.100220 -8.100220 4.372047, 6.117846 -8.078742 4.372047, 6.130944 -8.054239 4.372047, 6.139009 -8.027651 4.372047, 6.141732 -8.000000 4.391732, 6.139009 -7.972349 4.391732, 6.130944 -7.945761 4.391732, 6.117846 -7.921258 4.391732, 6.100220 -7.899780 4.391732, 6.078742 -7.882154 4.391732, 6.054239 -7.869056 4.391732, 6.027651 -7.860991 4.391732, 6.000000 -7.858268 4.391732, 5.972349 -7.860991 4.391732, 5.945761 -7.869056 4.391732, 5.921258 -7.882154 4.391732, 5.899780 -7.899780 4.391732, 5.882154 -7.921258 4.391732, 5.869056 -7.945761 4.391732, 5.860991 -7.972349 4.391732, 5.858268 -8.000000 4.391732, 5.860991 -8.027651 4.391732, 5.869056 -8.054239 4.391732, 5.882154 -8.078742 4.391732, 5.899780 -8.100220 4.391732, 5.921258 -8.117846 4.391732, 5.945761 -8.130944 4.391732, 5.972349 -8.139009 4.391732, 6.000000 -8.141732 4.391732, 6.027651 -8.139009 4.391732, 6.054239 -8.130944 4.391732, 6.078742 -8.117846 4.391732, 6.100220 -8.100220 4.391732, 6.117846 -8.078742 4.391732, 6.130944 -8.054239 4.391732, 6.139009 -8.027651 4.391732 ] } coordIndex [ 31, 30, 29, 28, 27, 26, 25, 24, 23, 22, 21, 20, 19, 18, 17, 16, 15, 14, 13, 12, 11, 10, 9, 8, 7, 6, 5, 4, 3, 2, 1, 0, -1, 32, 33, 34, 35, 36, 37, 38, 39, 40, 41, 42, 43, 44, 45, 46, 47, 48, 49, 50, 51, 52, 53, 54, 55, 56, 57, 58, 59, 60, 61, 62, 63, -1, 0, 1, 33, 32, -1, 1, 2, 34, 33, -1, 2, 3, 35, 34, -1, 3, 4, 36, 35, -1, 4, 5, 37, 36, -1, 5, 6, 38, 37, -1, 6, 7, 39, 38, -1, 7, 8, 40, 39, -1, 8, 9, 41, 40, -1, 9, 10, 42, 41, -1, 10, 11, 43, 42, -1, 11, 12, 44, 43, -1, 12, 13, 45, 44, -1, 13, 14, 46, 45, -1, 14, 15, 47, 46, -1, 15, 16, 48, 47, -1, 16, 17, 49, 48, -1, 17, 18, 50, 49, -1, 18, 19, 51, 50, -1, 19, 20, 52, 51, -1, 20, 21, 53, 52, -1, 21, 22, 54, 53, -1, 22, 23, 55, 54, -1, 23, 24, 56, 55, -1, 24, 25, 57, 56, -1, 25, 26, 58, 57, -1, 26, 27, 59, 58, -1, 27, 28, 60, 59, -1, 28, 29, 61, 60, -1, 29, 30, 62, 61, -1, 30, 31, 63, 62, -1, 31, 0, 32, 63, -1 ] } }
Shape { appearance Appearance { material Material { diffuseColor 0.76 0.58 0.19 specularColor 0.25 0.25 0.25 shininess 0.3 } } geometry IndexedFaceSet { solid TRUE coord Coordinate { point [ 6.354331 -9.000000 4.334646, 6.347522 -8.930874 4.334646, 6.327359 -8.864404 4.334646, 6.294615 -8.803144 4.334646, 6.250550 -8.749450 4.334646, 6.196856 -8.705385 4.334646, 6.135596 -8.672641 4.334646, 6.069126 -8.652478 4.334646, 6.000000 -8.645669 4.334646, 5.930874 -8.652478 4.334646, 5.864404 -8.672641 4.334646, 5.803144 -8.705385 4.334646, 5.749450 -8.749450 4.334646, 5.705385 -8.803144 4.334646, 5.672641 -8.864404 4.334646, 5.652478 -8.930874 4.334646, 5.645669 -9.000000 4.334646, 5.652478 -9.069126 4.334646, 5.672641 -9.135596 4.334646, 5.705385 -9.196856 4.334646, 5.749450 -9.250550 4.334646, 5.803144 -9.294615 4.334646, 5.864404 -9.327359 4.334646, 5.930874 -9.347522 4.334646, 6.000000 -9.354331 4.334646, 6.069126 -9.347522 4.334646, 6.135596 -9.327359 4.334646, 6.196856 -9.294615 4.334646, 6.250550 -9.250550 4.334646, 6.294615 -9.196856 4.334646, 6.327359 -9.135596 4.334646, 6.347522 -9.069126 4.334646, 6.354331 -9.000000 4.374016, 6.347522 -8.930874 4.374016, 6.327359 -8.864404 4.374016, 6.294615 -8.803144 4.374016, 6.250550 -8.749450 4.374016, 6.196856 -8.705385 4.374016, 6.135596 -8.672641 4.374016, 6.069126 -8.652478 4.374016, 6.000000 -8.645669 4.374016, 5.930874 -8.652478 4.374016, 5.864404 -8.672641 4.374016, 5.803144 -8.705385 4.374016, 5.749450 -8.749450 4.374016, 5.705385 -8.803144 4.374016, 5.672641 -8.864404 4.374016, 5.652478 -8.930874 4.374016, 5.645669 -9.000000 4.374016, 5.652478 -9.069126 4.374016, 5.672641 -9.135596 4.374016, 5.705385 -9.196856 4.374016, 5.749450 -9.250550 4.374016, 5.803144 -9.294615 4.374016, 5.864404 -9.327359 4.374016, 5.930874 -9.347522 4.374016, 6.000000 -9.354331 4.374016, 6.069126 -9.347522 4.374016, 6.135596 -9.327359 4.374016, 6.196856 -9.294615 4.374016, 6.250550 -9.250550 4.374016, 6.294615 -9.196856 4.374016, 6.327359 -9.135596 4.374016, 6.347522 -9.069126 4.374016 ] } coordIndex [ 31, 30, 29, 28, 27, 26, 25, 24, 23, 22, 21, 20, 19, 18, 17, 16, 15, 14, 13, 12, 11, 10, 9, 8, 7, 6, 5, 4, 3, 2, 1, 0, -1, 32, 33, 34, 35, 36, 37, 38, 39, 40, 41, 42, 43, 44, 45, 46, 47, 48, 49, 50, 51, 52, 53, 54, 55, 56, 57, 58, 59, 60, 61, 62, 63, -1, 0, 1, 33, 32, -1, 1, 2, 34, 33, -1, 2, 3, 35, 34, -1, 3, 4, 36, 35, -1, 4, 5, 37, 36, -1, 5, 6, 38, 37, -1, 6, 7, 39, 38, -1, 7, 8, 40, 39, -1, 8, 9, 41, 40, -1, 9, 10, 42, 41, -1, 10, 11, 43, 42, -1, 11, 12, 44, 43, -1, 12, 13, 45, 44, -1, 13, 14, 46, 45, -1, 14, 15, 47, 46, -1, 15, 16, 48, 47, -1, 16, 17, 49, 48, -1, 17, 18, 50, 49, -1, 18, 19, 51, 50, -1, 19, 20, 52, 51, -1, 20, 21, 53, 52, -1, 21, 22, 54, 53, -1, 22, 23, 55, 54, -1, 23, 24, 56, 55, -1, 24, 25, 57, 56, -1, 25, 26, 58, 57, -1, 26, 27, 59, 58, -1, 27, 28, 60, 59, -1, 28, 29, 61, 60, -1, 29, 30, 62, 61, -1, 30, 31, 63, 62, -1, 31, 0, 32, 63, -1 ] } }
Shape { appearance Appearance { material Material { diffuseColor 0.035 0.04 0.045 specularColor 0.25 0.25 0.25 shininess 0.3 } } geometry IndexedFaceSet { solid TRUE coord Coordinate { point [ 6.141732 -9.000000 4.372047, 6.139009 -8.972349 4.372047, 6.130944 -8.945761 4.372047, 6.117846 -8.921258 4.372047, 6.100220 -8.899780 4.372047, 6.078742 -8.882154 4.372047, 6.054239 -8.869056 4.372047, 6.027651 -8.860991 4.372047, 6.000000 -8.858268 4.372047, 5.972349 -8.860991 4.372047, 5.945761 -8.869056 4.372047, 5.921258 -8.882154 4.372047, 5.899780 -8.899780 4.372047, 5.882154 -8.921258 4.372047, 5.869056 -8.945761 4.372047, 5.860991 -8.972349 4.372047, 5.858268 -9.000000 4.372047, 5.860991 -9.027651 4.372047, 5.869056 -9.054239 4.372047, 5.882154 -9.078742 4.372047, 5.899780 -9.100220 4.372047, 5.921258 -9.117846 4.372047, 5.945761 -9.130944 4.372047, 5.972349 -9.139009 4.372047, 6.000000 -9.141732 4.372047, 6.027651 -9.139009 4.372047, 6.054239 -9.130944 4.372047, 6.078742 -9.117846 4.372047, 6.100220 -9.100220 4.372047, 6.117846 -9.078742 4.372047, 6.130944 -9.054239 4.372047, 6.139009 -9.027651 4.372047, 6.141732 -9.000000 4.391732, 6.139009 -8.972349 4.391732, 6.130944 -8.945761 4.391732, 6.117846 -8.921258 4.391732, 6.100220 -8.899780 4.391732, 6.078742 -8.882154 4.391732, 6.054239 -8.869056 4.391732, 6.027651 -8.860991 4.391732, 6.000000 -8.858268 4.391732, 5.972349 -8.860991 4.391732, 5.945761 -8.869056 4.391732, 5.921258 -8.882154 4.391732, 5.899780 -8.899780 4.391732, 5.882154 -8.921258 4.391732, 5.869056 -8.945761 4.391732, 5.860991 -8.972349 4.391732, 5.858268 -9.000000 4.391732, 5.860991 -9.027651 4.391732, 5.869056 -9.054239 4.391732, 5.882154 -9.078742 4.391732, 5.899780 -9.100220 4.391732, 5.921258 -9.117846 4.391732, 5.945761 -9.130944 4.391732, 5.972349 -9.139009 4.391732, 6.000000 -9.141732 4.391732, 6.027651 -9.139009 4.391732, 6.054239 -9.130944 4.391732, 6.078742 -9.117846 4.391732, 6.100220 -9.100220 4.391732, 6.117846 -9.078742 4.391732, 6.130944 -9.054239 4.391732, 6.139009 -9.027651 4.391732 ] } coordIndex [ 31, 30, 29, 28, 27, 26, 25, 24, 23, 22, 21, 20, 19, 18, 17, 16, 15, 14, 13, 12, 11, 10, 9, 8, 7, 6, 5, 4, 3, 2, 1, 0, -1, 32, 33, 34, 35, 36, 37, 38, 39, 40, 41, 42, 43, 44, 45, 46, 47, 48, 49, 50, 51, 52, 53, 54, 55, 56, 57, 58, 59, 60, 61, 62, 63, -1, 0, 1, 33, 32, -1, 1, 2, 34, 33, -1, 2, 3, 35, 34, -1, 3, 4, 36, 35, -1, 4, 5, 37, 36, -1, 5, 6, 38, 37, -1, 6, 7, 39, 38, -1, 7, 8, 40, 39, -1, 8, 9, 41, 40, -1, 9, 10, 42, 41, -1, 10, 11, 43, 42, -1, 11, 12, 44, 43, -1, 12, 13, 45, 44, -1, 13, 14, 46, 45, -1, 14, 15, 47, 46, -1, 15, 16, 48, 47, -1, 16, 17, 49, 48, -1, 17, 18, 50, 49, -1, 18, 19, 51, 50, -1, 19, 20, 52, 51, -1, 20, 21, 53, 52, -1, 21, 22, 54, 53, -1, 22, 23, 55, 54, -1, 23, 24, 56, 55, -1, 24, 25, 57, 56, -1, 25, 26, 58, 57, -1, 26, 27, 59, 58, -1, 27, 28, 60, 59, -1, 28, 29, 61, 60, -1, 29, 30, 62, 61, -1, 30, 31, 63, 62, -1, 31, 0, 32, 63, -1 ] } }
Shape { appearance Appearance { material Material { diffuseColor 0.76 0.58 0.19 specularColor 0.25 0.25 0.25 shininess 0.3 } } geometry IndexedFaceSet { solid TRUE coord Coordinate { point [ 6.354331 -10.000000 4.334646, 6.347522 -9.930874 4.334646, 6.327359 -9.864404 4.334646, 6.294615 -9.803144 4.334646, 6.250550 -9.749450 4.334646, 6.196856 -9.705385 4.334646, 6.135596 -9.672641 4.334646, 6.069126 -9.652478 4.334646, 6.000000 -9.645669 4.334646, 5.930874 -9.652478 4.334646, 5.864404 -9.672641 4.334646, 5.803144 -9.705385 4.334646, 5.749450 -9.749450 4.334646, 5.705385 -9.803144 4.334646, 5.672641 -9.864404 4.334646, 5.652478 -9.930874 4.334646, 5.645669 -10.000000 4.334646, 5.652478 -10.069126 4.334646, 5.672641 -10.135596 4.334646, 5.705385 -10.196856 4.334646, 5.749450 -10.250550 4.334646, 5.803144 -10.294615 4.334646, 5.864404 -10.327359 4.334646, 5.930874 -10.347522 4.334646, 6.000000 -10.354331 4.334646, 6.069126 -10.347522 4.334646, 6.135596 -10.327359 4.334646, 6.196856 -10.294615 4.334646, 6.250550 -10.250550 4.334646, 6.294615 -10.196856 4.334646, 6.327359 -10.135596 4.334646, 6.347522 -10.069126 4.334646, 6.354331 -10.000000 4.374016, 6.347522 -9.930874 4.374016, 6.327359 -9.864404 4.374016, 6.294615 -9.803144 4.374016, 6.250550 -9.749450 4.374016, 6.196856 -9.705385 4.374016, 6.135596 -9.672641 4.374016, 6.069126 -9.652478 4.374016, 6.000000 -9.645669 4.374016, 5.930874 -9.652478 4.374016, 5.864404 -9.672641 4.374016, 5.803144 -9.705385 4.374016, 5.749450 -9.749450 4.374016, 5.705385 -9.803144 4.374016, 5.672641 -9.864404 4.374016, 5.652478 -9.930874 4.374016, 5.645669 -10.000000 4.374016, 5.652478 -10.069126 4.374016, 5.672641 -10.135596 4.374016, 5.705385 -10.196856 4.374016, 5.749450 -10.250550 4.374016, 5.803144 -10.294615 4.374016, 5.864404 -10.327359 4.374016, 5.930874 -10.347522 4.374016, 6.000000 -10.354331 4.374016, 6.069126 -10.347522 4.374016, 6.135596 -10.327359 4.374016, 6.196856 -10.294615 4.374016, 6.250550 -10.250550 4.374016, 6.294615 -10.196856 4.374016, 6.327359 -10.135596 4.374016, 6.347522 -10.069126 4.374016 ] } coordIndex [ 31, 30, 29, 28, 27, 26, 25, 24, 23, 22, 21, 20, 19, 18, 17, 16, 15, 14, 13, 12, 11, 10, 9, 8, 7, 6, 5, 4, 3, 2, 1, 0, -1, 32, 33, 34, 35, 36, 37, 38, 39, 40, 41, 42, 43, 44, 45, 46, 47, 48, 49, 50, 51, 52, 53, 54, 55, 56, 57, 58, 59, 60, 61, 62, 63, -1, 0, 1, 33, 32, -1, 1, 2, 34, 33, -1, 2, 3, 35, 34, -1, 3, 4, 36, 35, -1, 4, 5, 37, 36, -1, 5, 6, 38, 37, -1, 6, 7, 39, 38, -1, 7, 8, 40, 39, -1, 8, 9, 41, 40, -1, 9, 10, 42, 41, -1, 10, 11, 43, 42, -1, 11, 12, 44, 43, -1, 12, 13, 45, 44, -1, 13, 14, 46, 45, -1, 14, 15, 47, 46, -1, 15, 16, 48, 47, -1, 16, 17, 49, 48, -1, 17, 18, 50, 49, -1, 18, 19, 51, 50, -1, 19, 20, 52, 51, -1, 20, 21, 53, 52, -1, 21, 22, 54, 53, -1, 22, 23, 55, 54, -1, 23, 24, 56, 55, -1, 24, 25, 57, 56, -1, 25, 26, 58, 57, -1, 26, 27, 59, 58, -1, 27, 28, 60, 59, -1, 28, 29, 61, 60, -1, 29, 30, 62, 61, -1, 30, 31, 63, 62, -1, 31, 0, 32, 63, -1 ] } }
Shape { appearance Appearance { material Material { diffuseColor 0.035 0.04 0.045 specularColor 0.25 0.25 0.25 shininess 0.3 } } geometry IndexedFaceSet { solid TRUE coord Coordinate { point [ 6.141732 -10.000000 4.372047, 6.139009 -9.972349 4.372047, 6.130944 -9.945761 4.372047, 6.117846 -9.921258 4.372047, 6.100220 -9.899780 4.372047, 6.078742 -9.882154 4.372047, 6.054239 -9.869056 4.372047, 6.027651 -9.860991 4.372047, 6.000000 -9.858268 4.372047, 5.972349 -9.860991 4.372047, 5.945761 -9.869056 4.372047, 5.921258 -9.882154 4.372047, 5.899780 -9.899780 4.372047, 5.882154 -9.921258 4.372047, 5.869056 -9.945761 4.372047, 5.860991 -9.972349 4.372047, 5.858268 -10.000000 4.372047, 5.860991 -10.027651 4.372047, 5.869056 -10.054239 4.372047, 5.882154 -10.078742 4.372047, 5.899780 -10.100220 4.372047, 5.921258 -10.117846 4.372047, 5.945761 -10.130944 4.372047, 5.972349 -10.139009 4.372047, 6.000000 -10.141732 4.372047, 6.027651 -10.139009 4.372047, 6.054239 -10.130944 4.372047, 6.078742 -10.117846 4.372047, 6.100220 -10.100220 4.372047, 6.117846 -10.078742 4.372047, 6.130944 -10.054239 4.372047, 6.139009 -10.027651 4.372047, 6.141732 -10.000000 4.391732, 6.139009 -9.972349 4.391732, 6.130944 -9.945761 4.391732, 6.117846 -9.921258 4.391732, 6.100220 -9.899780 4.391732, 6.078742 -9.882154 4.391732, 6.054239 -9.869056 4.391732, 6.027651 -9.860991 4.391732, 6.000000 -9.858268 4.391732, 5.972349 -9.860991 4.391732, 5.945761 -9.869056 4.391732, 5.921258 -9.882154 4.391732, 5.899780 -9.899780 4.391732, 5.882154 -9.921258 4.391732, 5.869056 -9.945761 4.391732, 5.860991 -9.972349 4.391732, 5.858268 -10.000000 4.391732, 5.860991 -10.027651 4.391732, 5.869056 -10.054239 4.391732, 5.882154 -10.078742 4.391732, 5.899780 -10.100220 4.391732, 5.921258 -10.117846 4.391732, 5.945761 -10.130944 4.391732, 5.972349 -10.139009 4.391732, 6.000000 -10.141732 4.391732, 6.027651 -10.139009 4.391732, 6.054239 -10.130944 4.391732, 6.078742 -10.117846 4.391732, 6.100220 -10.100220 4.391732, 6.117846 -10.078742 4.391732, 6.130944 -10.054239 4.391732, 6.139009 -10.027651 4.391732 ] } coordIndex [ 31, 30, 29, 28, 27, 26, 25, 24, 23, 22, 21, 20, 19, 18, 17, 16, 15, 14, 13, 12, 11, 10, 9, 8, 7, 6, 5, 4, 3, 2, 1, 0, -1, 32, 33, 34, 35, 36, 37, 38, 39, 40, 41, 42, 43, 44, 45, 46, 47, 48, 49, 50, 51, 52, 53, 54, 55, 56, 57, 58, 59, 60, 61, 62, 63, -1, 0, 1, 33, 32, -1, 1, 2, 34, 33, -1, 2, 3, 35, 34, -1, 3, 4, 36, 35, -1, 4, 5, 37, 36, -1, 5, 6, 38, 37, -1, 6, 7, 39, 38, -1, 7, 8, 40, 39, -1, 8, 9, 41, 40, -1, 9, 10, 42, 41, -1, 10, 11, 43, 42, -1, 11, 12, 44, 43, -1, 12, 13, 45, 44, -1, 13, 14, 46, 45, -1, 14, 15, 47, 46, -1, 15, 16, 48, 47, -1, 16, 17, 49, 48, -1, 17, 18, 50, 49, -1, 18, 19, 51, 50, -1, 19, 20, 52, 51, -1, 20, 21, 53, 52, -1, 21, 22, 54, 53, -1, 22, 23, 55, 54, -1, 23, 24, 56, 55, -1, 24, 25, 57, 56, -1, 25, 26, 58, 57, -1, 26, 27, 59, 58, -1, 27, 28, 60, 59, -1, 28, 29, 61, 60, -1, 29, 30, 62, 61, -1, 30, 31, 63, 62, -1, 31, 0, 32, 63, -1 ] } }
Shape { appearance Appearance { material Material { diffuseColor 0.76 0.58 0.19 specularColor 0.25 0.25 0.25 shininess 0.3 } } geometry IndexedFaceSet { solid TRUE coord Coordinate { point [ 6.354331 -11.000000 4.334646, 6.347522 -10.930874 4.334646, 6.327359 -10.864404 4.334646, 6.294615 -10.803144 4.334646, 6.250550 -10.749450 4.334646, 6.196856 -10.705385 4.334646, 6.135596 -10.672641 4.334646, 6.069126 -10.652478 4.334646, 6.000000 -10.645669 4.334646, 5.930874 -10.652478 4.334646, 5.864404 -10.672641 4.334646, 5.803144 -10.705385 4.334646, 5.749450 -10.749450 4.334646, 5.705385 -10.803144 4.334646, 5.672641 -10.864404 4.334646, 5.652478 -10.930874 4.334646, 5.645669 -11.000000 4.334646, 5.652478 -11.069126 4.334646, 5.672641 -11.135596 4.334646, 5.705385 -11.196856 4.334646, 5.749450 -11.250550 4.334646, 5.803144 -11.294615 4.334646, 5.864404 -11.327359 4.334646, 5.930874 -11.347522 4.334646, 6.000000 -11.354331 4.334646, 6.069126 -11.347522 4.334646, 6.135596 -11.327359 4.334646, 6.196856 -11.294615 4.334646, 6.250550 -11.250550 4.334646, 6.294615 -11.196856 4.334646, 6.327359 -11.135596 4.334646, 6.347522 -11.069126 4.334646, 6.354331 -11.000000 4.374016, 6.347522 -10.930874 4.374016, 6.327359 -10.864404 4.374016, 6.294615 -10.803144 4.374016, 6.250550 -10.749450 4.374016, 6.196856 -10.705385 4.374016, 6.135596 -10.672641 4.374016, 6.069126 -10.652478 4.374016, 6.000000 -10.645669 4.374016, 5.930874 -10.652478 4.374016, 5.864404 -10.672641 4.374016, 5.803144 -10.705385 4.374016, 5.749450 -10.749450 4.374016, 5.705385 -10.803144 4.374016, 5.672641 -10.864404 4.374016, 5.652478 -10.930874 4.374016, 5.645669 -11.000000 4.374016, 5.652478 -11.069126 4.374016, 5.672641 -11.135596 4.374016, 5.705385 -11.196856 4.374016, 5.749450 -11.250550 4.374016, 5.803144 -11.294615 4.374016, 5.864404 -11.327359 4.374016, 5.930874 -11.347522 4.374016, 6.000000 -11.354331 4.374016, 6.069126 -11.347522 4.374016, 6.135596 -11.327359 4.374016, 6.196856 -11.294615 4.374016, 6.250550 -11.250550 4.374016, 6.294615 -11.196856 4.374016, 6.327359 -11.135596 4.374016, 6.347522 -11.069126 4.374016 ] } coordIndex [ 31, 30, 29, 28, 27, 26, 25, 24, 23, 22, 21, 20, 19, 18, 17, 16, 15, 14, 13, 12, 11, 10, 9, 8, 7, 6, 5, 4, 3, 2, 1, 0, -1, 32, 33, 34, 35, 36, 37, 38, 39, 40, 41, 42, 43, 44, 45, 46, 47, 48, 49, 50, 51, 52, 53, 54, 55, 56, 57, 58, 59, 60, 61, 62, 63, -1, 0, 1, 33, 32, -1, 1, 2, 34, 33, -1, 2, 3, 35, 34, -1, 3, 4, 36, 35, -1, 4, 5, 37, 36, -1, 5, 6, 38, 37, -1, 6, 7, 39, 38, -1, 7, 8, 40, 39, -1, 8, 9, 41, 40, -1, 9, 10, 42, 41, -1, 10, 11, 43, 42, -1, 11, 12, 44, 43, -1, 12, 13, 45, 44, -1, 13, 14, 46, 45, -1, 14, 15, 47, 46, -1, 15, 16, 48, 47, -1, 16, 17, 49, 48, -1, 17, 18, 50, 49, -1, 18, 19, 51, 50, -1, 19, 20, 52, 51, -1, 20, 21, 53, 52, -1, 21, 22, 54, 53, -1, 22, 23, 55, 54, -1, 23, 24, 56, 55, -1, 24, 25, 57, 56, -1, 25, 26, 58, 57, -1, 26, 27, 59, 58, -1, 27, 28, 60, 59, -1, 28, 29, 61, 60, -1, 29, 30, 62, 61, -1, 30, 31, 63, 62, -1, 31, 0, 32, 63, -1 ] } }
Shape { appearance Appearance { material Material { diffuseColor 0.035 0.04 0.045 specularColor 0.25 0.25 0.25 shininess 0.3 } } geometry IndexedFaceSet { solid TRUE coord Coordinate { point [ 6.141732 -11.000000 4.372047, 6.139009 -10.972349 4.372047, 6.130944 -10.945761 4.372047, 6.117846 -10.921258 4.372047, 6.100220 -10.899780 4.372047, 6.078742 -10.882154 4.372047, 6.054239 -10.869056 4.372047, 6.027651 -10.860991 4.372047, 6.000000 -10.858268 4.372047, 5.972349 -10.860991 4.372047, 5.945761 -10.869056 4.372047, 5.921258 -10.882154 4.372047, 5.899780 -10.899780 4.372047, 5.882154 -10.921258 4.372047, 5.869056 -10.945761 4.372047, 5.860991 -10.972349 4.372047, 5.858268 -11.000000 4.372047, 5.860991 -11.027651 4.372047, 5.869056 -11.054239 4.372047, 5.882154 -11.078742 4.372047, 5.899780 -11.100220 4.372047, 5.921258 -11.117846 4.372047, 5.945761 -11.130944 4.372047, 5.972349 -11.139009 4.372047, 6.000000 -11.141732 4.372047, 6.027651 -11.139009 4.372047, 6.054239 -11.130944 4.372047, 6.078742 -11.117846 4.372047, 6.100220 -11.100220 4.372047, 6.117846 -11.078742 4.372047, 6.130944 -11.054239 4.372047, 6.139009 -11.027651 4.372047, 6.141732 -11.000000 4.391732, 6.139009 -10.972349 4.391732, 6.130944 -10.945761 4.391732, 6.117846 -10.921258 4.391732, 6.100220 -10.899780 4.391732, 6.078742 -10.882154 4.391732, 6.054239 -10.869056 4.391732, 6.027651 -10.860991 4.391732, 6.000000 -10.858268 4.391732, 5.972349 -10.860991 4.391732, 5.945761 -10.869056 4.391732, 5.921258 -10.882154 4.391732, 5.899780 -10.899780 4.391732, 5.882154 -10.921258 4.391732, 5.869056 -10.945761 4.391732, 5.860991 -10.972349 4.391732, 5.858268 -11.000000 4.391732, 5.860991 -11.027651 4.391732, 5.869056 -11.054239 4.391732, 5.882154 -11.078742 4.391732, 5.899780 -11.100220 4.391732, 5.921258 -11.117846 4.391732, 5.945761 -11.130944 4.391732, 5.972349 -11.139009 4.391732, 6.000000 -11.141732 4.391732, 6.027651 -11.139009 4.391732, 6.054239 -11.130944 4.391732, 6.078742 -11.117846 4.391732, 6.100220 -11.100220 4.391732, 6.117846 -11.078742 4.391732, 6.130944 -11.054239 4.391732, 6.139009 -11.027651 4.391732 ] } coordIndex [ 31, 30, 29, 28, 27, 26, 25, 24, 23, 22, 21, 20, 19, 18, 17, 16, 15, 14, 13, 12, 11, 10, 9, 8, 7, 6, 5, 4, 3, 2, 1, 0, -1, 32, 33, 34, 35, 36, 37, 38, 39, 40, 41, 42, 43, 44, 45, 46, 47, 48, 49, 50, 51, 52, 53, 54, 55, 56, 57, 58, 59, 60, 61, 62, 63, -1, 0, 1, 33, 32, -1, 1, 2, 34, 33, -1, 2, 3, 35, 34, -1, 3, 4, 36, 35, -1, 4, 5, 37, 36, -1, 5, 6, 38, 37, -1, 6, 7, 39, 38, -1, 7, 8, 40, 39, -1, 8, 9, 41, 40, -1, 9, 10, 42, 41, -1, 10, 11, 43, 42, -1, 11, 12, 44, 43, -1, 12, 13, 45, 44, -1, 13, 14, 46, 45, -1, 14, 15, 47, 46, -1, 15, 16, 48, 47, -1, 16, 17, 49, 48, -1, 17, 18, 50, 49, -1, 18, 19, 51, 50, -1, 19, 20, 52, 51, -1, 20, 21, 53, 52, -1, 21, 22, 54, 53, -1, 22, 23, 55, 54, -1, 23, 24, 56, 55, -1, 24, 25, 57, 56, -1, 25, 26, 58, 57, -1, 26, 27, 59, 58, -1, 27, 28, 60, 59, -1, 28, 29, 61, 60, -1, 29, 30, 62, 61, -1, 30, 31, 63, 62, -1, 31, 0, 32, 63, -1 ] } }
Shape { appearance Appearance { material Material { diffuseColor 0.76 0.58 0.19 specularColor 0.25 0.25 0.25 shininess 0.3 } } geometry IndexedFaceSet { solid TRUE coord Coordinate { point [ 6.354331 -12.000000 4.334646, 6.347522 -11.930874 4.334646, 6.327359 -11.864404 4.334646, 6.294615 -11.803144 4.334646, 6.250550 -11.749450 4.334646, 6.196856 -11.705385 4.334646, 6.135596 -11.672641 4.334646, 6.069126 -11.652478 4.334646, 6.000000 -11.645669 4.334646, 5.930874 -11.652478 4.334646, 5.864404 -11.672641 4.334646, 5.803144 -11.705385 4.334646, 5.749450 -11.749450 4.334646, 5.705385 -11.803144 4.334646, 5.672641 -11.864404 4.334646, 5.652478 -11.930874 4.334646, 5.645669 -12.000000 4.334646, 5.652478 -12.069126 4.334646, 5.672641 -12.135596 4.334646, 5.705385 -12.196856 4.334646, 5.749450 -12.250550 4.334646, 5.803144 -12.294615 4.334646, 5.864404 -12.327359 4.334646, 5.930874 -12.347522 4.334646, 6.000000 -12.354331 4.334646, 6.069126 -12.347522 4.334646, 6.135596 -12.327359 4.334646, 6.196856 -12.294615 4.334646, 6.250550 -12.250550 4.334646, 6.294615 -12.196856 4.334646, 6.327359 -12.135596 4.334646, 6.347522 -12.069126 4.334646, 6.354331 -12.000000 4.374016, 6.347522 -11.930874 4.374016, 6.327359 -11.864404 4.374016, 6.294615 -11.803144 4.374016, 6.250550 -11.749450 4.374016, 6.196856 -11.705385 4.374016, 6.135596 -11.672641 4.374016, 6.069126 -11.652478 4.374016, 6.000000 -11.645669 4.374016, 5.930874 -11.652478 4.374016, 5.864404 -11.672641 4.374016, 5.803144 -11.705385 4.374016, 5.749450 -11.749450 4.374016, 5.705385 -11.803144 4.374016, 5.672641 -11.864404 4.374016, 5.652478 -11.930874 4.374016, 5.645669 -12.000000 4.374016, 5.652478 -12.069126 4.374016, 5.672641 -12.135596 4.374016, 5.705385 -12.196856 4.374016, 5.749450 -12.250550 4.374016, 5.803144 -12.294615 4.374016, 5.864404 -12.327359 4.374016, 5.930874 -12.347522 4.374016, 6.000000 -12.354331 4.374016, 6.069126 -12.347522 4.374016, 6.135596 -12.327359 4.374016, 6.196856 -12.294615 4.374016, 6.250550 -12.250550 4.374016, 6.294615 -12.196856 4.374016, 6.327359 -12.135596 4.374016, 6.347522 -12.069126 4.374016 ] } coordIndex [ 31, 30, 29, 28, 27, 26, 25, 24, 23, 22, 21, 20, 19, 18, 17, 16, 15, 14, 13, 12, 11, 10, 9, 8, 7, 6, 5, 4, 3, 2, 1, 0, -1, 32, 33, 34, 35, 36, 37, 38, 39, 40, 41, 42, 43, 44, 45, 46, 47, 48, 49, 50, 51, 52, 53, 54, 55, 56, 57, 58, 59, 60, 61, 62, 63, -1, 0, 1, 33, 32, -1, 1, 2, 34, 33, -1, 2, 3, 35, 34, -1, 3, 4, 36, 35, -1, 4, 5, 37, 36, -1, 5, 6, 38, 37, -1, 6, 7, 39, 38, -1, 7, 8, 40, 39, -1, 8, 9, 41, 40, -1, 9, 10, 42, 41, -1, 10, 11, 43, 42, -1, 11, 12, 44, 43, -1, 12, 13, 45, 44, -1, 13, 14, 46, 45, -1, 14, 15, 47, 46, -1, 15, 16, 48, 47, -1, 16, 17, 49, 48, -1, 17, 18, 50, 49, -1, 18, 19, 51, 50, -1, 19, 20, 52, 51, -1, 20, 21, 53, 52, -1, 21, 22, 54, 53, -1, 22, 23, 55, 54, -1, 23, 24, 56, 55, -1, 24, 25, 57, 56, -1, 25, 26, 58, 57, -1, 26, 27, 59, 58, -1, 27, 28, 60, 59, -1, 28, 29, 61, 60, -1, 29, 30, 62, 61, -1, 30, 31, 63, 62, -1, 31, 0, 32, 63, -1 ] } }
Shape { appearance Appearance { material Material { diffuseColor 0.035 0.04 0.045 specularColor 0.25 0.25 0.25 shininess 0.3 } } geometry IndexedFaceSet { solid TRUE coord Coordinate { point [ 6.141732 -12.000000 4.372047, 6.139009 -11.972349 4.372047, 6.130944 -11.945761 4.372047, 6.117846 -11.921258 4.372047, 6.100220 -11.899780 4.372047, 6.078742 -11.882154 4.372047, 6.054239 -11.869056 4.372047, 6.027651 -11.860991 4.372047, 6.000000 -11.858268 4.372047, 5.972349 -11.860991 4.372047, 5.945761 -11.869056 4.372047, 5.921258 -11.882154 4.372047, 5.899780 -11.899780 4.372047, 5.882154 -11.921258 4.372047, 5.869056 -11.945761 4.372047, 5.860991 -11.972349 4.372047, 5.858268 -12.000000 4.372047, 5.860991 -12.027651 4.372047, 5.869056 -12.054239 4.372047, 5.882154 -12.078742 4.372047, 5.899780 -12.100220 4.372047, 5.921258 -12.117846 4.372047, 5.945761 -12.130944 4.372047, 5.972349 -12.139009 4.372047, 6.000000 -12.141732 4.372047, 6.027651 -12.139009 4.372047, 6.054239 -12.130944 4.372047, 6.078742 -12.117846 4.372047, 6.100220 -12.100220 4.372047, 6.117846 -12.078742 4.372047, 6.130944 -12.054239 4.372047, 6.139009 -12.027651 4.372047, 6.141732 -12.000000 4.391732, 6.139009 -11.972349 4.391732, 6.130944 -11.945761 4.391732, 6.117846 -11.921258 4.391732, 6.100220 -11.899780 4.391732, 6.078742 -11.882154 4.391732, 6.054239 -11.869056 4.391732, 6.027651 -11.860991 4.391732, 6.000000 -11.858268 4.391732, 5.972349 -11.860991 4.391732, 5.945761 -11.869056 4.391732, 5.921258 -11.882154 4.391732, 5.899780 -11.899780 4.391732, 5.882154 -11.921258 4.391732, 5.869056 -11.945761 4.391732, 5.860991 -11.972349 4.391732, 5.858268 -12.000000 4.391732, 5.860991 -12.027651 4.391732, 5.869056 -12.054239 4.391732, 5.882154 -12.078742 4.391732, 5.899780 -12.100220 4.391732, 5.921258 -12.117846 4.391732, 5.945761 -12.130944 4.391732, 5.972349 -12.139009 4.391732, 6.000000 -12.141732 4.391732, 6.027651 -12.139009 4.391732, 6.054239 -12.130944 4.391732, 6.078742 -12.117846 4.391732, 6.100220 -12.100220 4.391732, 6.117846 -12.078742 4.391732, 6.130944 -12.054239 4.391732, 6.139009 -12.027651 4.391732 ] } coordIndex [ 31, 30, 29, 28, 27, 26, 25, 24, 23, 22, 21, 20, 19, 18, 17, 16, 15, 14, 13, 12, 11, 10, 9, 8, 7, 6, 5, 4, 3, 2, 1, 0, -1, 32, 33, 34, 35, 36, 37, 38, 39, 40, 41, 42, 43, 44, 45, 46, 47, 48, 49, 50, 51, 52, 53, 54, 55, 56, 57, 58, 59, 60, 61, 62, 63, -1, 0, 1, 33, 32, -1, 1, 2, 34, 33, -1, 2, 3, 35, 34, -1, 3, 4, 36, 35, -1, 4, 5, 37, 36, -1, 5, 6, 38, 37, -1, 6, 7, 39, 38, -1, 7, 8, 40, 39, -1, 8, 9, 41, 40, -1, 9, 10, 42, 41, -1, 10, 11, 43, 42, -1, 11, 12, 44, 43, -1, 12, 13, 45, 44, -1, 13, 14, 46, 45, -1, 14, 15, 47, 46, -1, 15, 16, 48, 47, -1, 16, 17, 49, 48, -1, 17, 18, 50, 49, -1, 18, 19, 51, 50, -1, 19, 20, 52, 51, -1, 20, 21, 53, 52, -1, 21, 22, 54, 53, -1, 22, 23, 55, 54, -1, 23, 24, 56, 55, -1, 24, 25, 57, 56, -1, 25, 26, 58, 57, -1, 26, 27, 59, 58, -1, 27, 28, 60, 59, -1, 28, 29, 61, 60, -1, 29, 30, 62, 61, -1, 30, 31, 63, 62, -1, 31, 0, 32, 63, -1 ] } }
Shape { appearance Appearance { material Material { diffuseColor 0.76 0.58 0.19 specularColor 0.25 0.25 0.25 shininess 0.3 } } geometry IndexedFaceSet { solid TRUE coord Coordinate { point [ 6.354331 -13.000000 4.334646, 6.347522 -12.930874 4.334646, 6.327359 -12.864404 4.334646, 6.294615 -12.803144 4.334646, 6.250550 -12.749450 4.334646, 6.196856 -12.705385 4.334646, 6.135596 -12.672641 4.334646, 6.069126 -12.652478 4.334646, 6.000000 -12.645669 4.334646, 5.930874 -12.652478 4.334646, 5.864404 -12.672641 4.334646, 5.803144 -12.705385 4.334646, 5.749450 -12.749450 4.334646, 5.705385 -12.803144 4.334646, 5.672641 -12.864404 4.334646, 5.652478 -12.930874 4.334646, 5.645669 -13.000000 4.334646, 5.652478 -13.069126 4.334646, 5.672641 -13.135596 4.334646, 5.705385 -13.196856 4.334646, 5.749450 -13.250550 4.334646, 5.803144 -13.294615 4.334646, 5.864404 -13.327359 4.334646, 5.930874 -13.347522 4.334646, 6.000000 -13.354331 4.334646, 6.069126 -13.347522 4.334646, 6.135596 -13.327359 4.334646, 6.196856 -13.294615 4.334646, 6.250550 -13.250550 4.334646, 6.294615 -13.196856 4.334646, 6.327359 -13.135596 4.334646, 6.347522 -13.069126 4.334646, 6.354331 -13.000000 4.374016, 6.347522 -12.930874 4.374016, 6.327359 -12.864404 4.374016, 6.294615 -12.803144 4.374016, 6.250550 -12.749450 4.374016, 6.196856 -12.705385 4.374016, 6.135596 -12.672641 4.374016, 6.069126 -12.652478 4.374016, 6.000000 -12.645669 4.374016, 5.930874 -12.652478 4.374016, 5.864404 -12.672641 4.374016, 5.803144 -12.705385 4.374016, 5.749450 -12.749450 4.374016, 5.705385 -12.803144 4.374016, 5.672641 -12.864404 4.374016, 5.652478 -12.930874 4.374016, 5.645669 -13.000000 4.374016, 5.652478 -13.069126 4.374016, 5.672641 -13.135596 4.374016, 5.705385 -13.196856 4.374016, 5.749450 -13.250550 4.374016, 5.803144 -13.294615 4.374016, 5.864404 -13.327359 4.374016, 5.930874 -13.347522 4.374016, 6.000000 -13.354331 4.374016, 6.069126 -13.347522 4.374016, 6.135596 -13.327359 4.374016, 6.196856 -13.294615 4.374016, 6.250550 -13.250550 4.374016, 6.294615 -13.196856 4.374016, 6.327359 -13.135596 4.374016, 6.347522 -13.069126 4.374016 ] } coordIndex [ 31, 30, 29, 28, 27, 26, 25, 24, 23, 22, 21, 20, 19, 18, 17, 16, 15, 14, 13, 12, 11, 10, 9, 8, 7, 6, 5, 4, 3, 2, 1, 0, -1, 32, 33, 34, 35, 36, 37, 38, 39, 40, 41, 42, 43, 44, 45, 46, 47, 48, 49, 50, 51, 52, 53, 54, 55, 56, 57, 58, 59, 60, 61, 62, 63, -1, 0, 1, 33, 32, -1, 1, 2, 34, 33, -1, 2, 3, 35, 34, -1, 3, 4, 36, 35, -1, 4, 5, 37, 36, -1, 5, 6, 38, 37, -1, 6, 7, 39, 38, -1, 7, 8, 40, 39, -1, 8, 9, 41, 40, -1, 9, 10, 42, 41, -1, 10, 11, 43, 42, -1, 11, 12, 44, 43, -1, 12, 13, 45, 44, -1, 13, 14, 46, 45, -1, 14, 15, 47, 46, -1, 15, 16, 48, 47, -1, 16, 17, 49, 48, -1, 17, 18, 50, 49, -1, 18, 19, 51, 50, -1, 19, 20, 52, 51, -1, 20, 21, 53, 52, -1, 21, 22, 54, 53, -1, 22, 23, 55, 54, -1, 23, 24, 56, 55, -1, 24, 25, 57, 56, -1, 25, 26, 58, 57, -1, 26, 27, 59, 58, -1, 27, 28, 60, 59, -1, 28, 29, 61, 60, -1, 29, 30, 62, 61, -1, 30, 31, 63, 62, -1, 31, 0, 32, 63, -1 ] } }
Shape { appearance Appearance { material Material { diffuseColor 0.035 0.04 0.045 specularColor 0.25 0.25 0.25 shininess 0.3 } } geometry IndexedFaceSet { solid TRUE coord Coordinate { point [ 6.141732 -13.000000 4.372047, 6.139009 -12.972349 4.372047, 6.130944 -12.945761 4.372047, 6.117846 -12.921258 4.372047, 6.100220 -12.899780 4.372047, 6.078742 -12.882154 4.372047, 6.054239 -12.869056 4.372047, 6.027651 -12.860991 4.372047, 6.000000 -12.858268 4.372047, 5.972349 -12.860991 4.372047, 5.945761 -12.869056 4.372047, 5.921258 -12.882154 4.372047, 5.899780 -12.899780 4.372047, 5.882154 -12.921258 4.372047, 5.869056 -12.945761 4.372047, 5.860991 -12.972349 4.372047, 5.858268 -13.000000 4.372047, 5.860991 -13.027651 4.372047, 5.869056 -13.054239 4.372047, 5.882154 -13.078742 4.372047, 5.899780 -13.100220 4.372047, 5.921258 -13.117846 4.372047, 5.945761 -13.130944 4.372047, 5.972349 -13.139009 4.372047, 6.000000 -13.141732 4.372047, 6.027651 -13.139009 4.372047, 6.054239 -13.130944 4.372047, 6.078742 -13.117846 4.372047, 6.100220 -13.100220 4.372047, 6.117846 -13.078742 4.372047, 6.130944 -13.054239 4.372047, 6.139009 -13.027651 4.372047, 6.141732 -13.000000 4.391732, 6.139009 -12.972349 4.391732, 6.130944 -12.945761 4.391732, 6.117846 -12.921258 4.391732, 6.100220 -12.899780 4.391732, 6.078742 -12.882154 4.391732, 6.054239 -12.869056 4.391732, 6.027651 -12.860991 4.391732, 6.000000 -12.858268 4.391732, 5.972349 -12.860991 4.391732, 5.945761 -12.869056 4.391732, 5.921258 -12.882154 4.391732, 5.899780 -12.899780 4.391732, 5.882154 -12.921258 4.391732, 5.869056 -12.945761 4.391732, 5.860991 -12.972349 4.391732, 5.858268 -13.000000 4.391732, 5.860991 -13.027651 4.391732, 5.869056 -13.054239 4.391732, 5.882154 -13.078742 4.391732, 5.899780 -13.100220 4.391732, 5.921258 -13.117846 4.391732, 5.945761 -13.130944 4.391732, 5.972349 -13.139009 4.391732, 6.000000 -13.141732 4.391732, 6.027651 -13.139009 4.391732, 6.054239 -13.130944 4.391732, 6.078742 -13.117846 4.391732, 6.100220 -13.100220 4.391732, 6.117846 -13.078742 4.391732, 6.130944 -13.054239 4.391732, 6.139009 -13.027651 4.391732 ] } coordIndex [ 31, 30, 29, 28, 27, 26, 25, 24, 23, 22, 21, 20, 19, 18, 17, 16, 15, 14, 13, 12, 11, 10, 9, 8, 7, 6, 5, 4, 3, 2, 1, 0, -1, 32, 33, 34, 35, 36, 37, 38, 39, 40, 41, 42, 43, 44, 45, 46, 47, 48, 49, 50, 51, 52, 53, 54, 55, 56, 57, 58, 59, 60, 61, 62, 63, -1, 0, 1, 33, 32, -1, 1, 2, 34, 33, -1, 2, 3, 35, 34, -1, 3, 4, 36, 35, -1, 4, 5, 37, 36, -1, 5, 6, 38, 37, -1, 6, 7, 39, 38, -1, 7, 8, 40, 39, -1, 8, 9, 41, 40, -1, 9, 10, 42, 41, -1, 10, 11, 43, 42, -1, 11, 12, 44, 43, -1, 12, 13, 45, 44, -1, 13, 14, 46, 45, -1, 14, 15, 47, 46, -1, 15, 16, 48, 47, -1, 16, 17, 49, 48, -1, 17, 18, 50, 49, -1, 18, 19, 51, 50, -1, 19, 20, 52, 51, -1, 20, 21, 53, 52, -1, 21, 22, 54, 53, -1, 22, 23, 55, 54, -1, 23, 24, 56, 55, -1, 24, 25, 57, 56, -1, 25, 26, 58, 57, -1, 26, 27, 59, 58, -1, 27, 28, 60, 59, -1, 28, 29, 61, 60, -1, 29, 30, 62, 61, -1, 30, 31, 63, 62, -1, 31, 0, 32, 63, -1 ] } }
Shape { appearance Appearance { material Material { diffuseColor 0.76 0.58 0.19 specularColor 0.25 0.25 0.25 shininess 0.3 } } geometry IndexedFaceSet { solid TRUE coord Coordinate { point [ 6.354331 -14.000000 4.334646, 6.347522 -13.930874 4.334646, 6.327359 -13.864404 4.334646, 6.294615 -13.803144 4.334646, 6.250550 -13.749450 4.334646, 6.196856 -13.705385 4.334646, 6.135596 -13.672641 4.334646, 6.069126 -13.652478 4.334646, 6.000000 -13.645669 4.334646, 5.930874 -13.652478 4.334646, 5.864404 -13.672641 4.334646, 5.803144 -13.705385 4.334646, 5.749450 -13.749450 4.334646, 5.705385 -13.803144 4.334646, 5.672641 -13.864404 4.334646, 5.652478 -13.930874 4.334646, 5.645669 -14.000000 4.334646, 5.652478 -14.069126 4.334646, 5.672641 -14.135596 4.334646, 5.705385 -14.196856 4.334646, 5.749450 -14.250550 4.334646, 5.803144 -14.294615 4.334646, 5.864404 -14.327359 4.334646, 5.930874 -14.347522 4.334646, 6.000000 -14.354331 4.334646, 6.069126 -14.347522 4.334646, 6.135596 -14.327359 4.334646, 6.196856 -14.294615 4.334646, 6.250550 -14.250550 4.334646, 6.294615 -14.196856 4.334646, 6.327359 -14.135596 4.334646, 6.347522 -14.069126 4.334646, 6.354331 -14.000000 4.374016, 6.347522 -13.930874 4.374016, 6.327359 -13.864404 4.374016, 6.294615 -13.803144 4.374016, 6.250550 -13.749450 4.374016, 6.196856 -13.705385 4.374016, 6.135596 -13.672641 4.374016, 6.069126 -13.652478 4.374016, 6.000000 -13.645669 4.374016, 5.930874 -13.652478 4.374016, 5.864404 -13.672641 4.374016, 5.803144 -13.705385 4.374016, 5.749450 -13.749450 4.374016, 5.705385 -13.803144 4.374016, 5.672641 -13.864404 4.374016, 5.652478 -13.930874 4.374016, 5.645669 -14.000000 4.374016, 5.652478 -14.069126 4.374016, 5.672641 -14.135596 4.374016, 5.705385 -14.196856 4.374016, 5.749450 -14.250550 4.374016, 5.803144 -14.294615 4.374016, 5.864404 -14.327359 4.374016, 5.930874 -14.347522 4.374016, 6.000000 -14.354331 4.374016, 6.069126 -14.347522 4.374016, 6.135596 -14.327359 4.374016, 6.196856 -14.294615 4.374016, 6.250550 -14.250550 4.374016, 6.294615 -14.196856 4.374016, 6.327359 -14.135596 4.374016, 6.347522 -14.069126 4.374016 ] } coordIndex [ 31, 30, 29, 28, 27, 26, 25, 24, 23, 22, 21, 20, 19, 18, 17, 16, 15, 14, 13, 12, 11, 10, 9, 8, 7, 6, 5, 4, 3, 2, 1, 0, -1, 32, 33, 34, 35, 36, 37, 38, 39, 40, 41, 42, 43, 44, 45, 46, 47, 48, 49, 50, 51, 52, 53, 54, 55, 56, 57, 58, 59, 60, 61, 62, 63, -1, 0, 1, 33, 32, -1, 1, 2, 34, 33, -1, 2, 3, 35, 34, -1, 3, 4, 36, 35, -1, 4, 5, 37, 36, -1, 5, 6, 38, 37, -1, 6, 7, 39, 38, -1, 7, 8, 40, 39, -1, 8, 9, 41, 40, -1, 9, 10, 42, 41, -1, 10, 11, 43, 42, -1, 11, 12, 44, 43, -1, 12, 13, 45, 44, -1, 13, 14, 46, 45, -1, 14, 15, 47, 46, -1, 15, 16, 48, 47, -1, 16, 17, 49, 48, -1, 17, 18, 50, 49, -1, 18, 19, 51, 50, -1, 19, 20, 52, 51, -1, 20, 21, 53, 52, -1, 21, 22, 54, 53, -1, 22, 23, 55, 54, -1, 23, 24, 56, 55, -1, 24, 25, 57, 56, -1, 25, 26, 58, 57, -1, 26, 27, 59, 58, -1, 27, 28, 60, 59, -1, 28, 29, 61, 60, -1, 29, 30, 62, 61, -1, 30, 31, 63, 62, -1, 31, 0, 32, 63, -1 ] } }
Shape { appearance Appearance { material Material { diffuseColor 0.035 0.04 0.045 specularColor 0.25 0.25 0.25 shininess 0.3 } } geometry IndexedFaceSet { solid TRUE coord Coordinate { point [ 6.141732 -14.000000 4.372047, 6.139009 -13.972349 4.372047, 6.130944 -13.945761 4.372047, 6.117846 -13.921258 4.372047, 6.100220 -13.899780 4.372047, 6.078742 -13.882154 4.372047, 6.054239 -13.869056 4.372047, 6.027651 -13.860991 4.372047, 6.000000 -13.858268 4.372047, 5.972349 -13.860991 4.372047, 5.945761 -13.869056 4.372047, 5.921258 -13.882154 4.372047, 5.899780 -13.899780 4.372047, 5.882154 -13.921258 4.372047, 5.869056 -13.945761 4.372047, 5.860991 -13.972349 4.372047, 5.858268 -14.000000 4.372047, 5.860991 -14.027651 4.372047, 5.869056 -14.054239 4.372047, 5.882154 -14.078742 4.372047, 5.899780 -14.100220 4.372047, 5.921258 -14.117846 4.372047, 5.945761 -14.130944 4.372047, 5.972349 -14.139009 4.372047, 6.000000 -14.141732 4.372047, 6.027651 -14.139009 4.372047, 6.054239 -14.130944 4.372047, 6.078742 -14.117846 4.372047, 6.100220 -14.100220 4.372047, 6.117846 -14.078742 4.372047, 6.130944 -14.054239 4.372047, 6.139009 -14.027651 4.372047, 6.141732 -14.000000 4.391732, 6.139009 -13.972349 4.391732, 6.130944 -13.945761 4.391732, 6.117846 -13.921258 4.391732, 6.100220 -13.899780 4.391732, 6.078742 -13.882154 4.391732, 6.054239 -13.869056 4.391732, 6.027651 -13.860991 4.391732, 6.000000 -13.858268 4.391732, 5.972349 -13.860991 4.391732, 5.945761 -13.869056 4.391732, 5.921258 -13.882154 4.391732, 5.899780 -13.899780 4.391732, 5.882154 -13.921258 4.391732, 5.869056 -13.945761 4.391732, 5.860991 -13.972349 4.391732, 5.858268 -14.000000 4.391732, 5.860991 -14.027651 4.391732, 5.869056 -14.054239 4.391732, 5.882154 -14.078742 4.391732, 5.899780 -14.100220 4.391732, 5.921258 -14.117846 4.391732, 5.945761 -14.130944 4.391732, 5.972349 -14.139009 4.391732, 6.000000 -14.141732 4.391732, 6.027651 -14.139009 4.391732, 6.054239 -14.130944 4.391732, 6.078742 -14.117846 4.391732, 6.100220 -14.100220 4.391732, 6.117846 -14.078742 4.391732, 6.130944 -14.054239 4.391732, 6.139009 -14.027651 4.391732 ] } coordIndex [ 31, 30, 29, 28, 27, 26, 25, 24, 23, 22, 21, 20, 19, 18, 17, 16, 15, 14, 13, 12, 11, 10, 9, 8, 7, 6, 5, 4, 3, 2, 1, 0, -1, 32, 33, 34, 35, 36, 37, 38, 39, 40, 41, 42, 43, 44, 45, 46, 47, 48, 49, 50, 51, 52, 53, 54, 55, 56, 57, 58, 59, 60, 61, 62, 63, -1, 0, 1, 33, 32, -1, 1, 2, 34, 33, -1, 2, 3, 35, 34, -1, 3, 4, 36, 35, -1, 4, 5, 37, 36, -1, 5, 6, 38, 37, -1, 6, 7, 39, 38, -1, 7, 8, 40, 39, -1, 8, 9, 41, 40, -1, 9, 10, 42, 41, -1, 10, 11, 43, 42, -1, 11, 12, 44, 43, -1, 12, 13, 45, 44, -1, 13, 14, 46, 45, -1, 14, 15, 47, 46, -1, 15, 16, 48, 47, -1, 16, 17, 49, 48, -1, 17, 18, 50, 49, -1, 18, 19, 51, 50, -1, 19, 20, 52, 51, -1, 20, 21, 53, 52, -1, 21, 22, 54, 53, -1, 22, 23, 55, 54, -1, 23, 24, 56, 55, -1, 24, 25, 57, 56, -1, 25, 26, 58, 57, -1, 26, 27, 59, 58, -1, 27, 28, 60, 59, -1, 28, 29, 61, 60, -1, 29, 30, 62, 61, -1, 30, 31, 63, 62, -1, 31, 0, 32, 63, -1 ] } }
Shape { appearance Appearance { material Material { diffuseColor 0.76 0.58 0.19 specularColor 0.25 0.25 0.25 shininess 0.3 } } geometry IndexedFaceSet { solid TRUE coord Coordinate { point [ 6.354331 -15.000000 4.334646, 6.347522 -14.930874 4.334646, 6.327359 -14.864404 4.334646, 6.294615 -14.803144 4.334646, 6.250550 -14.749450 4.334646, 6.196856 -14.705385 4.334646, 6.135596 -14.672641 4.334646, 6.069126 -14.652478 4.334646, 6.000000 -14.645669 4.334646, 5.930874 -14.652478 4.334646, 5.864404 -14.672641 4.334646, 5.803144 -14.705385 4.334646, 5.749450 -14.749450 4.334646, 5.705385 -14.803144 4.334646, 5.672641 -14.864404 4.334646, 5.652478 -14.930874 4.334646, 5.645669 -15.000000 4.334646, 5.652478 -15.069126 4.334646, 5.672641 -15.135596 4.334646, 5.705385 -15.196856 4.334646, 5.749450 -15.250550 4.334646, 5.803144 -15.294615 4.334646, 5.864404 -15.327359 4.334646, 5.930874 -15.347522 4.334646, 6.000000 -15.354331 4.334646, 6.069126 -15.347522 4.334646, 6.135596 -15.327359 4.334646, 6.196856 -15.294615 4.334646, 6.250550 -15.250550 4.334646, 6.294615 -15.196856 4.334646, 6.327359 -15.135596 4.334646, 6.347522 -15.069126 4.334646, 6.354331 -15.000000 4.374016, 6.347522 -14.930874 4.374016, 6.327359 -14.864404 4.374016, 6.294615 -14.803144 4.374016, 6.250550 -14.749450 4.374016, 6.196856 -14.705385 4.374016, 6.135596 -14.672641 4.374016, 6.069126 -14.652478 4.374016, 6.000000 -14.645669 4.374016, 5.930874 -14.652478 4.374016, 5.864404 -14.672641 4.374016, 5.803144 -14.705385 4.374016, 5.749450 -14.749450 4.374016, 5.705385 -14.803144 4.374016, 5.672641 -14.864404 4.374016, 5.652478 -14.930874 4.374016, 5.645669 -15.000000 4.374016, 5.652478 -15.069126 4.374016, 5.672641 -15.135596 4.374016, 5.705385 -15.196856 4.374016, 5.749450 -15.250550 4.374016, 5.803144 -15.294615 4.374016, 5.864404 -15.327359 4.374016, 5.930874 -15.347522 4.374016, 6.000000 -15.354331 4.374016, 6.069126 -15.347522 4.374016, 6.135596 -15.327359 4.374016, 6.196856 -15.294615 4.374016, 6.250550 -15.250550 4.374016, 6.294615 -15.196856 4.374016, 6.327359 -15.135596 4.374016, 6.347522 -15.069126 4.374016 ] } coordIndex [ 31, 30, 29, 28, 27, 26, 25, 24, 23, 22, 21, 20, 19, 18, 17, 16, 15, 14, 13, 12, 11, 10, 9, 8, 7, 6, 5, 4, 3, 2, 1, 0, -1, 32, 33, 34, 35, 36, 37, 38, 39, 40, 41, 42, 43, 44, 45, 46, 47, 48, 49, 50, 51, 52, 53, 54, 55, 56, 57, 58, 59, 60, 61, 62, 63, -1, 0, 1, 33, 32, -1, 1, 2, 34, 33, -1, 2, 3, 35, 34, -1, 3, 4, 36, 35, -1, 4, 5, 37, 36, -1, 5, 6, 38, 37, -1, 6, 7, 39, 38, -1, 7, 8, 40, 39, -1, 8, 9, 41, 40, -1, 9, 10, 42, 41, -1, 10, 11, 43, 42, -1, 11, 12, 44, 43, -1, 12, 13, 45, 44, -1, 13, 14, 46, 45, -1, 14, 15, 47, 46, -1, 15, 16, 48, 47, -1, 16, 17, 49, 48, -1, 17, 18, 50, 49, -1, 18, 19, 51, 50, -1, 19, 20, 52, 51, -1, 20, 21, 53, 52, -1, 21, 22, 54, 53, -1, 22, 23, 55, 54, -1, 23, 24, 56, 55, -1, 24, 25, 57, 56, -1, 25, 26, 58, 57, -1, 26, 27, 59, 58, -1, 27, 28, 60, 59, -1, 28, 29, 61, 60, -1, 29, 30, 62, 61, -1, 30, 31, 63, 62, -1, 31, 0, 32, 63, -1 ] } }
Shape { appearance Appearance { material Material { diffuseColor 0.035 0.04 0.045 specularColor 0.25 0.25 0.25 shininess 0.3 } } geometry IndexedFaceSet { solid TRUE coord Coordinate { point [ 6.141732 -15.000000 4.372047, 6.139009 -14.972349 4.372047, 6.130944 -14.945761 4.372047, 6.117846 -14.921258 4.372047, 6.100220 -14.899780 4.372047, 6.078742 -14.882154 4.372047, 6.054239 -14.869056 4.372047, 6.027651 -14.860991 4.372047, 6.000000 -14.858268 4.372047, 5.972349 -14.860991 4.372047, 5.945761 -14.869056 4.372047, 5.921258 -14.882154 4.372047, 5.899780 -14.899780 4.372047, 5.882154 -14.921258 4.372047, 5.869056 -14.945761 4.372047, 5.860991 -14.972349 4.372047, 5.858268 -15.000000 4.372047, 5.860991 -15.027651 4.372047, 5.869056 -15.054239 4.372047, 5.882154 -15.078742 4.372047, 5.899780 -15.100220 4.372047, 5.921258 -15.117846 4.372047, 5.945761 -15.130944 4.372047, 5.972349 -15.139009 4.372047, 6.000000 -15.141732 4.372047, 6.027651 -15.139009 4.372047, 6.054239 -15.130944 4.372047, 6.078742 -15.117846 4.372047, 6.100220 -15.100220 4.372047, 6.117846 -15.078742 4.372047, 6.130944 -15.054239 4.372047, 6.139009 -15.027651 4.372047, 6.141732 -15.000000 4.391732, 6.139009 -14.972349 4.391732, 6.130944 -14.945761 4.391732, 6.117846 -14.921258 4.391732, 6.100220 -14.899780 4.391732, 6.078742 -14.882154 4.391732, 6.054239 -14.869056 4.391732, 6.027651 -14.860991 4.391732, 6.000000 -14.858268 4.391732, 5.972349 -14.860991 4.391732, 5.945761 -14.869056 4.391732, 5.921258 -14.882154 4.391732, 5.899780 -14.899780 4.391732, 5.882154 -14.921258 4.391732, 5.869056 -14.945761 4.391732, 5.860991 -14.972349 4.391732, 5.858268 -15.000000 4.391732, 5.860991 -15.027651 4.391732, 5.869056 -15.054239 4.391732, 5.882154 -15.078742 4.391732, 5.899780 -15.100220 4.391732, 5.921258 -15.117846 4.391732, 5.945761 -15.130944 4.391732, 5.972349 -15.139009 4.391732, 6.000000 -15.141732 4.391732, 6.027651 -15.139009 4.391732, 6.054239 -15.130944 4.391732, 6.078742 -15.117846 4.391732, 6.100220 -15.100220 4.391732, 6.117846 -15.078742 4.391732, 6.130944 -15.054239 4.391732, 6.139009 -15.027651 4.391732 ] } coordIndex [ 31, 30, 29, 28, 27, 26, 25, 24, 23, 22, 21, 20, 19, 18, 17, 16, 15, 14, 13, 12, 11, 10, 9, 8, 7, 6, 5, 4, 3, 2, 1, 0, -1, 32, 33, 34, 35, 36, 37, 38, 39, 40, 41, 42, 43, 44, 45, 46, 47, 48, 49, 50, 51, 52, 53, 54, 55, 56, 57, 58, 59, 60, 61, 62, 63, -1, 0, 1, 33, 32, -1, 1, 2, 34, 33, -1, 2, 3, 35, 34, -1, 3, 4, 36, 35, -1, 4, 5, 37, 36, -1, 5, 6, 38, 37, -1, 6, 7, 39, 38, -1, 7, 8, 40, 39, -1, 8, 9, 41, 40, -1, 9, 10, 42, 41, -1, 10, 11, 43, 42, -1, 11, 12, 44, 43, -1, 12, 13, 45, 44, -1, 13, 14, 46, 45, -1, 14, 15, 47, 46, -1, 15, 16, 48, 47, -1, 16, 17, 49, 48, -1, 17, 18, 50, 49, -1, 18, 19, 51, 50, -1, 19, 20, 52, 51, -1, 20, 21, 53, 52, -1, 21, 22, 54, 53, -1, 22, 23, 55, 54, -1, 23, 24, 56, 55, -1, 24, 25, 57, 56, -1, 25, 26, 58, 57, -1, 26, 27, 59, 58, -1, 27, 28, 60, 59, -1, 28, 29, 61, 60, -1, 29, 30, 62, 61, -1, 30, 31, 63, 62, -1, 31, 0, 32, 63, -1 ] } }
Shape { appearance Appearance { material Material { diffuseColor 0.76 0.58 0.19 specularColor 0.25 0.25 0.25 shininess 0.3 } } geometry IndexedFaceSet { solid TRUE coord Coordinate { point [ 6.354331 -16.000000 4.334646, 6.347522 -15.930874 4.334646, 6.327359 -15.864404 4.334646, 6.294615 -15.803144 4.334646, 6.250550 -15.749450 4.334646, 6.196856 -15.705385 4.334646, 6.135596 -15.672641 4.334646, 6.069126 -15.652478 4.334646, 6.000000 -15.645669 4.334646, 5.930874 -15.652478 4.334646, 5.864404 -15.672641 4.334646, 5.803144 -15.705385 4.334646, 5.749450 -15.749450 4.334646, 5.705385 -15.803144 4.334646, 5.672641 -15.864404 4.334646, 5.652478 -15.930874 4.334646, 5.645669 -16.000000 4.334646, 5.652478 -16.069126 4.334646, 5.672641 -16.135596 4.334646, 5.705385 -16.196856 4.334646, 5.749450 -16.250550 4.334646, 5.803144 -16.294615 4.334646, 5.864404 -16.327359 4.334646, 5.930874 -16.347522 4.334646, 6.000000 -16.354331 4.334646, 6.069126 -16.347522 4.334646, 6.135596 -16.327359 4.334646, 6.196856 -16.294615 4.334646, 6.250550 -16.250550 4.334646, 6.294615 -16.196856 4.334646, 6.327359 -16.135596 4.334646, 6.347522 -16.069126 4.334646, 6.354331 -16.000000 4.374016, 6.347522 -15.930874 4.374016, 6.327359 -15.864404 4.374016, 6.294615 -15.803144 4.374016, 6.250550 -15.749450 4.374016, 6.196856 -15.705385 4.374016, 6.135596 -15.672641 4.374016, 6.069126 -15.652478 4.374016, 6.000000 -15.645669 4.374016, 5.930874 -15.652478 4.374016, 5.864404 -15.672641 4.374016, 5.803144 -15.705385 4.374016, 5.749450 -15.749450 4.374016, 5.705385 -15.803144 4.374016, 5.672641 -15.864404 4.374016, 5.652478 -15.930874 4.374016, 5.645669 -16.000000 4.374016, 5.652478 -16.069126 4.374016, 5.672641 -16.135596 4.374016, 5.705385 -16.196856 4.374016, 5.749450 -16.250550 4.374016, 5.803144 -16.294615 4.374016, 5.864404 -16.327359 4.374016, 5.930874 -16.347522 4.374016, 6.000000 -16.354331 4.374016, 6.069126 -16.347522 4.374016, 6.135596 -16.327359 4.374016, 6.196856 -16.294615 4.374016, 6.250550 -16.250550 4.374016, 6.294615 -16.196856 4.374016, 6.327359 -16.135596 4.374016, 6.347522 -16.069126 4.374016 ] } coordIndex [ 31, 30, 29, 28, 27, 26, 25, 24, 23, 22, 21, 20, 19, 18, 17, 16, 15, 14, 13, 12, 11, 10, 9, 8, 7, 6, 5, 4, 3, 2, 1, 0, -1, 32, 33, 34, 35, 36, 37, 38, 39, 40, 41, 42, 43, 44, 45, 46, 47, 48, 49, 50, 51, 52, 53, 54, 55, 56, 57, 58, 59, 60, 61, 62, 63, -1, 0, 1, 33, 32, -1, 1, 2, 34, 33, -1, 2, 3, 35, 34, -1, 3, 4, 36, 35, -1, 4, 5, 37, 36, -1, 5, 6, 38, 37, -1, 6, 7, 39, 38, -1, 7, 8, 40, 39, -1, 8, 9, 41, 40, -1, 9, 10, 42, 41, -1, 10, 11, 43, 42, -1, 11, 12, 44, 43, -1, 12, 13, 45, 44, -1, 13, 14, 46, 45, -1, 14, 15, 47, 46, -1, 15, 16, 48, 47, -1, 16, 17, 49, 48, -1, 17, 18, 50, 49, -1, 18, 19, 51, 50, -1, 19, 20, 52, 51, -1, 20, 21, 53, 52, -1, 21, 22, 54, 53, -1, 22, 23, 55, 54, -1, 23, 24, 56, 55, -1, 24, 25, 57, 56, -1, 25, 26, 58, 57, -1, 26, 27, 59, 58, -1, 27, 28, 60, 59, -1, 28, 29, 61, 60, -1, 29, 30, 62, 61, -1, 30, 31, 63, 62, -1, 31, 0, 32, 63, -1 ] } }
Shape { appearance Appearance { material Material { diffuseColor 0.035 0.04 0.045 specularColor 0.25 0.25 0.25 shininess 0.3 } } geometry IndexedFaceSet { solid TRUE coord Coordinate { point [ 6.141732 -16.000000 4.372047, 6.139009 -15.972349 4.372047, 6.130944 -15.945761 4.372047, 6.117846 -15.921258 4.372047, 6.100220 -15.899780 4.372047, 6.078742 -15.882154 4.372047, 6.054239 -15.869056 4.372047, 6.027651 -15.860991 4.372047, 6.000000 -15.858268 4.372047, 5.972349 -15.860991 4.372047, 5.945761 -15.869056 4.372047, 5.921258 -15.882154 4.372047, 5.899780 -15.899780 4.372047, 5.882154 -15.921258 4.372047, 5.869056 -15.945761 4.372047, 5.860991 -15.972349 4.372047, 5.858268 -16.000000 4.372047, 5.860991 -16.027651 4.372047, 5.869056 -16.054239 4.372047, 5.882154 -16.078742 4.372047, 5.899780 -16.100220 4.372047, 5.921258 -16.117846 4.372047, 5.945761 -16.130944 4.372047, 5.972349 -16.139009 4.372047, 6.000000 -16.141732 4.372047, 6.027651 -16.139009 4.372047, 6.054239 -16.130944 4.372047, 6.078742 -16.117846 4.372047, 6.100220 -16.100220 4.372047, 6.117846 -16.078742 4.372047, 6.130944 -16.054239 4.372047, 6.139009 -16.027651 4.372047, 6.141732 -16.000000 4.391732, 6.139009 -15.972349 4.391732, 6.130944 -15.945761 4.391732, 6.117846 -15.921258 4.391732, 6.100220 -15.899780 4.391732, 6.078742 -15.882154 4.391732, 6.054239 -15.869056 4.391732, 6.027651 -15.860991 4.391732, 6.000000 -15.858268 4.391732, 5.972349 -15.860991 4.391732, 5.945761 -15.869056 4.391732, 5.921258 -15.882154 4.391732, 5.899780 -15.899780 4.391732, 5.882154 -15.921258 4.391732, 5.869056 -15.945761 4.391732, 5.860991 -15.972349 4.391732, 5.858268 -16.000000 4.391732, 5.860991 -16.027651 4.391732, 5.869056 -16.054239 4.391732, 5.882154 -16.078742 4.391732, 5.899780 -16.100220 4.391732, 5.921258 -16.117846 4.391732, 5.945761 -16.130944 4.391732, 5.972349 -16.139009 4.391732, 6.000000 -16.141732 4.391732, 6.027651 -16.139009 4.391732, 6.054239 -16.130944 4.391732, 6.078742 -16.117846 4.391732, 6.100220 -16.100220 4.391732, 6.117846 -16.078742 4.391732, 6.130944 -16.054239 4.391732, 6.139009 -16.027651 4.391732 ] } coordIndex [ 31, 30, 29, 28, 27, 26, 25, 24, 23, 22, 21, 20, 19, 18, 17, 16, 15, 14, 13, 12, 11, 10, 9, 8, 7, 6, 5, 4, 3, 2, 1, 0, -1, 32, 33, 34, 35, 36, 37, 38, 39, 40, 41, 42, 43, 44, 45, 46, 47, 48, 49, 50, 51, 52, 53, 54, 55, 56, 57, 58, 59, 60, 61, 62, 63, -1, 0, 1, 33, 32, -1, 1, 2, 34, 33, -1, 2, 3, 35, 34, -1, 3, 4, 36, 35, -1, 4, 5, 37, 36, -1, 5, 6, 38, 37, -1, 6, 7, 39, 38, -1, 7, 8, 40, 39, -1, 8, 9, 41, 40, -1, 9, 10, 42, 41, -1, 10, 11, 43, 42, -1, 11, 12, 44, 43, -1, 12, 13, 45, 44, -1, 13, 14, 46, 45, -1, 14, 15, 47, 46, -1, 15, 16, 48, 47, -1, 16, 17, 49, 48, -1, 17, 18, 50, 49, -1, 18, 19, 51, 50, -1, 19, 20, 52, 51, -1, 20, 21, 53, 52, -1, 21, 22, 54, 53, -1, 22, 23, 55, 54, -1, 23, 24, 56, 55, -1, 24, 25, 57, 56, -1, 25, 26, 58, 57, -1, 26, 27, 59, 58, -1, 27, 28, 60, 59, -1, 28, 29, 61, 60, -1, 29, 30, 62, 61, -1, 30, 31, 63, 62, -1, 31, 0, 32, 63, -1 ] } }
Shape { appearance Appearance { material Material { diffuseColor 0.76 0.58 0.19 specularColor 0.25 0.25 0.25 shininess 0.3 } } geometry IndexedFaceSet { solid TRUE coord Coordinate { point [ 6.354331 -17.000000 4.334646, 6.347522 -16.930874 4.334646, 6.327359 -16.864404 4.334646, 6.294615 -16.803144 4.334646, 6.250550 -16.749450 4.334646, 6.196856 -16.705385 4.334646, 6.135596 -16.672641 4.334646, 6.069126 -16.652478 4.334646, 6.000000 -16.645669 4.334646, 5.930874 -16.652478 4.334646, 5.864404 -16.672641 4.334646, 5.803144 -16.705385 4.334646, 5.749450 -16.749450 4.334646, 5.705385 -16.803144 4.334646, 5.672641 -16.864404 4.334646, 5.652478 -16.930874 4.334646, 5.645669 -17.000000 4.334646, 5.652478 -17.069126 4.334646, 5.672641 -17.135596 4.334646, 5.705385 -17.196856 4.334646, 5.749450 -17.250550 4.334646, 5.803144 -17.294615 4.334646, 5.864404 -17.327359 4.334646, 5.930874 -17.347522 4.334646, 6.000000 -17.354331 4.334646, 6.069126 -17.347522 4.334646, 6.135596 -17.327359 4.334646, 6.196856 -17.294615 4.334646, 6.250550 -17.250550 4.334646, 6.294615 -17.196856 4.334646, 6.327359 -17.135596 4.334646, 6.347522 -17.069126 4.334646, 6.354331 -17.000000 4.374016, 6.347522 -16.930874 4.374016, 6.327359 -16.864404 4.374016, 6.294615 -16.803144 4.374016, 6.250550 -16.749450 4.374016, 6.196856 -16.705385 4.374016, 6.135596 -16.672641 4.374016, 6.069126 -16.652478 4.374016, 6.000000 -16.645669 4.374016, 5.930874 -16.652478 4.374016, 5.864404 -16.672641 4.374016, 5.803144 -16.705385 4.374016, 5.749450 -16.749450 4.374016, 5.705385 -16.803144 4.374016, 5.672641 -16.864404 4.374016, 5.652478 -16.930874 4.374016, 5.645669 -17.000000 4.374016, 5.652478 -17.069126 4.374016, 5.672641 -17.135596 4.374016, 5.705385 -17.196856 4.374016, 5.749450 -17.250550 4.374016, 5.803144 -17.294615 4.374016, 5.864404 -17.327359 4.374016, 5.930874 -17.347522 4.374016, 6.000000 -17.354331 4.374016, 6.069126 -17.347522 4.374016, 6.135596 -17.327359 4.374016, 6.196856 -17.294615 4.374016, 6.250550 -17.250550 4.374016, 6.294615 -17.196856 4.374016, 6.327359 -17.135596 4.374016, 6.347522 -17.069126 4.374016 ] } coordIndex [ 31, 30, 29, 28, 27, 26, 25, 24, 23, 22, 21, 20, 19, 18, 17, 16, 15, 14, 13, 12, 11, 10, 9, 8, 7, 6, 5, 4, 3, 2, 1, 0, -1, 32, 33, 34, 35, 36, 37, 38, 39, 40, 41, 42, 43, 44, 45, 46, 47, 48, 49, 50, 51, 52, 53, 54, 55, 56, 57, 58, 59, 60, 61, 62, 63, -1, 0, 1, 33, 32, -1, 1, 2, 34, 33, -1, 2, 3, 35, 34, -1, 3, 4, 36, 35, -1, 4, 5, 37, 36, -1, 5, 6, 38, 37, -1, 6, 7, 39, 38, -1, 7, 8, 40, 39, -1, 8, 9, 41, 40, -1, 9, 10, 42, 41, -1, 10, 11, 43, 42, -1, 11, 12, 44, 43, -1, 12, 13, 45, 44, -1, 13, 14, 46, 45, -1, 14, 15, 47, 46, -1, 15, 16, 48, 47, -1, 16, 17, 49, 48, -1, 17, 18, 50, 49, -1, 18, 19, 51, 50, -1, 19, 20, 52, 51, -1, 20, 21, 53, 52, -1, 21, 22, 54, 53, -1, 22, 23, 55, 54, -1, 23, 24, 56, 55, -1, 24, 25, 57, 56, -1, 25, 26, 58, 57, -1, 26, 27, 59, 58, -1, 27, 28, 60, 59, -1, 28, 29, 61, 60, -1, 29, 30, 62, 61, -1, 30, 31, 63, 62, -1, 31, 0, 32, 63, -1 ] } }
Shape { appearance Appearance { material Material { diffuseColor 0.035 0.04 0.045 specularColor 0.25 0.25 0.25 shininess 0.3 } } geometry IndexedFaceSet { solid TRUE coord Coordinate { point [ 6.141732 -17.000000 4.372047, 6.139009 -16.972349 4.372047, 6.130944 -16.945761 4.372047, 6.117846 -16.921258 4.372047, 6.100220 -16.899780 4.372047, 6.078742 -16.882154 4.372047, 6.054239 -16.869056 4.372047, 6.027651 -16.860991 4.372047, 6.000000 -16.858268 4.372047, 5.972349 -16.860991 4.372047, 5.945761 -16.869056 4.372047, 5.921258 -16.882154 4.372047, 5.899780 -16.899780 4.372047, 5.882154 -16.921258 4.372047, 5.869056 -16.945761 4.372047, 5.860991 -16.972349 4.372047, 5.858268 -17.000000 4.372047, 5.860991 -17.027651 4.372047, 5.869056 -17.054239 4.372047, 5.882154 -17.078742 4.372047, 5.899780 -17.100220 4.372047, 5.921258 -17.117846 4.372047, 5.945761 -17.130944 4.372047, 5.972349 -17.139009 4.372047, 6.000000 -17.141732 4.372047, 6.027651 -17.139009 4.372047, 6.054239 -17.130944 4.372047, 6.078742 -17.117846 4.372047, 6.100220 -17.100220 4.372047, 6.117846 -17.078742 4.372047, 6.130944 -17.054239 4.372047, 6.139009 -17.027651 4.372047, 6.141732 -17.000000 4.391732, 6.139009 -16.972349 4.391732, 6.130944 -16.945761 4.391732, 6.117846 -16.921258 4.391732, 6.100220 -16.899780 4.391732, 6.078742 -16.882154 4.391732, 6.054239 -16.869056 4.391732, 6.027651 -16.860991 4.391732, 6.000000 -16.858268 4.391732, 5.972349 -16.860991 4.391732, 5.945761 -16.869056 4.391732, 5.921258 -16.882154 4.391732, 5.899780 -16.899780 4.391732, 5.882154 -16.921258 4.391732, 5.869056 -16.945761 4.391732, 5.860991 -16.972349 4.391732, 5.858268 -17.000000 4.391732, 5.860991 -17.027651 4.391732, 5.869056 -17.054239 4.391732, 5.882154 -17.078742 4.391732, 5.899780 -17.100220 4.391732, 5.921258 -17.117846 4.391732, 5.945761 -17.130944 4.391732, 5.972349 -17.139009 4.391732, 6.000000 -17.141732 4.391732, 6.027651 -17.139009 4.391732, 6.054239 -17.130944 4.391732, 6.078742 -17.117846 4.391732, 6.100220 -17.100220 4.391732, 6.117846 -17.078742 4.391732, 6.130944 -17.054239 4.391732, 6.139009 -17.027651 4.391732 ] } coordIndex [ 31, 30, 29, 28, 27, 26, 25, 24, 23, 22, 21, 20, 19, 18, 17, 16, 15, 14, 13, 12, 11, 10, 9, 8, 7, 6, 5, 4, 3, 2, 1, 0, -1, 32, 33, 34, 35, 36, 37, 38, 39, 40, 41, 42, 43, 44, 45, 46, 47, 48, 49, 50, 51, 52, 53, 54, 55, 56, 57, 58, 59, 60, 61, 62, 63, -1, 0, 1, 33, 32, -1, 1, 2, 34, 33, -1, 2, 3, 35, 34, -1, 3, 4, 36, 35, -1, 4, 5, 37, 36, -1, 5, 6, 38, 37, -1, 6, 7, 39, 38, -1, 7, 8, 40, 39, -1, 8, 9, 41, 40, -1, 9, 10, 42, 41, -1, 10, 11, 43, 42, -1, 11, 12, 44, 43, -1, 12, 13, 45, 44, -1, 13, 14, 46, 45, -1, 14, 15, 47, 46, -1, 15, 16, 48, 47, -1, 16, 17, 49, 48, -1, 17, 18, 50, 49, -1, 18, 19, 51, 50, -1, 19, 20, 52, 51, -1, 20, 21, 53, 52, -1, 21, 22, 54, 53, -1, 22, 23, 55, 54, -1, 23, 24, 56, 55, -1, 24, 25, 57, 56, -1, 25, 26, 58, 57, -1, 26, 27, 59, 58, -1, 27, 28, 60, 59, -1, 28, 29, 61, 60, -1, 29, 30, 62, 61, -1, 30, 31, 63, 62, -1, 31, 0, 32, 63, -1 ] } }
Shape { appearance Appearance { material Material { diffuseColor 0.76 0.58 0.19 specularColor 0.25 0.25 0.25 shininess 0.3 } } geometry IndexedFaceSet { solid TRUE coord Coordinate { point [ 6.354331 -18.000000 4.334646, 6.347522 -17.930874 4.334646, 6.327359 -17.864404 4.334646, 6.294615 -17.803144 4.334646, 6.250550 -17.749450 4.334646, 6.196856 -17.705385 4.334646, 6.135596 -17.672641 4.334646, 6.069126 -17.652478 4.334646, 6.000000 -17.645669 4.334646, 5.930874 -17.652478 4.334646, 5.864404 -17.672641 4.334646, 5.803144 -17.705385 4.334646, 5.749450 -17.749450 4.334646, 5.705385 -17.803144 4.334646, 5.672641 -17.864404 4.334646, 5.652478 -17.930874 4.334646, 5.645669 -18.000000 4.334646, 5.652478 -18.069126 4.334646, 5.672641 -18.135596 4.334646, 5.705385 -18.196856 4.334646, 5.749450 -18.250550 4.334646, 5.803144 -18.294615 4.334646, 5.864404 -18.327359 4.334646, 5.930874 -18.347522 4.334646, 6.000000 -18.354331 4.334646, 6.069126 -18.347522 4.334646, 6.135596 -18.327359 4.334646, 6.196856 -18.294615 4.334646, 6.250550 -18.250550 4.334646, 6.294615 -18.196856 4.334646, 6.327359 -18.135596 4.334646, 6.347522 -18.069126 4.334646, 6.354331 -18.000000 4.374016, 6.347522 -17.930874 4.374016, 6.327359 -17.864404 4.374016, 6.294615 -17.803144 4.374016, 6.250550 -17.749450 4.374016, 6.196856 -17.705385 4.374016, 6.135596 -17.672641 4.374016, 6.069126 -17.652478 4.374016, 6.000000 -17.645669 4.374016, 5.930874 -17.652478 4.374016, 5.864404 -17.672641 4.374016, 5.803144 -17.705385 4.374016, 5.749450 -17.749450 4.374016, 5.705385 -17.803144 4.374016, 5.672641 -17.864404 4.374016, 5.652478 -17.930874 4.374016, 5.645669 -18.000000 4.374016, 5.652478 -18.069126 4.374016, 5.672641 -18.135596 4.374016, 5.705385 -18.196856 4.374016, 5.749450 -18.250550 4.374016, 5.803144 -18.294615 4.374016, 5.864404 -18.327359 4.374016, 5.930874 -18.347522 4.374016, 6.000000 -18.354331 4.374016, 6.069126 -18.347522 4.374016, 6.135596 -18.327359 4.374016, 6.196856 -18.294615 4.374016, 6.250550 -18.250550 4.374016, 6.294615 -18.196856 4.374016, 6.327359 -18.135596 4.374016, 6.347522 -18.069126 4.374016 ] } coordIndex [ 31, 30, 29, 28, 27, 26, 25, 24, 23, 22, 21, 20, 19, 18, 17, 16, 15, 14, 13, 12, 11, 10, 9, 8, 7, 6, 5, 4, 3, 2, 1, 0, -1, 32, 33, 34, 35, 36, 37, 38, 39, 40, 41, 42, 43, 44, 45, 46, 47, 48, 49, 50, 51, 52, 53, 54, 55, 56, 57, 58, 59, 60, 61, 62, 63, -1, 0, 1, 33, 32, -1, 1, 2, 34, 33, -1, 2, 3, 35, 34, -1, 3, 4, 36, 35, -1, 4, 5, 37, 36, -1, 5, 6, 38, 37, -1, 6, 7, 39, 38, -1, 7, 8, 40, 39, -1, 8, 9, 41, 40, -1, 9, 10, 42, 41, -1, 10, 11, 43, 42, -1, 11, 12, 44, 43, -1, 12, 13, 45, 44, -1, 13, 14, 46, 45, -1, 14, 15, 47, 46, -1, 15, 16, 48, 47, -1, 16, 17, 49, 48, -1, 17, 18, 50, 49, -1, 18, 19, 51, 50, -1, 19, 20, 52, 51, -1, 20, 21, 53, 52, -1, 21, 22, 54, 53, -1, 22, 23, 55, 54, -1, 23, 24, 56, 55, -1, 24, 25, 57, 56, -1, 25, 26, 58, 57, -1, 26, 27, 59, 58, -1, 27, 28, 60, 59, -1, 28, 29, 61, 60, -1, 29, 30, 62, 61, -1, 30, 31, 63, 62, -1, 31, 0, 32, 63, -1 ] } }
Shape { appearance Appearance { material Material { diffuseColor 0.035 0.04 0.045 specularColor 0.25 0.25 0.25 shininess 0.3 } } geometry IndexedFaceSet { solid TRUE coord Coordinate { point [ 6.141732 -18.000000 4.372047, 6.139009 -17.972349 4.372047, 6.130944 -17.945761 4.372047, 6.117846 -17.921258 4.372047, 6.100220 -17.899780 4.372047, 6.078742 -17.882154 4.372047, 6.054239 -17.869056 4.372047, 6.027651 -17.860991 4.372047, 6.000000 -17.858268 4.372047, 5.972349 -17.860991 4.372047, 5.945761 -17.869056 4.372047, 5.921258 -17.882154 4.372047, 5.899780 -17.899780 4.372047, 5.882154 -17.921258 4.372047, 5.869056 -17.945761 4.372047, 5.860991 -17.972349 4.372047, 5.858268 -18.000000 4.372047, 5.860991 -18.027651 4.372047, 5.869056 -18.054239 4.372047, 5.882154 -18.078742 4.372047, 5.899780 -18.100220 4.372047, 5.921258 -18.117846 4.372047, 5.945761 -18.130944 4.372047, 5.972349 -18.139009 4.372047, 6.000000 -18.141732 4.372047, 6.027651 -18.139009 4.372047, 6.054239 -18.130944 4.372047, 6.078742 -18.117846 4.372047, 6.100220 -18.100220 4.372047, 6.117846 -18.078742 4.372047, 6.130944 -18.054239 4.372047, 6.139009 -18.027651 4.372047, 6.141732 -18.000000 4.391732, 6.139009 -17.972349 4.391732, 6.130944 -17.945761 4.391732, 6.117846 -17.921258 4.391732, 6.100220 -17.899780 4.391732, 6.078742 -17.882154 4.391732, 6.054239 -17.869056 4.391732, 6.027651 -17.860991 4.391732, 6.000000 -17.858268 4.391732, 5.972349 -17.860991 4.391732, 5.945761 -17.869056 4.391732, 5.921258 -17.882154 4.391732, 5.899780 -17.899780 4.391732, 5.882154 -17.921258 4.391732, 5.869056 -17.945761 4.391732, 5.860991 -17.972349 4.391732, 5.858268 -18.000000 4.391732, 5.860991 -18.027651 4.391732, 5.869056 -18.054239 4.391732, 5.882154 -18.078742 4.391732, 5.899780 -18.100220 4.391732, 5.921258 -18.117846 4.391732, 5.945761 -18.130944 4.391732, 5.972349 -18.139009 4.391732, 6.000000 -18.141732 4.391732, 6.027651 -18.139009 4.391732, 6.054239 -18.130944 4.391732, 6.078742 -18.117846 4.391732, 6.100220 -18.100220 4.391732, 6.117846 -18.078742 4.391732, 6.130944 -18.054239 4.391732, 6.139009 -18.027651 4.391732 ] } coordIndex [ 31, 30, 29, 28, 27, 26, 25, 24, 23, 22, 21, 20, 19, 18, 17, 16, 15, 14, 13, 12, 11, 10, 9, 8, 7, 6, 5, 4, 3, 2, 1, 0, -1, 32, 33, 34, 35, 36, 37, 38, 39, 40, 41, 42, 43, 44, 45, 46, 47, 48, 49, 50, 51, 52, 53, 54, 55, 56, 57, 58, 59, 60, 61, 62, 63, -1, 0, 1, 33, 32, -1, 1, 2, 34, 33, -1, 2, 3, 35, 34, -1, 3, 4, 36, 35, -1, 4, 5, 37, 36, -1, 5, 6, 38, 37, -1, 6, 7, 39, 38, -1, 7, 8, 40, 39, -1, 8, 9, 41, 40, -1, 9, 10, 42, 41, -1, 10, 11, 43, 42, -1, 11, 12, 44, 43, -1, 12, 13, 45, 44, -1, 13, 14, 46, 45, -1, 14, 15, 47, 46, -1, 15, 16, 48, 47, -1, 16, 17, 49, 48, -1, 17, 18, 50, 49, -1, 18, 19, 51, 50, -1, 19, 20, 52, 51, -1, 20, 21, 53, 52, -1, 21, 22, 54, 53, -1, 22, 23, 55, 54, -1, 23, 24, 56, 55, -1, 24, 25, 57, 56, -1, 25, 26, 58, 57, -1, 26, 27, 59, 58, -1, 27, 28, 60, 59, -1, 28, 29, 61, 60, -1, 29, 30, 62, 61, -1, 30, 31, 63, 62, -1, 31, 0, 32, 63, -1 ] } }
Shape { appearance Appearance { material Material { diffuseColor 0.76 0.58 0.19 specularColor 0.25 0.25 0.25 shininess 0.3 } } geometry IndexedFaceSet { solid TRUE coord Coordinate { point [ 6.354331 -19.000000 4.334646, 6.347522 -18.930874 4.334646, 6.327359 -18.864404 4.334646, 6.294615 -18.803144 4.334646, 6.250550 -18.749450 4.334646, 6.196856 -18.705385 4.334646, 6.135596 -18.672641 4.334646, 6.069126 -18.652478 4.334646, 6.000000 -18.645669 4.334646, 5.930874 -18.652478 4.334646, 5.864404 -18.672641 4.334646, 5.803144 -18.705385 4.334646, 5.749450 -18.749450 4.334646, 5.705385 -18.803144 4.334646, 5.672641 -18.864404 4.334646, 5.652478 -18.930874 4.334646, 5.645669 -19.000000 4.334646, 5.652478 -19.069126 4.334646, 5.672641 -19.135596 4.334646, 5.705385 -19.196856 4.334646, 5.749450 -19.250550 4.334646, 5.803144 -19.294615 4.334646, 5.864404 -19.327359 4.334646, 5.930874 -19.347522 4.334646, 6.000000 -19.354331 4.334646, 6.069126 -19.347522 4.334646, 6.135596 -19.327359 4.334646, 6.196856 -19.294615 4.334646, 6.250550 -19.250550 4.334646, 6.294615 -19.196856 4.334646, 6.327359 -19.135596 4.334646, 6.347522 -19.069126 4.334646, 6.354331 -19.000000 4.374016, 6.347522 -18.930874 4.374016, 6.327359 -18.864404 4.374016, 6.294615 -18.803144 4.374016, 6.250550 -18.749450 4.374016, 6.196856 -18.705385 4.374016, 6.135596 -18.672641 4.374016, 6.069126 -18.652478 4.374016, 6.000000 -18.645669 4.374016, 5.930874 -18.652478 4.374016, 5.864404 -18.672641 4.374016, 5.803144 -18.705385 4.374016, 5.749450 -18.749450 4.374016, 5.705385 -18.803144 4.374016, 5.672641 -18.864404 4.374016, 5.652478 -18.930874 4.374016, 5.645669 -19.000000 4.374016, 5.652478 -19.069126 4.374016, 5.672641 -19.135596 4.374016, 5.705385 -19.196856 4.374016, 5.749450 -19.250550 4.374016, 5.803144 -19.294615 4.374016, 5.864404 -19.327359 4.374016, 5.930874 -19.347522 4.374016, 6.000000 -19.354331 4.374016, 6.069126 -19.347522 4.374016, 6.135596 -19.327359 4.374016, 6.196856 -19.294615 4.374016, 6.250550 -19.250550 4.374016, 6.294615 -19.196856 4.374016, 6.327359 -19.135596 4.374016, 6.347522 -19.069126 4.374016 ] } coordIndex [ 31, 30, 29, 28, 27, 26, 25, 24, 23, 22, 21, 20, 19, 18, 17, 16, 15, 14, 13, 12, 11, 10, 9, 8, 7, 6, 5, 4, 3, 2, 1, 0, -1, 32, 33, 34, 35, 36, 37, 38, 39, 40, 41, 42, 43, 44, 45, 46, 47, 48, 49, 50, 51, 52, 53, 54, 55, 56, 57, 58, 59, 60, 61, 62, 63, -1, 0, 1, 33, 32, -1, 1, 2, 34, 33, -1, 2, 3, 35, 34, -1, 3, 4, 36, 35, -1, 4, 5, 37, 36, -1, 5, 6, 38, 37, -1, 6, 7, 39, 38, -1, 7, 8, 40, 39, -1, 8, 9, 41, 40, -1, 9, 10, 42, 41, -1, 10, 11, 43, 42, -1, 11, 12, 44, 43, -1, 12, 13, 45, 44, -1, 13, 14, 46, 45, -1, 14, 15, 47, 46, -1, 15, 16, 48, 47, -1, 16, 17, 49, 48, -1, 17, 18, 50, 49, -1, 18, 19, 51, 50, -1, 19, 20, 52, 51, -1, 20, 21, 53, 52, -1, 21, 22, 54, 53, -1, 22, 23, 55, 54, -1, 23, 24, 56, 55, -1, 24, 25, 57, 56, -1, 25, 26, 58, 57, -1, 26, 27, 59, 58, -1, 27, 28, 60, 59, -1, 28, 29, 61, 60, -1, 29, 30, 62, 61, -1, 30, 31, 63, 62, -1, 31, 0, 32, 63, -1 ] } }
Shape { appearance Appearance { material Material { diffuseColor 0.035 0.04 0.045 specularColor 0.25 0.25 0.25 shininess 0.3 } } geometry IndexedFaceSet { solid TRUE coord Coordinate { point [ 6.141732 -19.000000 4.372047, 6.139009 -18.972349 4.372047, 6.130944 -18.945761 4.372047, 6.117846 -18.921258 4.372047, 6.100220 -18.899780 4.372047, 6.078742 -18.882154 4.372047, 6.054239 -18.869056 4.372047, 6.027651 -18.860991 4.372047, 6.000000 -18.858268 4.372047, 5.972349 -18.860991 4.372047, 5.945761 -18.869056 4.372047, 5.921258 -18.882154 4.372047, 5.899780 -18.899780 4.372047, 5.882154 -18.921258 4.372047, 5.869056 -18.945761 4.372047, 5.860991 -18.972349 4.372047, 5.858268 -19.000000 4.372047, 5.860991 -19.027651 4.372047, 5.869056 -19.054239 4.372047, 5.882154 -19.078742 4.372047, 5.899780 -19.100220 4.372047, 5.921258 -19.117846 4.372047, 5.945761 -19.130944 4.372047, 5.972349 -19.139009 4.372047, 6.000000 -19.141732 4.372047, 6.027651 -19.139009 4.372047, 6.054239 -19.130944 4.372047, 6.078742 -19.117846 4.372047, 6.100220 -19.100220 4.372047, 6.117846 -19.078742 4.372047, 6.130944 -19.054239 4.372047, 6.139009 -19.027651 4.372047, 6.141732 -19.000000 4.391732, 6.139009 -18.972349 4.391732, 6.130944 -18.945761 4.391732, 6.117846 -18.921258 4.391732, 6.100220 -18.899780 4.391732, 6.078742 -18.882154 4.391732, 6.054239 -18.869056 4.391732, 6.027651 -18.860991 4.391732, 6.000000 -18.858268 4.391732, 5.972349 -18.860991 4.391732, 5.945761 -18.869056 4.391732, 5.921258 -18.882154 4.391732, 5.899780 -18.899780 4.391732, 5.882154 -18.921258 4.391732, 5.869056 -18.945761 4.391732, 5.860991 -18.972349 4.391732, 5.858268 -19.000000 4.391732, 5.860991 -19.027651 4.391732, 5.869056 -19.054239 4.391732, 5.882154 -19.078742 4.391732, 5.899780 -19.100220 4.391732, 5.921258 -19.117846 4.391732, 5.945761 -19.130944 4.391732, 5.972349 -19.139009 4.391732, 6.000000 -19.141732 4.391732, 6.027651 -19.139009 4.391732, 6.054239 -19.130944 4.391732, 6.078742 -19.117846 4.391732, 6.100220 -19.100220 4.391732, 6.117846 -19.078742 4.391732, 6.130944 -19.054239 4.391732, 6.139009 -19.027651 4.391732 ] } coordIndex [ 31, 30, 29, 28, 27, 26, 25, 24, 23, 22, 21, 20, 19, 18, 17, 16, 15, 14, 13, 12, 11, 10, 9, 8, 7, 6, 5, 4, 3, 2, 1, 0, -1, 32, 33, 34, 35, 36, 37, 38, 39, 40, 41, 42, 43, 44, 45, 46, 47, 48, 49, 50, 51, 52, 53, 54, 55, 56, 57, 58, 59, 60, 61, 62, 63, -1, 0, 1, 33, 32, -1, 1, 2, 34, 33, -1, 2, 3, 35, 34, -1, 3, 4, 36, 35, -1, 4, 5, 37, 36, -1, 5, 6, 38, 37, -1, 6, 7, 39, 38, -1, 7, 8, 40, 39, -1, 8, 9, 41, 40, -1, 9, 10, 42, 41, -1, 10, 11, 43, 42, -1, 11, 12, 44, 43, -1, 12, 13, 45, 44, -1, 13, 14, 46, 45, -1, 14, 15, 47, 46, -1, 15, 16, 48, 47, -1, 16, 17, 49, 48, -1, 17, 18, 50, 49, -1, 18, 19, 51, 50, -1, 19, 20, 52, 51, -1, 20, 21, 53, 52, -1, 21, 22, 54, 53, -1, 22, 23, 55, 54, -1, 23, 24, 56, 55, -1, 24, 25, 57, 56, -1, 25, 26, 58, 57, -1, 26, 27, 59, 58, -1, 27, 28, 60, 59, -1, 28, 29, 61, 60, -1, 29, 30, 62, 61, -1, 30, 31, 63, 62, -1, 31, 0, 32, 63, -1 ] } }
Shape { appearance Appearance { material Material { diffuseColor 0.76 0.58 0.19 specularColor 0.25 0.25 0.25 shininess 0.3 } } geometry IndexedFaceSet { solid TRUE coord Coordinate { point [ 6.354331 -20.000000 4.334646, 6.347522 -19.930874 4.334646, 6.327359 -19.864404 4.334646, 6.294615 -19.803144 4.334646, 6.250550 -19.749450 4.334646, 6.196856 -19.705385 4.334646, 6.135596 -19.672641 4.334646, 6.069126 -19.652478 4.334646, 6.000000 -19.645669 4.334646, 5.930874 -19.652478 4.334646, 5.864404 -19.672641 4.334646, 5.803144 -19.705385 4.334646, 5.749450 -19.749450 4.334646, 5.705385 -19.803144 4.334646, 5.672641 -19.864404 4.334646, 5.652478 -19.930874 4.334646, 5.645669 -20.000000 4.334646, 5.652478 -20.069126 4.334646, 5.672641 -20.135596 4.334646, 5.705385 -20.196856 4.334646, 5.749450 -20.250550 4.334646, 5.803144 -20.294615 4.334646, 5.864404 -20.327359 4.334646, 5.930874 -20.347522 4.334646, 6.000000 -20.354331 4.334646, 6.069126 -20.347522 4.334646, 6.135596 -20.327359 4.334646, 6.196856 -20.294615 4.334646, 6.250550 -20.250550 4.334646, 6.294615 -20.196856 4.334646, 6.327359 -20.135596 4.334646, 6.347522 -20.069126 4.334646, 6.354331 -20.000000 4.374016, 6.347522 -19.930874 4.374016, 6.327359 -19.864404 4.374016, 6.294615 -19.803144 4.374016, 6.250550 -19.749450 4.374016, 6.196856 -19.705385 4.374016, 6.135596 -19.672641 4.374016, 6.069126 -19.652478 4.374016, 6.000000 -19.645669 4.374016, 5.930874 -19.652478 4.374016, 5.864404 -19.672641 4.374016, 5.803144 -19.705385 4.374016, 5.749450 -19.749450 4.374016, 5.705385 -19.803144 4.374016, 5.672641 -19.864404 4.374016, 5.652478 -19.930874 4.374016, 5.645669 -20.000000 4.374016, 5.652478 -20.069126 4.374016, 5.672641 -20.135596 4.374016, 5.705385 -20.196856 4.374016, 5.749450 -20.250550 4.374016, 5.803144 -20.294615 4.374016, 5.864404 -20.327359 4.374016, 5.930874 -20.347522 4.374016, 6.000000 -20.354331 4.374016, 6.069126 -20.347522 4.374016, 6.135596 -20.327359 4.374016, 6.196856 -20.294615 4.374016, 6.250550 -20.250550 4.374016, 6.294615 -20.196856 4.374016, 6.327359 -20.135596 4.374016, 6.347522 -20.069126 4.374016 ] } coordIndex [ 31, 30, 29, 28, 27, 26, 25, 24, 23, 22, 21, 20, 19, 18, 17, 16, 15, 14, 13, 12, 11, 10, 9, 8, 7, 6, 5, 4, 3, 2, 1, 0, -1, 32, 33, 34, 35, 36, 37, 38, 39, 40, 41, 42, 43, 44, 45, 46, 47, 48, 49, 50, 51, 52, 53, 54, 55, 56, 57, 58, 59, 60, 61, 62, 63, -1, 0, 1, 33, 32, -1, 1, 2, 34, 33, -1, 2, 3, 35, 34, -1, 3, 4, 36, 35, -1, 4, 5, 37, 36, -1, 5, 6, 38, 37, -1, 6, 7, 39, 38, -1, 7, 8, 40, 39, -1, 8, 9, 41, 40, -1, 9, 10, 42, 41, -1, 10, 11, 43, 42, -1, 11, 12, 44, 43, -1, 12, 13, 45, 44, -1, 13, 14, 46, 45, -1, 14, 15, 47, 46, -1, 15, 16, 48, 47, -1, 16, 17, 49, 48, -1, 17, 18, 50, 49, -1, 18, 19, 51, 50, -1, 19, 20, 52, 51, -1, 20, 21, 53, 52, -1, 21, 22, 54, 53, -1, 22, 23, 55, 54, -1, 23, 24, 56, 55, -1, 24, 25, 57, 56, -1, 25, 26, 58, 57, -1, 26, 27, 59, 58, -1, 27, 28, 60, 59, -1, 28, 29, 61, 60, -1, 29, 30, 62, 61, -1, 30, 31, 63, 62, -1, 31, 0, 32, 63, -1 ] } }
Shape { appearance Appearance { material Material { diffuseColor 0.035 0.04 0.045 specularColor 0.25 0.25 0.25 shininess 0.3 } } geometry IndexedFaceSet { solid TRUE coord Coordinate { point [ 6.141732 -20.000000 4.372047, 6.139009 -19.972349 4.372047, 6.130944 -19.945761 4.372047, 6.117846 -19.921258 4.372047, 6.100220 -19.899780 4.372047, 6.078742 -19.882154 4.372047, 6.054239 -19.869056 4.372047, 6.027651 -19.860991 4.372047, 6.000000 -19.858268 4.372047, 5.972349 -19.860991 4.372047, 5.945761 -19.869056 4.372047, 5.921258 -19.882154 4.372047, 5.899780 -19.899780 4.372047, 5.882154 -19.921258 4.372047, 5.869056 -19.945761 4.372047, 5.860991 -19.972349 4.372047, 5.858268 -20.000000 4.372047, 5.860991 -20.027651 4.372047, 5.869056 -20.054239 4.372047, 5.882154 -20.078742 4.372047, 5.899780 -20.100220 4.372047, 5.921258 -20.117846 4.372047, 5.945761 -20.130944 4.372047, 5.972349 -20.139009 4.372047, 6.000000 -20.141732 4.372047, 6.027651 -20.139009 4.372047, 6.054239 -20.130944 4.372047, 6.078742 -20.117846 4.372047, 6.100220 -20.100220 4.372047, 6.117846 -20.078742 4.372047, 6.130944 -20.054239 4.372047, 6.139009 -20.027651 4.372047, 6.141732 -20.000000 4.391732, 6.139009 -19.972349 4.391732, 6.130944 -19.945761 4.391732, 6.117846 -19.921258 4.391732, 6.100220 -19.899780 4.391732, 6.078742 -19.882154 4.391732, 6.054239 -19.869056 4.391732, 6.027651 -19.860991 4.391732, 6.000000 -19.858268 4.391732, 5.972349 -19.860991 4.391732, 5.945761 -19.869056 4.391732, 5.921258 -19.882154 4.391732, 5.899780 -19.899780 4.391732, 5.882154 -19.921258 4.391732, 5.869056 -19.945761 4.391732, 5.860991 -19.972349 4.391732, 5.858268 -20.000000 4.391732, 5.860991 -20.027651 4.391732, 5.869056 -20.054239 4.391732, 5.882154 -20.078742 4.391732, 5.899780 -20.100220 4.391732, 5.921258 -20.117846 4.391732, 5.945761 -20.130944 4.391732, 5.972349 -20.139009 4.391732, 6.000000 -20.141732 4.391732, 6.027651 -20.139009 4.391732, 6.054239 -20.130944 4.391732, 6.078742 -20.117846 4.391732, 6.100220 -20.100220 4.391732, 6.117846 -20.078742 4.391732, 6.130944 -20.054239 4.391732, 6.139009 -20.027651 4.391732 ] } coordIndex [ 31, 30, 29, 28, 27, 26, 25, 24, 23, 22, 21, 20, 19, 18, 17, 16, 15, 14, 13, 12, 11, 10, 9, 8, 7, 6, 5, 4, 3, 2, 1, 0, -1, 32, 33, 34, 35, 36, 37, 38, 39, 40, 41, 42, 43, 44, 45, 46, 47, 48, 49, 50, 51, 52, 53, 54, 55, 56, 57, 58, 59, 60, 61, 62, 63, -1, 0, 1, 33, 32, -1, 1, 2, 34, 33, -1, 2, 3, 35, 34, -1, 3, 4, 36, 35, -1, 4, 5, 37, 36, -1, 5, 6, 38, 37, -1, 6, 7, 39, 38, -1, 7, 8, 40, 39, -1, 8, 9, 41, 40, -1, 9, 10, 42, 41, -1, 10, 11, 43, 42, -1, 11, 12, 44, 43, -1, 12, 13, 45, 44, -1, 13, 14, 46, 45, -1, 14, 15, 47, 46, -1, 15, 16, 48, 47, -1, 16, 17, 49, 48, -1, 17, 18, 50, 49, -1, 18, 19, 51, 50, -1, 19, 20, 52, 51, -1, 20, 21, 53, 52, -1, 21, 22, 54, 53, -1, 22, 23, 55, 54, -1, 23, 24, 56, 55, -1, 24, 25, 57, 56, -1, 25, 26, 58, 57, -1, 26, 27, 59, 58, -1, 27, 28, 60, 59, -1, 28, 29, 61, 60, -1, 29, 30, 62, 61, -1, 30, 31, 63, 62, -1, 31, 0, 32, 63, -1 ] } }
Shape { appearance Appearance { material Material { diffuseColor 0.76 0.58 0.19 specularColor 0.25 0.25 0.25 shininess 0.3 } } geometry IndexedFaceSet { solid TRUE coord Coordinate { point [ 6.354331 -21.000000 4.334646, 6.347522 -20.930874 4.334646, 6.327359 -20.864404 4.334646, 6.294615 -20.803144 4.334646, 6.250550 -20.749450 4.334646, 6.196856 -20.705385 4.334646, 6.135596 -20.672641 4.334646, 6.069126 -20.652478 4.334646, 6.000000 -20.645669 4.334646, 5.930874 -20.652478 4.334646, 5.864404 -20.672641 4.334646, 5.803144 -20.705385 4.334646, 5.749450 -20.749450 4.334646, 5.705385 -20.803144 4.334646, 5.672641 -20.864404 4.334646, 5.652478 -20.930874 4.334646, 5.645669 -21.000000 4.334646, 5.652478 -21.069126 4.334646, 5.672641 -21.135596 4.334646, 5.705385 -21.196856 4.334646, 5.749450 -21.250550 4.334646, 5.803144 -21.294615 4.334646, 5.864404 -21.327359 4.334646, 5.930874 -21.347522 4.334646, 6.000000 -21.354331 4.334646, 6.069126 -21.347522 4.334646, 6.135596 -21.327359 4.334646, 6.196856 -21.294615 4.334646, 6.250550 -21.250550 4.334646, 6.294615 -21.196856 4.334646, 6.327359 -21.135596 4.334646, 6.347522 -21.069126 4.334646, 6.354331 -21.000000 4.374016, 6.347522 -20.930874 4.374016, 6.327359 -20.864404 4.374016, 6.294615 -20.803144 4.374016, 6.250550 -20.749450 4.374016, 6.196856 -20.705385 4.374016, 6.135596 -20.672641 4.374016, 6.069126 -20.652478 4.374016, 6.000000 -20.645669 4.374016, 5.930874 -20.652478 4.374016, 5.864404 -20.672641 4.374016, 5.803144 -20.705385 4.374016, 5.749450 -20.749450 4.374016, 5.705385 -20.803144 4.374016, 5.672641 -20.864404 4.374016, 5.652478 -20.930874 4.374016, 5.645669 -21.000000 4.374016, 5.652478 -21.069126 4.374016, 5.672641 -21.135596 4.374016, 5.705385 -21.196856 4.374016, 5.749450 -21.250550 4.374016, 5.803144 -21.294615 4.374016, 5.864404 -21.327359 4.374016, 5.930874 -21.347522 4.374016, 6.000000 -21.354331 4.374016, 6.069126 -21.347522 4.374016, 6.135596 -21.327359 4.374016, 6.196856 -21.294615 4.374016, 6.250550 -21.250550 4.374016, 6.294615 -21.196856 4.374016, 6.327359 -21.135596 4.374016, 6.347522 -21.069126 4.374016 ] } coordIndex [ 31, 30, 29, 28, 27, 26, 25, 24, 23, 22, 21, 20, 19, 18, 17, 16, 15, 14, 13, 12, 11, 10, 9, 8, 7, 6, 5, 4, 3, 2, 1, 0, -1, 32, 33, 34, 35, 36, 37, 38, 39, 40, 41, 42, 43, 44, 45, 46, 47, 48, 49, 50, 51, 52, 53, 54, 55, 56, 57, 58, 59, 60, 61, 62, 63, -1, 0, 1, 33, 32, -1, 1, 2, 34, 33, -1, 2, 3, 35, 34, -1, 3, 4, 36, 35, -1, 4, 5, 37, 36, -1, 5, 6, 38, 37, -1, 6, 7, 39, 38, -1, 7, 8, 40, 39, -1, 8, 9, 41, 40, -1, 9, 10, 42, 41, -1, 10, 11, 43, 42, -1, 11, 12, 44, 43, -1, 12, 13, 45, 44, -1, 13, 14, 46, 45, -1, 14, 15, 47, 46, -1, 15, 16, 48, 47, -1, 16, 17, 49, 48, -1, 17, 18, 50, 49, -1, 18, 19, 51, 50, -1, 19, 20, 52, 51, -1, 20, 21, 53, 52, -1, 21, 22, 54, 53, -1, 22, 23, 55, 54, -1, 23, 24, 56, 55, -1, 24, 25, 57, 56, -1, 25, 26, 58, 57, -1, 26, 27, 59, 58, -1, 27, 28, 60, 59, -1, 28, 29, 61, 60, -1, 29, 30, 62, 61, -1, 30, 31, 63, 62, -1, 31, 0, 32, 63, -1 ] } }
Shape { appearance Appearance { material Material { diffuseColor 0.035 0.04 0.045 specularColor 0.25 0.25 0.25 shininess 0.3 } } geometry IndexedFaceSet { solid TRUE coord Coordinate { point [ 6.141732 -21.000000 4.372047, 6.139009 -20.972349 4.372047, 6.130944 -20.945761 4.372047, 6.117846 -20.921258 4.372047, 6.100220 -20.899780 4.372047, 6.078742 -20.882154 4.372047, 6.054239 -20.869056 4.372047, 6.027651 -20.860991 4.372047, 6.000000 -20.858268 4.372047, 5.972349 -20.860991 4.372047, 5.945761 -20.869056 4.372047, 5.921258 -20.882154 4.372047, 5.899780 -20.899780 4.372047, 5.882154 -20.921258 4.372047, 5.869056 -20.945761 4.372047, 5.860991 -20.972349 4.372047, 5.858268 -21.000000 4.372047, 5.860991 -21.027651 4.372047, 5.869056 -21.054239 4.372047, 5.882154 -21.078742 4.372047, 5.899780 -21.100220 4.372047, 5.921258 -21.117846 4.372047, 5.945761 -21.130944 4.372047, 5.972349 -21.139009 4.372047, 6.000000 -21.141732 4.372047, 6.027651 -21.139009 4.372047, 6.054239 -21.130944 4.372047, 6.078742 -21.117846 4.372047, 6.100220 -21.100220 4.372047, 6.117846 -21.078742 4.372047, 6.130944 -21.054239 4.372047, 6.139009 -21.027651 4.372047, 6.141732 -21.000000 4.391732, 6.139009 -20.972349 4.391732, 6.130944 -20.945761 4.391732, 6.117846 -20.921258 4.391732, 6.100220 -20.899780 4.391732, 6.078742 -20.882154 4.391732, 6.054239 -20.869056 4.391732, 6.027651 -20.860991 4.391732, 6.000000 -20.858268 4.391732, 5.972349 -20.860991 4.391732, 5.945761 -20.869056 4.391732, 5.921258 -20.882154 4.391732, 5.899780 -20.899780 4.391732, 5.882154 -20.921258 4.391732, 5.869056 -20.945761 4.391732, 5.860991 -20.972349 4.391732, 5.858268 -21.000000 4.391732, 5.860991 -21.027651 4.391732, 5.869056 -21.054239 4.391732, 5.882154 -21.078742 4.391732, 5.899780 -21.100220 4.391732, 5.921258 -21.117846 4.391732, 5.945761 -21.130944 4.391732, 5.972349 -21.139009 4.391732, 6.000000 -21.141732 4.391732, 6.027651 -21.139009 4.391732, 6.054239 -21.130944 4.391732, 6.078742 -21.117846 4.391732, 6.100220 -21.100220 4.391732, 6.117846 -21.078742 4.391732, 6.130944 -21.054239 4.391732, 6.139009 -21.027651 4.391732 ] } coordIndex [ 31, 30, 29, 28, 27, 26, 25, 24, 23, 22, 21, 20, 19, 18, 17, 16, 15, 14, 13, 12, 11, 10, 9, 8, 7, 6, 5, 4, 3, 2, 1, 0, -1, 32, 33, 34, 35, 36, 37, 38, 39, 40, 41, 42, 43, 44, 45, 46, 47, 48, 49, 50, 51, 52, 53, 54, 55, 56, 57, 58, 59, 60, 61, 62, 63, -1, 0, 1, 33, 32, -1, 1, 2, 34, 33, -1, 2, 3, 35, 34, -1, 3, 4, 36, 35, -1, 4, 5, 37, 36, -1, 5, 6, 38, 37, -1, 6, 7, 39, 38, -1, 7, 8, 40, 39, -1, 8, 9, 41, 40, -1, 9, 10, 42, 41, -1, 10, 11, 43, 42, -1, 11, 12, 44, 43, -1, 12, 13, 45, 44, -1, 13, 14, 46, 45, -1, 14, 15, 47, 46, -1, 15, 16, 48, 47, -1, 16, 17, 49, 48, -1, 17, 18, 50, 49, -1, 18, 19, 51, 50, -1, 19, 20, 52, 51, -1, 20, 21, 53, 52, -1, 21, 22, 54, 53, -1, 22, 23, 55, 54, -1, 23, 24, 56, 55, -1, 24, 25, 57, 56, -1, 25, 26, 58, 57, -1, 26, 27, 59, 58, -1, 27, 28, 60, 59, -1, 28, 29, 61, 60, -1, 29, 30, 62, 61, -1, 30, 31, 63, 62, -1, 31, 0, 32, 63, -1 ] } }
Shape { appearance Appearance { material Material { diffuseColor 0.76 0.58 0.19 specularColor 0.25 0.25 0.25 shininess 0.3 } } geometry IndexedFaceSet { solid TRUE coord Coordinate { point [ 6.354331 -22.000000 4.334646, 6.347522 -21.930874 4.334646, 6.327359 -21.864404 4.334646, 6.294615 -21.803144 4.334646, 6.250550 -21.749450 4.334646, 6.196856 -21.705385 4.334646, 6.135596 -21.672641 4.334646, 6.069126 -21.652478 4.334646, 6.000000 -21.645669 4.334646, 5.930874 -21.652478 4.334646, 5.864404 -21.672641 4.334646, 5.803144 -21.705385 4.334646, 5.749450 -21.749450 4.334646, 5.705385 -21.803144 4.334646, 5.672641 -21.864404 4.334646, 5.652478 -21.930874 4.334646, 5.645669 -22.000000 4.334646, 5.652478 -22.069126 4.334646, 5.672641 -22.135596 4.334646, 5.705385 -22.196856 4.334646, 5.749450 -22.250550 4.334646, 5.803144 -22.294615 4.334646, 5.864404 -22.327359 4.334646, 5.930874 -22.347522 4.334646, 6.000000 -22.354331 4.334646, 6.069126 -22.347522 4.334646, 6.135596 -22.327359 4.334646, 6.196856 -22.294615 4.334646, 6.250550 -22.250550 4.334646, 6.294615 -22.196856 4.334646, 6.327359 -22.135596 4.334646, 6.347522 -22.069126 4.334646, 6.354331 -22.000000 4.374016, 6.347522 -21.930874 4.374016, 6.327359 -21.864404 4.374016, 6.294615 -21.803144 4.374016, 6.250550 -21.749450 4.374016, 6.196856 -21.705385 4.374016, 6.135596 -21.672641 4.374016, 6.069126 -21.652478 4.374016, 6.000000 -21.645669 4.374016, 5.930874 -21.652478 4.374016, 5.864404 -21.672641 4.374016, 5.803144 -21.705385 4.374016, 5.749450 -21.749450 4.374016, 5.705385 -21.803144 4.374016, 5.672641 -21.864404 4.374016, 5.652478 -21.930874 4.374016, 5.645669 -22.000000 4.374016, 5.652478 -22.069126 4.374016, 5.672641 -22.135596 4.374016, 5.705385 -22.196856 4.374016, 5.749450 -22.250550 4.374016, 5.803144 -22.294615 4.374016, 5.864404 -22.327359 4.374016, 5.930874 -22.347522 4.374016, 6.000000 -22.354331 4.374016, 6.069126 -22.347522 4.374016, 6.135596 -22.327359 4.374016, 6.196856 -22.294615 4.374016, 6.250550 -22.250550 4.374016, 6.294615 -22.196856 4.374016, 6.327359 -22.135596 4.374016, 6.347522 -22.069126 4.374016 ] } coordIndex [ 31, 30, 29, 28, 27, 26, 25, 24, 23, 22, 21, 20, 19, 18, 17, 16, 15, 14, 13, 12, 11, 10, 9, 8, 7, 6, 5, 4, 3, 2, 1, 0, -1, 32, 33, 34, 35, 36, 37, 38, 39, 40, 41, 42, 43, 44, 45, 46, 47, 48, 49, 50, 51, 52, 53, 54, 55, 56, 57, 58, 59, 60, 61, 62, 63, -1, 0, 1, 33, 32, -1, 1, 2, 34, 33, -1, 2, 3, 35, 34, -1, 3, 4, 36, 35, -1, 4, 5, 37, 36, -1, 5, 6, 38, 37, -1, 6, 7, 39, 38, -1, 7, 8, 40, 39, -1, 8, 9, 41, 40, -1, 9, 10, 42, 41, -1, 10, 11, 43, 42, -1, 11, 12, 44, 43, -1, 12, 13, 45, 44, -1, 13, 14, 46, 45, -1, 14, 15, 47, 46, -1, 15, 16, 48, 47, -1, 16, 17, 49, 48, -1, 17, 18, 50, 49, -1, 18, 19, 51, 50, -1, 19, 20, 52, 51, -1, 20, 21, 53, 52, -1, 21, 22, 54, 53, -1, 22, 23, 55, 54, -1, 23, 24, 56, 55, -1, 24, 25, 57, 56, -1, 25, 26, 58, 57, -1, 26, 27, 59, 58, -1, 27, 28, 60, 59, -1, 28, 29, 61, 60, -1, 29, 30, 62, 61, -1, 30, 31, 63, 62, -1, 31, 0, 32, 63, -1 ] } }
Shape { appearance Appearance { material Material { diffuseColor 0.035 0.04 0.045 specularColor 0.25 0.25 0.25 shininess 0.3 } } geometry IndexedFaceSet { solid TRUE coord Coordinate { point [ 6.141732 -22.000000 4.372047, 6.139009 -21.972349 4.372047, 6.130944 -21.945761 4.372047, 6.117846 -21.921258 4.372047, 6.100220 -21.899780 4.372047, 6.078742 -21.882154 4.372047, 6.054239 -21.869056 4.372047, 6.027651 -21.860991 4.372047, 6.000000 -21.858268 4.372047, 5.972349 -21.860991 4.372047, 5.945761 -21.869056 4.372047, 5.921258 -21.882154 4.372047, 5.899780 -21.899780 4.372047, 5.882154 -21.921258 4.372047, 5.869056 -21.945761 4.372047, 5.860991 -21.972349 4.372047, 5.858268 -22.000000 4.372047, 5.860991 -22.027651 4.372047, 5.869056 -22.054239 4.372047, 5.882154 -22.078742 4.372047, 5.899780 -22.100220 4.372047, 5.921258 -22.117846 4.372047, 5.945761 -22.130944 4.372047, 5.972349 -22.139009 4.372047, 6.000000 -22.141732 4.372047, 6.027651 -22.139009 4.372047, 6.054239 -22.130944 4.372047, 6.078742 -22.117846 4.372047, 6.100220 -22.100220 4.372047, 6.117846 -22.078742 4.372047, 6.130944 -22.054239 4.372047, 6.139009 -22.027651 4.372047, 6.141732 -22.000000 4.391732, 6.139009 -21.972349 4.391732, 6.130944 -21.945761 4.391732, 6.117846 -21.921258 4.391732, 6.100220 -21.899780 4.391732, 6.078742 -21.882154 4.391732, 6.054239 -21.869056 4.391732, 6.027651 -21.860991 4.391732, 6.000000 -21.858268 4.391732, 5.972349 -21.860991 4.391732, 5.945761 -21.869056 4.391732, 5.921258 -21.882154 4.391732, 5.899780 -21.899780 4.391732, 5.882154 -21.921258 4.391732, 5.869056 -21.945761 4.391732, 5.860991 -21.972349 4.391732, 5.858268 -22.000000 4.391732, 5.860991 -22.027651 4.391732, 5.869056 -22.054239 4.391732, 5.882154 -22.078742 4.391732, 5.899780 -22.100220 4.391732, 5.921258 -22.117846 4.391732, 5.945761 -22.130944 4.391732, 5.972349 -22.139009 4.391732, 6.000000 -22.141732 4.391732, 6.027651 -22.139009 4.391732, 6.054239 -22.130944 4.391732, 6.078742 -22.117846 4.391732, 6.100220 -22.100220 4.391732, 6.117846 -22.078742 4.391732, 6.130944 -22.054239 4.391732, 6.139009 -22.027651 4.391732 ] } coordIndex [ 31, 30, 29, 28, 27, 26, 25, 24, 23, 22, 21, 20, 19, 18, 17, 16, 15, 14, 13, 12, 11, 10, 9, 8, 7, 6, 5, 4, 3, 2, 1, 0, -1, 32, 33, 34, 35, 36, 37, 38, 39, 40, 41, 42, 43, 44, 45, 46, 47, 48, 49, 50, 51, 52, 53, 54, 55, 56, 57, 58, 59, 60, 61, 62, 63, -1, 0, 1, 33, 32, -1, 1, 2, 34, 33, -1, 2, 3, 35, 34, -1, 3, 4, 36, 35, -1, 4, 5, 37, 36, -1, 5, 6, 38, 37, -1, 6, 7, 39, 38, -1, 7, 8, 40, 39, -1, 8, 9, 41, 40, -1, 9, 10, 42, 41, -1, 10, 11, 43, 42, -1, 11, 12, 44, 43, -1, 12, 13, 45, 44, -1, 13, 14, 46, 45, -1, 14, 15, 47, 46, -1, 15, 16, 48, 47, -1, 16, 17, 49, 48, -1, 17, 18, 50, 49, -1, 18, 19, 51, 50, -1, 19, 20, 52, 51, -1, 20, 21, 53, 52, -1, 21, 22, 54, 53, -1, 22, 23, 55, 54, -1, 23, 24, 56, 55, -1, 24, 25, 57, 56, -1, 25, 26, 58, 57, -1, 26, 27, 59, 58, -1, 27, 28, 60, 59, -1, 28, 29, 61, 60, -1, 29, 30, 62, 61, -1, 30, 31, 63, 62, -1, 31, 0, 32, 63, -1 ] } }
Shape { appearance Appearance { material Material { diffuseColor 0.76 0.58 0.19 specularColor 0.25 0.25 0.25 shininess 0.3 } } geometry IndexedFaceSet { solid TRUE coord Coordinate { point [ 6.354331 -23.000000 4.334646, 6.347522 -22.930874 4.334646, 6.327359 -22.864404 4.334646, 6.294615 -22.803144 4.334646, 6.250550 -22.749450 4.334646, 6.196856 -22.705385 4.334646, 6.135596 -22.672641 4.334646, 6.069126 -22.652478 4.334646, 6.000000 -22.645669 4.334646, 5.930874 -22.652478 4.334646, 5.864404 -22.672641 4.334646, 5.803144 -22.705385 4.334646, 5.749450 -22.749450 4.334646, 5.705385 -22.803144 4.334646, 5.672641 -22.864404 4.334646, 5.652478 -22.930874 4.334646, 5.645669 -23.000000 4.334646, 5.652478 -23.069126 4.334646, 5.672641 -23.135596 4.334646, 5.705385 -23.196856 4.334646, 5.749450 -23.250550 4.334646, 5.803144 -23.294615 4.334646, 5.864404 -23.327359 4.334646, 5.930874 -23.347522 4.334646, 6.000000 -23.354331 4.334646, 6.069126 -23.347522 4.334646, 6.135596 -23.327359 4.334646, 6.196856 -23.294615 4.334646, 6.250550 -23.250550 4.334646, 6.294615 -23.196856 4.334646, 6.327359 -23.135596 4.334646, 6.347522 -23.069126 4.334646, 6.354331 -23.000000 4.374016, 6.347522 -22.930874 4.374016, 6.327359 -22.864404 4.374016, 6.294615 -22.803144 4.374016, 6.250550 -22.749450 4.374016, 6.196856 -22.705385 4.374016, 6.135596 -22.672641 4.374016, 6.069126 -22.652478 4.374016, 6.000000 -22.645669 4.374016, 5.930874 -22.652478 4.374016, 5.864404 -22.672641 4.374016, 5.803144 -22.705385 4.374016, 5.749450 -22.749450 4.374016, 5.705385 -22.803144 4.374016, 5.672641 -22.864404 4.374016, 5.652478 -22.930874 4.374016, 5.645669 -23.000000 4.374016, 5.652478 -23.069126 4.374016, 5.672641 -23.135596 4.374016, 5.705385 -23.196856 4.374016, 5.749450 -23.250550 4.374016, 5.803144 -23.294615 4.374016, 5.864404 -23.327359 4.374016, 5.930874 -23.347522 4.374016, 6.000000 -23.354331 4.374016, 6.069126 -23.347522 4.374016, 6.135596 -23.327359 4.374016, 6.196856 -23.294615 4.374016, 6.250550 -23.250550 4.374016, 6.294615 -23.196856 4.374016, 6.327359 -23.135596 4.374016, 6.347522 -23.069126 4.374016 ] } coordIndex [ 31, 30, 29, 28, 27, 26, 25, 24, 23, 22, 21, 20, 19, 18, 17, 16, 15, 14, 13, 12, 11, 10, 9, 8, 7, 6, 5, 4, 3, 2, 1, 0, -1, 32, 33, 34, 35, 36, 37, 38, 39, 40, 41, 42, 43, 44, 45, 46, 47, 48, 49, 50, 51, 52, 53, 54, 55, 56, 57, 58, 59, 60, 61, 62, 63, -1, 0, 1, 33, 32, -1, 1, 2, 34, 33, -1, 2, 3, 35, 34, -1, 3, 4, 36, 35, -1, 4, 5, 37, 36, -1, 5, 6, 38, 37, -1, 6, 7, 39, 38, -1, 7, 8, 40, 39, -1, 8, 9, 41, 40, -1, 9, 10, 42, 41, -1, 10, 11, 43, 42, -1, 11, 12, 44, 43, -1, 12, 13, 45, 44, -1, 13, 14, 46, 45, -1, 14, 15, 47, 46, -1, 15, 16, 48, 47, -1, 16, 17, 49, 48, -1, 17, 18, 50, 49, -1, 18, 19, 51, 50, -1, 19, 20, 52, 51, -1, 20, 21, 53, 52, -1, 21, 22, 54, 53, -1, 22, 23, 55, 54, -1, 23, 24, 56, 55, -1, 24, 25, 57, 56, -1, 25, 26, 58, 57, -1, 26, 27, 59, 58, -1, 27, 28, 60, 59, -1, 28, 29, 61, 60, -1, 29, 30, 62, 61, -1, 30, 31, 63, 62, -1, 31, 0, 32, 63, -1 ] } }
Shape { appearance Appearance { material Material { diffuseColor 0.035 0.04 0.045 specularColor 0.25 0.25 0.25 shininess 0.3 } } geometry IndexedFaceSet { solid TRUE coord Coordinate { point [ 6.141732 -23.000000 4.372047, 6.139009 -22.972349 4.372047, 6.130944 -22.945761 4.372047, 6.117846 -22.921258 4.372047, 6.100220 -22.899780 4.372047, 6.078742 -22.882154 4.372047, 6.054239 -22.869056 4.372047, 6.027651 -22.860991 4.372047, 6.000000 -22.858268 4.372047, 5.972349 -22.860991 4.372047, 5.945761 -22.869056 4.372047, 5.921258 -22.882154 4.372047, 5.899780 -22.899780 4.372047, 5.882154 -22.921258 4.372047, 5.869056 -22.945761 4.372047, 5.860991 -22.972349 4.372047, 5.858268 -23.000000 4.372047, 5.860991 -23.027651 4.372047, 5.869056 -23.054239 4.372047, 5.882154 -23.078742 4.372047, 5.899780 -23.100220 4.372047, 5.921258 -23.117846 4.372047, 5.945761 -23.130944 4.372047, 5.972349 -23.139009 4.372047, 6.000000 -23.141732 4.372047, 6.027651 -23.139009 4.372047, 6.054239 -23.130944 4.372047, 6.078742 -23.117846 4.372047, 6.100220 -23.100220 4.372047, 6.117846 -23.078742 4.372047, 6.130944 -23.054239 4.372047, 6.139009 -23.027651 4.372047, 6.141732 -23.000000 4.391732, 6.139009 -22.972349 4.391732, 6.130944 -22.945761 4.391732, 6.117846 -22.921258 4.391732, 6.100220 -22.899780 4.391732, 6.078742 -22.882154 4.391732, 6.054239 -22.869056 4.391732, 6.027651 -22.860991 4.391732, 6.000000 -22.858268 4.391732, 5.972349 -22.860991 4.391732, 5.945761 -22.869056 4.391732, 5.921258 -22.882154 4.391732, 5.899780 -22.899780 4.391732, 5.882154 -22.921258 4.391732, 5.869056 -22.945761 4.391732, 5.860991 -22.972349 4.391732, 5.858268 -23.000000 4.391732, 5.860991 -23.027651 4.391732, 5.869056 -23.054239 4.391732, 5.882154 -23.078742 4.391732, 5.899780 -23.100220 4.391732, 5.921258 -23.117846 4.391732, 5.945761 -23.130944 4.391732, 5.972349 -23.139009 4.391732, 6.000000 -23.141732 4.391732, 6.027651 -23.139009 4.391732, 6.054239 -23.130944 4.391732, 6.078742 -23.117846 4.391732, 6.100220 -23.100220 4.391732, 6.117846 -23.078742 4.391732, 6.130944 -23.054239 4.391732, 6.139009 -23.027651 4.391732 ] } coordIndex [ 31, 30, 29, 28, 27, 26, 25, 24, 23, 22, 21, 20, 19, 18, 17, 16, 15, 14, 13, 12, 11, 10, 9, 8, 7, 6, 5, 4, 3, 2, 1, 0, -1, 32, 33, 34, 35, 36, 37, 38, 39, 40, 41, 42, 43, 44, 45, 46, 47, 48, 49, 50, 51, 52, 53, 54, 55, 56, 57, 58, 59, 60, 61, 62, 63, -1, 0, 1, 33, 32, -1, 1, 2, 34, 33, -1, 2, 3, 35, 34, -1, 3, 4, 36, 35, -1, 4, 5, 37, 36, -1, 5, 6, 38, 37, -1, 6, 7, 39, 38, -1, 7, 8, 40, 39, -1, 8, 9, 41, 40, -1, 9, 10, 42, 41, -1, 10, 11, 43, 42, -1, 11, 12, 44, 43, -1, 12, 13, 45, 44, -1, 13, 14, 46, 45, -1, 14, 15, 47, 46, -1, 15, 16, 48, 47, -1, 16, 17, 49, 48, -1, 17, 18, 50, 49, -1, 18, 19, 51, 50, -1, 19, 20, 52, 51, -1, 20, 21, 53, 52, -1, 21, 22, 54, 53, -1, 22, 23, 55, 54, -1, 23, 24, 56, 55, -1, 24, 25, 57, 56, -1, 25, 26, 58, 57, -1, 26, 27, 59, 58, -1, 27, 28, 60, 59, -1, 28, 29, 61, 60, -1, 29, 30, 62, 61, -1, 30, 31, 63, 62, -1, 31, 0, 32, 63, -1 ] } }
Shape { appearance Appearance { material Material { diffuseColor 0.035 0.04 0.045 specularColor 0.25 0.25 0.25 shininess 0.3 } } geometry IndexedFaceSet { solid TRUE coord Coordinate { point [ 1.090551 -8.602362 4.350394, 4.909449 -8.602362 4.350394, 4.909449 -4.783465 4.350394, 1.090551 -4.783465 4.350394, 1.090551 -8.602362 4.822835, 4.909449 -8.602362 4.822835, 4.909449 -4.783465 4.822835, 1.090551 -4.783465 4.822835 ] } coordIndex [ 0, 3, 2, 1, -1, 4, 5, 6, 7, -1, 0, 1, 5, 4, -1, 1, 2, 6, 5, -1, 2, 3, 7, 6, -1, 3, 0, 4, 7, -1 ] } }
Shape { appearance Appearance { material Material { diffuseColor 0.09 0.1 0.11 specularColor 0.25 0.25 0.25 shininess 0.3 } } geometry IndexedFaceSet { solid TRUE coord Coordinate { point [ 1.464567 -8.228346 4.818898, 4.535433 -8.228346 4.818898, 4.535433 -5.157480 4.818898, 1.464567 -5.157480 4.818898, 1.464567 -8.228346 4.842520, 4.535433 -8.228346 4.842520, 4.535433 -5.157480 4.842520, 1.464567 -5.157480 4.842520 ] } coordIndex [ 0, 3, 2, 1, -1, 4, 5, 6, 7, -1, 0, 1, 5, 4, -1, 1, 2, 6, 5, -1, 2, 3, 7, 6, -1, 3, 0, 4, 7, -1 ] } }
Shape { appearance Appearance { material Material { diffuseColor 0.035 0.04 0.045 specularColor 0.25 0.25 0.25 shininess 0.3 } } geometry IndexedFaceSet { solid TRUE coord Coordinate { point [ 1.023622 -12.559055 4.350394, 2.913386 -12.559055 4.350394, 2.913386 -10.275591 4.350394, 1.023622 -10.275591 4.350394, 1.023622 -12.559055 4.665354, 2.913386 -12.559055 4.665354, 2.913386 -10.275591 4.665354, 1.023622 -10.275591 4.665354 ] } coordIndex [ 0, 3, 2, 1, -1, 4, 5, 6, 7, -1, 0, 1, 5, 4, -1, 1, 2, 6, 5, -1, 2, 3, 7, 6, -1, 3, 0, 4, 7, -1 ] } }
Shape { appearance Appearance { material Material { diffuseColor 0.65 0.68 0.7 specularColor 0.25 0.25 0.25 shininess 0.3 } } geometry IndexedFaceSet { solid TRUE coord Coordinate { point [ 0.748031 -11.968504 4.389764, 1.023622 -11.968504 4.389764, 1.023622 -11.811024 4.389764, 0.748031 -11.811024 4.389764, 0.748031 -11.968504 4.507874, 1.023622 -11.968504 4.507874, 1.023622 -11.811024 4.507874, 0.748031 -11.811024 4.507874 ] } coordIndex [ 0, 3, 2, 1, -1, 4, 5, 6, 7, -1, 0, 1, 5, 4, -1, 1, 2, 6, 5, -1, 2, 3, 7, 6, -1, 3, 0, 4, 7, -1 ] } }
Shape { appearance Appearance { material Material { diffuseColor 0.65 0.68 0.7 specularColor 0.25 0.25 0.25 shininess 0.3 } } geometry IndexedFaceSet { solid TRUE coord Coordinate { point [ 0.748031 -11.653543 4.389764, 1.023622 -11.653543 4.389764, 1.023622 -11.496063 4.389764, 0.748031 -11.496063 4.389764, 0.748031 -11.653543 4.507874, 1.023622 -11.653543 4.507874, 1.023622 -11.496063 4.507874, 0.748031 -11.496063 4.507874 ] } coordIndex [ 0, 3, 2, 1, -1, 4, 5, 6, 7, -1, 0, 1, 5, 4, -1, 1, 2, 6, 5, -1, 2, 3, 7, 6, -1, 3, 0, 4, 7, -1 ] } }
Shape { appearance Appearance { material Material { diffuseColor 0.65 0.68 0.7 specularColor 0.25 0.25 0.25 shininess 0.3 } } geometry IndexedFaceSet { solid TRUE coord Coordinate { point [ 0.748031 -11.338583 4.389764, 1.023622 -11.338583 4.389764, 1.023622 -11.181102 4.389764, 0.748031 -11.181102 4.389764, 0.748031 -11.338583 4.507874, 1.023622 -11.338583 4.507874, 1.023622 -11.181102 4.507874, 0.748031 -11.181102 4.507874 ] } coordIndex [ 0, 3, 2, 1, -1, 4, 5, 6, 7, -1, 0, 1, 5, 4, -1, 1, 2, 6, 5, -1, 2, 3, 7, 6, -1, 3, 0, 4, 7, -1 ] } }
Shape { appearance Appearance { material Material { diffuseColor 0.65 0.68 0.7 specularColor 0.25 0.25 0.25 shininess 0.3 } } geometry IndexedFaceSet { solid TRUE coord Coordinate { point [ 0.748031 -11.023622 4.389764, 1.023622 -11.023622 4.389764, 1.023622 -10.866142 4.389764, 0.748031 -10.866142 4.389764, 0.748031 -11.023622 4.507874, 1.023622 -11.023622 4.507874, 1.023622 -10.866142 4.507874, 0.748031 -10.866142 4.507874 ] } coordIndex [ 0, 3, 2, 1, -1, 4, 5, 6, 7, -1, 0, 1, 5, 4, -1, 1, 2, 6, 5, -1, 2, 3, 7, 6, -1, 3, 0, 4, 7, -1 ] } }
Shape { appearance Appearance { material Material { diffuseColor 0.65 0.68 0.7 specularColor 0.25 0.25 0.25 shininess 0.3 } } geometry IndexedFaceSet { solid TRUE coord Coordinate { point [ 2.913386 -11.968504 4.389764, 3.188976 -11.968504 4.389764, 3.188976 -11.811024 4.389764, 2.913386 -11.811024 4.389764, 2.913386 -11.968504 4.507874, 3.188976 -11.968504 4.507874, 3.188976 -11.811024 4.507874, 2.913386 -11.811024 4.507874 ] } coordIndex [ 0, 3, 2, 1, -1, 4, 5, 6, 7, -1, 0, 1, 5, 4, -1, 1, 2, 6, 5, -1, 2, 3, 7, 6, -1, 3, 0, 4, 7, -1 ] } }
Shape { appearance Appearance { material Material { diffuseColor 0.65 0.68 0.7 specularColor 0.25 0.25 0.25 shininess 0.3 } } geometry IndexedFaceSet { solid TRUE coord Coordinate { point [ 2.913386 -11.653543 4.389764, 3.188976 -11.653543 4.389764, 3.188976 -11.496063 4.389764, 2.913386 -11.496063 4.389764, 2.913386 -11.653543 4.507874, 3.188976 -11.653543 4.507874, 3.188976 -11.496063 4.507874, 2.913386 -11.496063 4.507874 ] } coordIndex [ 0, 3, 2, 1, -1, 4, 5, 6, 7, -1, 0, 1, 5, 4, -1, 1, 2, 6, 5, -1, 2, 3, 7, 6, -1, 3, 0, 4, 7, -1 ] } }
Shape { appearance Appearance { material Material { diffuseColor 0.65 0.68 0.7 specularColor 0.25 0.25 0.25 shininess 0.3 } } geometry IndexedFaceSet { solid TRUE coord Coordinate { point [ 2.913386 -11.338583 4.389764, 3.188976 -11.338583 4.389764, 3.188976 -11.181102 4.389764, 2.913386 -11.181102 4.389764, 2.913386 -11.338583 4.507874, 3.188976 -11.338583 4.507874, 3.188976 -11.181102 4.507874, 2.913386 -11.181102 4.507874 ] } coordIndex [ 0, 3, 2, 1, -1, 4, 5, 6, 7, -1, 0, 1, 5, 4, -1, 1, 2, 6, 5, -1, 2, 3, 7, 6, -1, 3, 0, 4, 7, -1 ] } }
Shape { appearance Appearance { material Material { diffuseColor 0.65 0.68 0.7 specularColor 0.25 0.25 0.25 shininess 0.3 } } geometry IndexedFaceSet { solid TRUE coord Coordinate { point [ 2.913386 -11.023622 4.389764, 3.188976 -11.023622 4.389764, 3.188976 -10.866142 4.389764, 2.913386 -10.866142 4.389764, 2.913386 -11.023622 4.507874, 3.188976 -11.023622 4.507874, 3.188976 -10.866142 4.507874, 2.913386 -10.866142 4.507874 ] } coordIndex [ 0, 3, 2, 1, -1, 4, 5, 6, 7, -1, 0, 1, 5, 4, -1, 1, 2, 6, 5, -1, 2, 3, 7, 6, -1, 3, 0, 4, 7, -1 ] } }
Shape { appearance Appearance { material Material { diffuseColor 0.035 0.04 0.045 specularColor 0.25 0.25 0.25 shininess 0.3 } } geometry IndexedFaceSet { solid TRUE coord Coordinate { point [ 4.055118 -13.188976 4.350394, 5.236220 -13.188976 4.350394, 5.236220 -12.007874 4.350394, 4.055118 -12.007874 4.350394, 4.055118 -13.188976 4.665354, 5.236220 -13.188976 4.665354, 5.236220 -12.007874 4.665354, 4.055118 -12.007874 4.665354 ] } coordIndex [ 0, 3, 2, 1, -1, 4, 5, 6, 7, -1, 0, 1, 5, 4, -1, 1, 2, 6, 5, -1, 2, 3, 7, 6, -1, 3, 0, 4, 7, -1 ] } }
Shape { appearance Appearance { material Material { diffuseColor 0.65 0.68 0.7 specularColor 0.25 0.25 0.25 shininess 0.3 } } geometry IndexedFaceSet { solid TRUE coord Coordinate { point [ 3.779528 -13.149606 4.389764, 4.055118 -13.149606 4.389764, 4.055118 -12.992126 4.389764, 3.779528 -12.992126 4.389764, 3.779528 -13.149606 4.507874, 4.055118 -13.149606 4.507874, 4.055118 -12.992126 4.507874, 3.779528 -12.992126 4.507874 ] } coordIndex [ 0, 3, 2, 1, -1, 4, 5, 6, 7, -1, 0, 1, 5, 4, -1, 1, 2, 6, 5, -1, 2, 3, 7, 6, -1, 3, 0, 4, 7, -1 ] } }
Shape { appearance Appearance { material Material { diffuseColor 0.65 0.68 0.7 specularColor 0.25 0.25 0.25 shininess 0.3 } } geometry IndexedFaceSet { solid TRUE coord Coordinate { point [ 3.779528 -12.834646 4.389764, 4.055118 -12.834646 4.389764, 4.055118 -12.677165 4.389764, 3.779528 -12.677165 4.389764, 3.779528 -12.834646 4.507874, 4.055118 -12.834646 4.507874, 4.055118 -12.677165 4.507874, 3.779528 -12.677165 4.507874 ] } coordIndex [ 0, 3, 2, 1, -1, 4, 5, 6, 7, -1, 0, 1, 5, 4, -1, 1, 2, 6, 5, -1, 2, 3, 7, 6, -1, 3, 0, 4, 7, -1 ] } }
Shape { appearance Appearance { material Material { diffuseColor 0.65 0.68 0.7 specularColor 0.25 0.25 0.25 shininess 0.3 } } geometry IndexedFaceSet { solid TRUE coord Coordinate { point [ 3.779528 -12.519685 4.389764, 4.055118 -12.519685 4.389764, 4.055118 -12.362205 4.389764, 3.779528 -12.362205 4.389764, 3.779528 -12.519685 4.507874, 4.055118 -12.519685 4.507874, 4.055118 -12.362205 4.507874, 3.779528 -12.362205 4.507874 ] } coordIndex [ 0, 3, 2, 1, -1, 4, 5, 6, 7, -1, 0, 1, 5, 4, -1, 1, 2, 6, 5, -1, 2, 3, 7, 6, -1, 3, 0, 4, 7, -1 ] } }
Shape { appearance Appearance { material Material { diffuseColor 0.65 0.68 0.7 specularColor 0.25 0.25 0.25 shininess 0.3 } } geometry IndexedFaceSet { solid TRUE coord Coordinate { point [ 3.779528 -12.204724 4.389764, 4.055118 -12.204724 4.389764, 4.055118 -12.047244 4.389764, 3.779528 -12.047244 4.389764, 3.779528 -12.204724 4.507874, 4.055118 -12.204724 4.507874, 4.055118 -12.047244 4.507874, 3.779528 -12.047244 4.507874 ] } coordIndex [ 0, 3, 2, 1, -1, 4, 5, 6, 7, -1, 0, 1, 5, 4, -1, 1, 2, 6, 5, -1, 2, 3, 7, 6, -1, 3, 0, 4, 7, -1 ] } }
Shape { appearance Appearance { material Material { diffuseColor 0.65 0.68 0.7 specularColor 0.25 0.25 0.25 shininess 0.3 } } geometry IndexedFaceSet { solid TRUE coord Coordinate { point [ 5.236220 -13.149606 4.389764, 5.511811 -13.149606 4.389764, 5.511811 -12.992126 4.389764, 5.236220 -12.992126 4.389764, 5.236220 -13.149606 4.507874, 5.511811 -13.149606 4.507874, 5.511811 -12.992126 4.507874, 5.236220 -12.992126 4.507874 ] } coordIndex [ 0, 3, 2, 1, -1, 4, 5, 6, 7, -1, 0, 1, 5, 4, -1, 1, 2, 6, 5, -1, 2, 3, 7, 6, -1, 3, 0, 4, 7, -1 ] } }
Shape { appearance Appearance { material Material { diffuseColor 0.65 0.68 0.7 specularColor 0.25 0.25 0.25 shininess 0.3 } } geometry IndexedFaceSet { solid TRUE coord Coordinate { point [ 5.236220 -12.834646 4.389764, 5.511811 -12.834646 4.389764, 5.511811 -12.677165 4.389764, 5.236220 -12.677165 4.389764, 5.236220 -12.834646 4.507874, 5.511811 -12.834646 4.507874, 5.511811 -12.677165 4.507874, 5.236220 -12.677165 4.507874 ] } coordIndex [ 0, 3, 2, 1, -1, 4, 5, 6, 7, -1, 0, 1, 5, 4, -1, 1, 2, 6, 5, -1, 2, 3, 7, 6, -1, 3, 0, 4, 7, -1 ] } }
Shape { appearance Appearance { material Material { diffuseColor 0.65 0.68 0.7 specularColor 0.25 0.25 0.25 shininess 0.3 } } geometry IndexedFaceSet { solid TRUE coord Coordinate { point [ 5.236220 -12.519685 4.389764, 5.511811 -12.519685 4.389764, 5.511811 -12.362205 4.389764, 5.236220 -12.362205 4.389764, 5.236220 -12.519685 4.507874, 5.511811 -12.519685 4.507874, 5.511811 -12.362205 4.507874, 5.236220 -12.362205 4.507874 ] } coordIndex [ 0, 3, 2, 1, -1, 4, 5, 6, 7, -1, 0, 1, 5, 4, -1, 1, 2, 6, 5, -1, 2, 3, 7, 6, -1, 3, 0, 4, 7, -1 ] } }
Shape { appearance Appearance { material Material { diffuseColor 0.65 0.68 0.7 specularColor 0.25 0.25 0.25 shininess 0.3 } } geometry IndexedFaceSet { solid TRUE coord Coordinate { point [ 5.236220 -12.204724 4.389764, 5.511811 -12.204724 4.389764, 5.511811 -12.047244 4.389764, 5.236220 -12.047244 4.389764, 5.236220 -12.204724 4.507874, 5.511811 -12.204724 4.507874, 5.511811 -12.047244 4.507874, 5.236220 -12.047244 4.507874 ] } coordIndex [ 0, 3, 2, 1, -1, 4, 5, 6, 7, -1, 0, 1, 5, 4, -1, 1, 2, 6, 5, -1, 2, 3, 7, 6, -1, 3, 0, 4, 7, -1 ] } }
Shape { appearance Appearance { material Material { diffuseColor 0.035 0.04 0.045 specularColor 0.25 0.25 0.25 shininess 0.3 } } geometry IndexedFaceSet { solid TRUE coord Coordinate { point [ 3.897638 -2.952756 4.350394, 5.078740 -2.952756 4.350394, 5.078740 -1.771654 4.350394, 3.897638 -1.771654 4.350394, 3.897638 -2.952756 4.665354, 5.078740 -2.952756 4.665354, 5.078740 -1.771654 4.665354, 3.897638 -1.771654 4.665354 ] } coordIndex [ 0, 3, 2, 1, -1, 4, 5, 6, 7, -1, 0, 1, 5, 4, -1, 1, 2, 6, 5, -1, 2, 3, 7, 6, -1, 3, 0, 4, 7, -1 ] } }
Shape { appearance Appearance { material Material { diffuseColor 0.65 0.68 0.7 specularColor 0.25 0.25 0.25 shininess 0.3 } } geometry IndexedFaceSet { solid TRUE coord Coordinate { point [ 3.622047 -2.913386 4.389764, 3.897638 -2.913386 4.389764, 3.897638 -2.755906 4.389764, 3.622047 -2.755906 4.389764, 3.622047 -2.913386 4.507874, 3.897638 -2.913386 4.507874, 3.897638 -2.755906 4.507874, 3.622047 -2.755906 4.507874 ] } coordIndex [ 0, 3, 2, 1, -1, 4, 5, 6, 7, -1, 0, 1, 5, 4, -1, 1, 2, 6, 5, -1, 2, 3, 7, 6, -1, 3, 0, 4, 7, -1 ] } }
Shape { appearance Appearance { material Material { diffuseColor 0.65 0.68 0.7 specularColor 0.25 0.25 0.25 shininess 0.3 } } geometry IndexedFaceSet { solid TRUE coord Coordinate { point [ 3.622047 -2.598425 4.389764, 3.897638 -2.598425 4.389764, 3.897638 -2.440945 4.389764, 3.622047 -2.440945 4.389764, 3.622047 -2.598425 4.507874, 3.897638 -2.598425 4.507874, 3.897638 -2.440945 4.507874, 3.622047 -2.440945 4.507874 ] } coordIndex [ 0, 3, 2, 1, -1, 4, 5, 6, 7, -1, 0, 1, 5, 4, -1, 1, 2, 6, 5, -1, 2, 3, 7, 6, -1, 3, 0, 4, 7, -1 ] } }
Shape { appearance Appearance { material Material { diffuseColor 0.65 0.68 0.7 specularColor 0.25 0.25 0.25 shininess 0.3 } } geometry IndexedFaceSet { solid TRUE coord Coordinate { point [ 3.622047 -2.283465 4.389764, 3.897638 -2.283465 4.389764, 3.897638 -2.125984 4.389764, 3.622047 -2.125984 4.389764, 3.622047 -2.283465 4.507874, 3.897638 -2.283465 4.507874, 3.897638 -2.125984 4.507874, 3.622047 -2.125984 4.507874 ] } coordIndex [ 0, 3, 2, 1, -1, 4, 5, 6, 7, -1, 0, 1, 5, 4, -1, 1, 2, 6, 5, -1, 2, 3, 7, 6, -1, 3, 0, 4, 7, -1 ] } }
Shape { appearance Appearance { material Material { diffuseColor 0.65 0.68 0.7 specularColor 0.25 0.25 0.25 shininess 0.3 } } geometry IndexedFaceSet { solid TRUE coord Coordinate { point [ 3.622047 -1.968504 4.389764, 3.897638 -1.968504 4.389764, 3.897638 -1.811024 4.389764, 3.622047 -1.811024 4.389764, 3.622047 -1.968504 4.507874, 3.897638 -1.968504 4.507874, 3.897638 -1.811024 4.507874, 3.622047 -1.811024 4.507874 ] } coordIndex [ 0, 3, 2, 1, -1, 4, 5, 6, 7, -1, 0, 1, 5, 4, -1, 1, 2, 6, 5, -1, 2, 3, 7, 6, -1, 3, 0, 4, 7, -1 ] } }
Shape { appearance Appearance { material Material { diffuseColor 0.65 0.68 0.7 specularColor 0.25 0.25 0.25 shininess 0.3 } } geometry IndexedFaceSet { solid TRUE coord Coordinate { point [ 5.078740 -2.913386 4.389764, 5.354331 -2.913386 4.389764, 5.354331 -2.755906 4.389764, 5.078740 -2.755906 4.389764, 5.078740 -2.913386 4.507874, 5.354331 -2.913386 4.507874, 5.354331 -2.755906 4.507874, 5.078740 -2.755906 4.507874 ] } coordIndex [ 0, 3, 2, 1, -1, 4, 5, 6, 7, -1, 0, 1, 5, 4, -1, 1, 2, 6, 5, -1, 2, 3, 7, 6, -1, 3, 0, 4, 7, -1 ] } }
Shape { appearance Appearance { material Material { diffuseColor 0.65 0.68 0.7 specularColor 0.25 0.25 0.25 shininess 0.3 } } geometry IndexedFaceSet { solid TRUE coord Coordinate { point [ 5.078740 -2.598425 4.389764, 5.354331 -2.598425 4.389764, 5.354331 -2.440945 4.389764, 5.078740 -2.440945 4.389764, 5.078740 -2.598425 4.507874, 5.354331 -2.598425 4.507874, 5.354331 -2.440945 4.507874, 5.078740 -2.440945 4.507874 ] } coordIndex [ 0, 3, 2, 1, -1, 4, 5, 6, 7, -1, 0, 1, 5, 4, -1, 1, 2, 6, 5, -1, 2, 3, 7, 6, -1, 3, 0, 4, 7, -1 ] } }
Shape { appearance Appearance { material Material { diffuseColor 0.65 0.68 0.7 specularColor 0.25 0.25 0.25 shininess 0.3 } } geometry IndexedFaceSet { solid TRUE coord Coordinate { point [ 5.078740 -2.283465 4.389764, 5.354331 -2.283465 4.389764, 5.354331 -2.125984 4.389764, 5.078740 -2.125984 4.389764, 5.078740 -2.283465 4.507874, 5.354331 -2.283465 4.507874, 5.354331 -2.125984 4.507874, 5.078740 -2.125984 4.507874 ] } coordIndex [ 0, 3, 2, 1, -1, 4, 5, 6, 7, -1, 0, 1, 5, 4, -1, 1, 2, 6, 5, -1, 2, 3, 7, 6, -1, 3, 0, 4, 7, -1 ] } }
Shape { appearance Appearance { material Material { diffuseColor 0.65 0.68 0.7 specularColor 0.25 0.25 0.25 shininess 0.3 } } geometry IndexedFaceSet { solid TRUE coord Coordinate { point [ 5.078740 -1.968504 4.389764, 5.354331 -1.968504 4.389764, 5.354331 -1.811024 4.389764, 5.078740 -1.811024 4.389764, 5.078740 -1.968504 4.507874, 5.354331 -1.968504 4.507874, 5.354331 -1.811024 4.507874, 5.078740 -1.811024 4.507874 ] } coordIndex [ 0, 3, 2, 1, -1, 4, 5, 6, 7, -1, 0, 1, 5, 4, -1, 1, 2, 6, 5, -1, 2, 3, 7, 6, -1, 3, 0, 4, 7, -1 ] } }
Shape { appearance Appearance { material Material { diffuseColor 0.035 0.04 0.045 specularColor 0.25 0.25 0.25 shininess 0.3 } } geometry IndexedFaceSet { solid TRUE coord Coordinate { point [ 1.082677 -3.444882 4.350394, 2.066929 -3.444882 4.350394, 2.066929 -2.066929 4.350394, 1.082677 -2.066929 4.350394, 1.082677 -3.444882 4.665354, 2.066929 -3.444882 4.665354, 2.066929 -2.066929 4.665354, 1.082677 -2.066929 4.665354 ] } coordIndex [ 0, 3, 2, 1, -1, 4, 5, 6, 7, -1, 0, 1, 5, 4, -1, 1, 2, 6, 5, -1, 2, 3, 7, 6, -1, 3, 0, 4, 7, -1 ] } }
Shape { appearance Appearance { material Material { diffuseColor 0.65 0.68 0.7 specularColor 0.25 0.25 0.25 shininess 0.3 } } geometry IndexedFaceSet { solid TRUE coord Coordinate { point [ 0.807087 -3.307087 4.389764, 1.082677 -3.307087 4.389764, 1.082677 -3.149606 4.389764, 0.807087 -3.149606 4.389764, 0.807087 -3.307087 4.507874, 1.082677 -3.307087 4.507874, 1.082677 -3.149606 4.507874, 0.807087 -3.149606 4.507874 ] } coordIndex [ 0, 3, 2, 1, -1, 4, 5, 6, 7, -1, 0, 1, 5, 4, -1, 1, 2, 6, 5, -1, 2, 3, 7, 6, -1, 3, 0, 4, 7, -1 ] } }
Shape { appearance Appearance { material Material { diffuseColor 0.65 0.68 0.7 specularColor 0.25 0.25 0.25 shininess 0.3 } } geometry IndexedFaceSet { solid TRUE coord Coordinate { point [ 0.807087 -2.992126 4.389764, 1.082677 -2.992126 4.389764, 1.082677 -2.834646 4.389764, 0.807087 -2.834646 4.389764, 0.807087 -2.992126 4.507874, 1.082677 -2.992126 4.507874, 1.082677 -2.834646 4.507874, 0.807087 -2.834646 4.507874 ] } coordIndex [ 0, 3, 2, 1, -1, 4, 5, 6, 7, -1, 0, 1, 5, 4, -1, 1, 2, 6, 5, -1, 2, 3, 7, 6, -1, 3, 0, 4, 7, -1 ] } }
Shape { appearance Appearance { material Material { diffuseColor 0.65 0.68 0.7 specularColor 0.25 0.25 0.25 shininess 0.3 } } geometry IndexedFaceSet { solid TRUE coord Coordinate { point [ 0.807087 -2.677165 4.389764, 1.082677 -2.677165 4.389764, 1.082677 -2.519685 4.389764, 0.807087 -2.519685 4.389764, 0.807087 -2.677165 4.507874, 1.082677 -2.677165 4.507874, 1.082677 -2.519685 4.507874, 0.807087 -2.519685 4.507874 ] } coordIndex [ 0, 3, 2, 1, -1, 4, 5, 6, 7, -1, 0, 1, 5, 4, -1, 1, 2, 6, 5, -1, 2, 3, 7, 6, -1, 3, 0, 4, 7, -1 ] } }
Shape { appearance Appearance { material Material { diffuseColor 0.65 0.68 0.7 specularColor 0.25 0.25 0.25 shininess 0.3 } } geometry IndexedFaceSet { solid TRUE coord Coordinate { point [ 0.807087 -2.362205 4.389764, 1.082677 -2.362205 4.389764, 1.082677 -2.204724 4.389764, 0.807087 -2.204724 4.389764, 0.807087 -2.362205 4.507874, 1.082677 -2.362205 4.507874, 1.082677 -2.204724 4.507874, 0.807087 -2.204724 4.507874 ] } coordIndex [ 0, 3, 2, 1, -1, 4, 5, 6, 7, -1, 0, 1, 5, 4, -1, 1, 2, 6, 5, -1, 2, 3, 7, 6, -1, 3, 0, 4, 7, -1 ] } }
Shape { appearance Appearance { material Material { diffuseColor 0.65 0.68 0.7 specularColor 0.25 0.25 0.25 shininess 0.3 } } geometry IndexedFaceSet { solid TRUE coord Coordinate { point [ 2.066929 -3.307087 4.389764, 2.342520 -3.307087 4.389764, 2.342520 -3.149606 4.389764, 2.066929 -3.149606 4.389764, 2.066929 -3.307087 4.507874, 2.342520 -3.307087 4.507874, 2.342520 -3.149606 4.507874, 2.066929 -3.149606 4.507874 ] } coordIndex [ 0, 3, 2, 1, -1, 4, 5, 6, 7, -1, 0, 1, 5, 4, -1, 1, 2, 6, 5, -1, 2, 3, 7, 6, -1, 3, 0, 4, 7, -1 ] } }
Shape { appearance Appearance { material Material { diffuseColor 0.65 0.68 0.7 specularColor 0.25 0.25 0.25 shininess 0.3 } } geometry IndexedFaceSet { solid TRUE coord Coordinate { point [ 2.066929 -2.992126 4.389764, 2.342520 -2.992126 4.389764, 2.342520 -2.834646 4.389764, 2.066929 -2.834646 4.389764, 2.066929 -2.992126 4.507874, 2.342520 -2.992126 4.507874, 2.342520 -2.834646 4.507874, 2.066929 -2.834646 4.507874 ] } coordIndex [ 0, 3, 2, 1, -1, 4, 5, 6, 7, -1, 0, 1, 5, 4, -1, 1, 2, 6, 5, -1, 2, 3, 7, 6, -1, 3, 0, 4, 7, -1 ] } }
Shape { appearance Appearance { material Material { diffuseColor 0.65 0.68 0.7 specularColor 0.25 0.25 0.25 shininess 0.3 } } geometry IndexedFaceSet { solid TRUE coord Coordinate { point [ 2.066929 -2.677165 4.389764, 2.342520 -2.677165 4.389764, 2.342520 -2.519685 4.389764, 2.066929 -2.519685 4.389764, 2.066929 -2.677165 4.507874, 2.342520 -2.677165 4.507874, 2.342520 -2.519685 4.507874, 2.066929 -2.519685 4.507874 ] } coordIndex [ 0, 3, 2, 1, -1, 4, 5, 6, 7, -1, 0, 1, 5, 4, -1, 1, 2, 6, 5, -1, 2, 3, 7, 6, -1, 3, 0, 4, 7, -1 ] } }
Shape { appearance Appearance { material Material { diffuseColor 0.65 0.68 0.7 specularColor 0.25 0.25 0.25 shininess 0.3 } } geometry IndexedFaceSet { solid TRUE coord Coordinate { point [ 2.066929 -2.362205 4.389764, 2.342520 -2.362205 4.389764, 2.342520 -2.204724 4.389764, 2.066929 -2.204724 4.389764, 2.066929 -2.362205 4.507874, 2.342520 -2.362205 4.507874, 2.342520 -2.204724 4.507874, 2.066929 -2.204724 4.507874 ] } coordIndex [ 0, 3, 2, 1, -1, 4, 5, 6, 7, -1, 0, 1, 5, 4, -1, 1, 2, 6, 5, -1, 2, 3, 7, 6, -1, 3, 0, 4, 7, -1 ] } }
Shape { appearance Appearance { material Material { diffuseColor 0.035 0.04 0.045 specularColor 0.25 0.25 0.25 shininess 0.3 } } geometry IndexedFaceSet { solid TRUE coord Coordinate { point [ 2.106299 -15.649606 4.350394, 3.877953 -15.649606 4.350394, 3.877953 -14.271654 4.350394, 2.106299 -14.271654 4.350394, 2.106299 -15.649606 4.665354, 3.877953 -15.649606 4.665354, 3.877953 -14.271654 4.665354, 2.106299 -14.271654 4.665354 ] } coordIndex [ 0, 3, 2, 1, -1, 4, 5, 6, 7, -1, 0, 1, 5, 4, -1, 1, 2, 6, 5, -1, 2, 3, 7, 6, -1, 3, 0, 4, 7, -1 ] } }
Shape { appearance Appearance { material Material { diffuseColor 0.65 0.68 0.7 specularColor 0.25 0.25 0.25 shininess 0.3 } } geometry IndexedFaceSet { solid TRUE coord Coordinate { point [ 1.830709 -15.511811 4.389764, 2.106299 -15.511811 4.389764, 2.106299 -15.354331 4.389764, 1.830709 -15.354331 4.389764, 1.830709 -15.511811 4.507874, 2.106299 -15.511811 4.507874, 2.106299 -15.354331 4.507874, 1.830709 -15.354331 4.507874 ] } coordIndex [ 0, 3, 2, 1, -1, 4, 5, 6, 7, -1, 0, 1, 5, 4, -1, 1, 2, 6, 5, -1, 2, 3, 7, 6, -1, 3, 0, 4, 7, -1 ] } }
Shape { appearance Appearance { material Material { diffuseColor 0.65 0.68 0.7 specularColor 0.25 0.25 0.25 shininess 0.3 } } geometry IndexedFaceSet { solid TRUE coord Coordinate { point [ 1.830709 -15.196850 4.389764, 2.106299 -15.196850 4.389764, 2.106299 -15.039370 4.389764, 1.830709 -15.039370 4.389764, 1.830709 -15.196850 4.507874, 2.106299 -15.196850 4.507874, 2.106299 -15.039370 4.507874, 1.830709 -15.039370 4.507874 ] } coordIndex [ 0, 3, 2, 1, -1, 4, 5, 6, 7, -1, 0, 1, 5, 4, -1, 1, 2, 6, 5, -1, 2, 3, 7, 6, -1, 3, 0, 4, 7, -1 ] } }
Shape { appearance Appearance { material Material { diffuseColor 0.65 0.68 0.7 specularColor 0.25 0.25 0.25 shininess 0.3 } } geometry IndexedFaceSet { solid TRUE coord Coordinate { point [ 1.830709 -14.881890 4.389764, 2.106299 -14.881890 4.389764, 2.106299 -14.724409 4.389764, 1.830709 -14.724409 4.389764, 1.830709 -14.881890 4.507874, 2.106299 -14.881890 4.507874, 2.106299 -14.724409 4.507874, 1.830709 -14.724409 4.507874 ] } coordIndex [ 0, 3, 2, 1, -1, 4, 5, 6, 7, -1, 0, 1, 5, 4, -1, 1, 2, 6, 5, -1, 2, 3, 7, 6, -1, 3, 0, 4, 7, -1 ] } }
Shape { appearance Appearance { material Material { diffuseColor 0.65 0.68 0.7 specularColor 0.25 0.25 0.25 shininess 0.3 } } geometry IndexedFaceSet { solid TRUE coord Coordinate { point [ 1.830709 -14.566929 4.389764, 2.106299 -14.566929 4.389764, 2.106299 -14.409449 4.389764, 1.830709 -14.409449 4.389764, 1.830709 -14.566929 4.507874, 2.106299 -14.566929 4.507874, 2.106299 -14.409449 4.507874, 1.830709 -14.409449 4.507874 ] } coordIndex [ 0, 3, 2, 1, -1, 4, 5, 6, 7, -1, 0, 1, 5, 4, -1, 1, 2, 6, 5, -1, 2, 3, 7, 6, -1, 3, 0, 4, 7, -1 ] } }
Shape { appearance Appearance { material Material { diffuseColor 0.65 0.68 0.7 specularColor 0.25 0.25 0.25 shininess 0.3 } } geometry IndexedFaceSet { solid TRUE coord Coordinate { point [ 3.877953 -15.511811 4.389764, 4.153543 -15.511811 4.389764, 4.153543 -15.354331 4.389764, 3.877953 -15.354331 4.389764, 3.877953 -15.511811 4.507874, 4.153543 -15.511811 4.507874, 4.153543 -15.354331 4.507874, 3.877953 -15.354331 4.507874 ] } coordIndex [ 0, 3, 2, 1, -1, 4, 5, 6, 7, -1, 0, 1, 5, 4, -1, 1, 2, 6, 5, -1, 2, 3, 7, 6, -1, 3, 0, 4, 7, -1 ] } }
Shape { appearance Appearance { material Material { diffuseColor 0.65 0.68 0.7 specularColor 0.25 0.25 0.25 shininess 0.3 } } geometry IndexedFaceSet { solid TRUE coord Coordinate { point [ 3.877953 -15.196850 4.389764, 4.153543 -15.196850 4.389764, 4.153543 -15.039370 4.389764, 3.877953 -15.039370 4.389764, 3.877953 -15.196850 4.507874, 4.153543 -15.196850 4.507874, 4.153543 -15.039370 4.507874, 3.877953 -15.039370 4.507874 ] } coordIndex [ 0, 3, 2, 1, -1, 4, 5, 6, 7, -1, 0, 1, 5, 4, -1, 1, 2, 6, 5, -1, 2, 3, 7, 6, -1, 3, 0, 4, 7, -1 ] } }
Shape { appearance Appearance { material Material { diffuseColor 0.65 0.68 0.7 specularColor 0.25 0.25 0.25 shininess 0.3 } } geometry IndexedFaceSet { solid TRUE coord Coordinate { point [ 3.877953 -14.881890 4.389764, 4.153543 -14.881890 4.389764, 4.153543 -14.724409 4.389764, 3.877953 -14.724409 4.389764, 3.877953 -14.881890 4.507874, 4.153543 -14.881890 4.507874, 4.153543 -14.724409 4.507874, 3.877953 -14.724409 4.507874 ] } coordIndex [ 0, 3, 2, 1, -1, 4, 5, 6, 7, -1, 0, 1, 5, 4, -1, 1, 2, 6, 5, -1, 2, 3, 7, 6, -1, 3, 0, 4, 7, -1 ] } }
Shape { appearance Appearance { material Material { diffuseColor 0.65 0.68 0.7 specularColor 0.25 0.25 0.25 shininess 0.3 } } geometry IndexedFaceSet { solid TRUE coord Coordinate { point [ 3.877953 -14.566929 4.389764, 4.153543 -14.566929 4.389764, 4.153543 -14.409449 4.389764, 3.877953 -14.409449 4.389764, 3.877953 -14.566929 4.507874, 4.153543 -14.566929 4.507874, 4.153543 -14.409449 4.507874, 3.877953 -14.409449 4.507874 ] } coordIndex [ 0, 3, 2, 1, -1, 4, 5, 6, 7, -1, 0, 1, 5, 4, -1, 1, 2, 6, 5, -1, 2, 3, 7, 6, -1, 3, 0, 4, 7, -1 ] } }
Shape { appearance Appearance { material Material { diffuseColor 0.57 0.4 0.24 specularColor 0.25 0.25 0.25 shininess 0.3 } } geometry IndexedFaceSet { solid TRUE coord Coordinate { point [ 0.767717 -3.031496 4.350394, 1.122047 -3.031496 4.350394, 1.122047 -2.480315 4.350394, 0.767717 -2.480315 4.350394, 0.767717 -3.031496 4.547244, 1.122047 -3.031496 4.547244, 1.122047 -2.480315 4.547244, 0.767717 -2.480315 4.547244 ] } coordIndex [ 0, 3, 2, 1, -1, 4, 5, 6, 7, -1, 0, 1, 5, 4, -1, 1, 2, 6, 5, -1, 2, 3, 7, 6, -1, 3, 0, 4, 7, -1 ] } }
Shape { appearance Appearance { material Material { diffuseColor 0.65 0.68 0.7 specularColor 0.25 0.25 0.25 shininess 0.3 } } geometry IndexedFaceSet { solid TRUE coord Coordinate { point [ 0.767717 -3.061024 4.350394, 1.122047 -3.061024 4.350394, 1.122047 -2.962598 4.350394, 0.767717 -2.962598 4.350394, 0.767717 -3.061024 4.547244, 1.122047 -3.061024 4.547244, 1.122047 -2.962598 4.547244, 0.767717 -2.962598 4.547244 ] } coordIndex [ 0, 3, 2, 1, -1, 4, 5, 6, 7, -1, 0, 1, 5, 4, -1, 1, 2, 6, 5, -1, 2, 3, 7, 6, -1, 3, 0, 4, 7, -1 ] } }
Shape { appearance Appearance { material Material { diffuseColor 0.65 0.68 0.7 specularColor 0.25 0.25 0.25 shininess 0.3 } } geometry IndexedFaceSet { solid TRUE coord Coordinate { point [ 0.767717 -2.549213 4.350394, 1.122047 -2.549213 4.350394, 1.122047 -2.450787 4.350394, 0.767717 -2.450787 4.350394, 0.767717 -2.549213 4.547244, 1.122047 -2.549213 4.547244, 1.122047 -2.450787 4.547244, 0.767717 -2.450787 4.547244 ] } coordIndex [ 0, 3, 2, 1, -1, 4, 5, 6, 7, -1, 0, 1, 5, 4, -1, 1, 2, 6, 5, -1, 2, 3, 7, 6, -1, 3, 0, 4, 7, -1 ] } }
Shape { appearance Appearance { material Material { diffuseColor 0.57 0.4 0.24 specularColor 0.25 0.25 0.25 shininess 0.3 } } geometry IndexedFaceSet { solid TRUE coord Coordinate { point [ 0.767717 -4.370079 4.350394, 1.122047 -4.370079 4.350394, 1.122047 -3.818898 4.350394, 0.767717 -3.818898 4.350394, 0.767717 -4.370079 4.547244, 1.122047 -4.370079 4.547244, 1.122047 -3.818898 4.547244, 0.767717 -3.818898 4.547244 ] } coordIndex [ 0, 3, 2, 1, -1, 4, 5, 6, 7, -1, 0, 1, 5, 4, -1, 1, 2, 6, 5, -1, 2, 3, 7, 6, -1, 3, 0, 4, 7, -1 ] } }
Shape { appearance Appearance { material Material { diffuseColor 0.65 0.68 0.7 specularColor 0.25 0.25 0.25 shininess 0.3 } } geometry IndexedFaceSet { solid TRUE coord Coordinate { point [ 0.767717 -4.399606 4.350394, 1.122047 -4.399606 4.350394, 1.122047 -4.301181 4.350394, 0.767717 -4.301181 4.350394, 0.767717 -4.399606 4.547244, 1.122047 -4.399606 4.547244, 1.122047 -4.301181 4.547244, 0.767717 -4.301181 4.547244 ] } coordIndex [ 0, 3, 2, 1, -1, 4, 5, 6, 7, -1, 0, 1, 5, 4, -1, 1, 2, 6, 5, -1, 2, 3, 7, 6, -1, 3, 0, 4, 7, -1 ] } }
Shape { appearance Appearance { material Material { diffuseColor 0.65 0.68 0.7 specularColor 0.25 0.25 0.25 shininess 0.3 } } geometry IndexedFaceSet { solid TRUE coord Coordinate { point [ 0.767717 -3.887795 4.350394, 1.122047 -3.887795 4.350394, 1.122047 -3.789370 4.350394, 0.767717 -3.789370 4.350394, 0.767717 -3.887795 4.547244, 1.122047 -3.887795 4.547244, 1.122047 -3.789370 4.547244, 0.767717 -3.789370 4.547244 ] } coordIndex [ 0, 3, 2, 1, -1, 4, 5, 6, 7, -1, 0, 1, 5, 4, -1, 1, 2, 6, 5, -1, 2, 3, 7, 6, -1, 3, 0, 4, 7, -1 ] } }
Shape { appearance Appearance { material Material { diffuseColor 0.57 0.4 0.24 specularColor 0.25 0.25 0.25 shininess 0.3 } } geometry IndexedFaceSet { solid TRUE coord Coordinate { point [ 0.767717 -5.708661 4.350394, 1.122047 -5.708661 4.350394, 1.122047 -5.157480 4.350394, 0.767717 -5.157480 4.350394, 0.767717 -5.708661 4.547244, 1.122047 -5.708661 4.547244, 1.122047 -5.157480 4.547244, 0.767717 -5.157480 4.547244 ] } coordIndex [ 0, 3, 2, 1, -1, 4, 5, 6, 7, -1, 0, 1, 5, 4, -1, 1, 2, 6, 5, -1, 2, 3, 7, 6, -1, 3, 0, 4, 7, -1 ] } }
Shape { appearance Appearance { material Material { diffuseColor 0.65 0.68 0.7 specularColor 0.25 0.25 0.25 shininess 0.3 } } geometry IndexedFaceSet { solid TRUE coord Coordinate { point [ 0.767717 -5.738189 4.350394, 1.122047 -5.738189 4.350394, 1.122047 -5.639764 4.350394, 0.767717 -5.639764 4.350394, 0.767717 -5.738189 4.547244, 1.122047 -5.738189 4.547244, 1.122047 -5.639764 4.547244, 0.767717 -5.639764 4.547244 ] } coordIndex [ 0, 3, 2, 1, -1, 4, 5, 6, 7, -1, 0, 1, 5, 4, -1, 1, 2, 6, 5, -1, 2, 3, 7, 6, -1, 3, 0, 4, 7, -1 ] } }
Shape { appearance Appearance { material Material { diffuseColor 0.65 0.68 0.7 specularColor 0.25 0.25 0.25 shininess 0.3 } } geometry IndexedFaceSet { solid TRUE coord Coordinate { point [ 0.767717 -5.226378 4.350394, 1.122047 -5.226378 4.350394, 1.122047 -5.127953 4.350394, 0.767717 -5.127953 4.350394, 0.767717 -5.226378 4.547244, 1.122047 -5.226378 4.547244, 1.122047 -5.127953 4.547244, 0.767717 -5.127953 4.547244 ] } coordIndex [ 0, 3, 2, 1, -1, 4, 5, 6, 7, -1, 0, 1, 5, 4, -1, 1, 2, 6, 5, -1, 2, 3, 7, 6, -1, 3, 0, 4, 7, -1 ] } }
Shape { appearance Appearance { material Material { diffuseColor 0.57 0.4 0.24 specularColor 0.25 0.25 0.25 shininess 0.3 } } geometry IndexedFaceSet { solid TRUE coord Coordinate { point [ 0.767717 -7.047244 4.350394, 1.122047 -7.047244 4.350394, 1.122047 -6.496063 4.350394, 0.767717 -6.496063 4.350394, 0.767717 -7.047244 4.547244, 1.122047 -7.047244 4.547244, 1.122047 -6.496063 4.547244, 0.767717 -6.496063 4.547244 ] } coordIndex [ 0, 3, 2, 1, -1, 4, 5, 6, 7, -1, 0, 1, 5, 4, -1, 1, 2, 6, 5, -1, 2, 3, 7, 6, -1, 3, 0, 4, 7, -1 ] } }
Shape { appearance Appearance { material Material { diffuseColor 0.65 0.68 0.7 specularColor 0.25 0.25 0.25 shininess 0.3 } } geometry IndexedFaceSet { solid TRUE coord Coordinate { point [ 0.767717 -7.076772 4.350394, 1.122047 -7.076772 4.350394, 1.122047 -6.978346 4.350394, 0.767717 -6.978346 4.350394, 0.767717 -7.076772 4.547244, 1.122047 -7.076772 4.547244, 1.122047 -6.978346 4.547244, 0.767717 -6.978346 4.547244 ] } coordIndex [ 0, 3, 2, 1, -1, 4, 5, 6, 7, -1, 0, 1, 5, 4, -1, 1, 2, 6, 5, -1, 2, 3, 7, 6, -1, 3, 0, 4, 7, -1 ] } }
Shape { appearance Appearance { material Material { diffuseColor 0.65 0.68 0.7 specularColor 0.25 0.25 0.25 shininess 0.3 } } geometry IndexedFaceSet { solid TRUE coord Coordinate { point [ 0.767717 -6.564961 4.350394, 1.122047 -6.564961 4.350394, 1.122047 -6.466535 4.350394, 0.767717 -6.466535 4.350394, 0.767717 -6.564961 4.547244, 1.122047 -6.564961 4.547244, 1.122047 -6.466535 4.547244, 0.767717 -6.466535 4.547244 ] } coordIndex [ 0, 3, 2, 1, -1, 4, 5, 6, 7, -1, 0, 1, 5, 4, -1, 1, 2, 6, 5, -1, 2, 3, 7, 6, -1, 3, 0, 4, 7, -1 ] } }
Shape { appearance Appearance { material Material { diffuseColor 0.57 0.4 0.24 specularColor 0.25 0.25 0.25 shininess 0.3 } } geometry IndexedFaceSet { solid TRUE coord Coordinate { point [ 0.767717 -8.385827 4.350394, 1.122047 -8.385827 4.350394, 1.122047 -7.834646 4.350394, 0.767717 -7.834646 4.350394, 0.767717 -8.385827 4.547244, 1.122047 -8.385827 4.547244, 1.122047 -7.834646 4.547244, 0.767717 -7.834646 4.547244 ] } coordIndex [ 0, 3, 2, 1, -1, 4, 5, 6, 7, -1, 0, 1, 5, 4, -1, 1, 2, 6, 5, -1, 2, 3, 7, 6, -1, 3, 0, 4, 7, -1 ] } }
Shape { appearance Appearance { material Material { diffuseColor 0.65 0.68 0.7 specularColor 0.25 0.25 0.25 shininess 0.3 } } geometry IndexedFaceSet { solid TRUE coord Coordinate { point [ 0.767717 -8.415354 4.350394, 1.122047 -8.415354 4.350394, 1.122047 -8.316929 4.350394, 0.767717 -8.316929 4.350394, 0.767717 -8.415354 4.547244, 1.122047 -8.415354 4.547244, 1.122047 -8.316929 4.547244, 0.767717 -8.316929 4.547244 ] } coordIndex [ 0, 3, 2, 1, -1, 4, 5, 6, 7, -1, 0, 1, 5, 4, -1, 1, 2, 6, 5, -1, 2, 3, 7, 6, -1, 3, 0, 4, 7, -1 ] } }
Shape { appearance Appearance { material Material { diffuseColor 0.65 0.68 0.7 specularColor 0.25 0.25 0.25 shininess 0.3 } } geometry IndexedFaceSet { solid TRUE coord Coordinate { point [ 0.767717 -7.903543 4.350394, 1.122047 -7.903543 4.350394, 1.122047 -7.805118 4.350394, 0.767717 -7.805118 4.350394, 0.767717 -7.903543 4.547244, 1.122047 -7.903543 4.547244, 1.122047 -7.805118 4.547244, 0.767717 -7.805118 4.547244 ] } coordIndex [ 0, 3, 2, 1, -1, 4, 5, 6, 7, -1, 0, 1, 5, 4, -1, 1, 2, 6, 5, -1, 2, 3, 7, 6, -1, 3, 0, 4, 7, -1 ] } }
Shape { appearance Appearance { material Material { diffuseColor 0.57 0.4 0.24 specularColor 0.25 0.25 0.25 shininess 0.3 } } geometry IndexedFaceSet { solid TRUE coord Coordinate { point [ 0.767717 -9.724409 4.350394, 1.122047 -9.724409 4.350394, 1.122047 -9.173228 4.350394, 0.767717 -9.173228 4.350394, 0.767717 -9.724409 4.547244, 1.122047 -9.724409 4.547244, 1.122047 -9.173228 4.547244, 0.767717 -9.173228 4.547244 ] } coordIndex [ 0, 3, 2, 1, -1, 4, 5, 6, 7, -1, 0, 1, 5, 4, -1, 1, 2, 6, 5, -1, 2, 3, 7, 6, -1, 3, 0, 4, 7, -1 ] } }
Shape { appearance Appearance { material Material { diffuseColor 0.65 0.68 0.7 specularColor 0.25 0.25 0.25 shininess 0.3 } } geometry IndexedFaceSet { solid TRUE coord Coordinate { point [ 0.767717 -9.753937 4.350394, 1.122047 -9.753937 4.350394, 1.122047 -9.655512 4.350394, 0.767717 -9.655512 4.350394, 0.767717 -9.753937 4.547244, 1.122047 -9.753937 4.547244, 1.122047 -9.655512 4.547244, 0.767717 -9.655512 4.547244 ] } coordIndex [ 0, 3, 2, 1, -1, 4, 5, 6, 7, -1, 0, 1, 5, 4, -1, 1, 2, 6, 5, -1, 2, 3, 7, 6, -1, 3, 0, 4, 7, -1 ] } }
Shape { appearance Appearance { material Material { diffuseColor 0.65 0.68 0.7 specularColor 0.25 0.25 0.25 shininess 0.3 } } geometry IndexedFaceSet { solid TRUE coord Coordinate { point [ 0.767717 -9.242126 4.350394, 1.122047 -9.242126 4.350394, 1.122047 -9.143701 4.350394, 0.767717 -9.143701 4.350394, 0.767717 -9.242126 4.547244, 1.122047 -9.242126 4.547244, 1.122047 -9.143701 4.547244, 0.767717 -9.143701 4.547244 ] } coordIndex [ 0, 3, 2, 1, -1, 4, 5, 6, 7, -1, 0, 1, 5, 4, -1, 1, 2, 6, 5, -1, 2, 3, 7, 6, -1, 3, 0, 4, 7, -1 ] } }
Shape { appearance Appearance { material Material { diffuseColor 0.57 0.4 0.24 specularColor 0.25 0.25 0.25 shininess 0.3 } } geometry IndexedFaceSet { solid TRUE coord Coordinate { point [ 0.767717 -11.062992 4.350394, 1.122047 -11.062992 4.350394, 1.122047 -10.511811 4.350394, 0.767717 -10.511811 4.350394, 0.767717 -11.062992 4.547244, 1.122047 -11.062992 4.547244, 1.122047 -10.511811 4.547244, 0.767717 -10.511811 4.547244 ] } coordIndex [ 0, 3, 2, 1, -1, 4, 5, 6, 7, -1, 0, 1, 5, 4, -1, 1, 2, 6, 5, -1, 2, 3, 7, 6, -1, 3, 0, 4, 7, -1 ] } }
Shape { appearance Appearance { material Material { diffuseColor 0.65 0.68 0.7 specularColor 0.25 0.25 0.25 shininess 0.3 } } geometry IndexedFaceSet { solid TRUE coord Coordinate { point [ 0.767717 -11.092520 4.350394, 1.122047 -11.092520 4.350394, 1.122047 -10.994094 4.350394, 0.767717 -10.994094 4.350394, 0.767717 -11.092520 4.547244, 1.122047 -11.092520 4.547244, 1.122047 -10.994094 4.547244, 0.767717 -10.994094 4.547244 ] } coordIndex [ 0, 3, 2, 1, -1, 4, 5, 6, 7, -1, 0, 1, 5, 4, -1, 1, 2, 6, 5, -1, 2, 3, 7, 6, -1, 3, 0, 4, 7, -1 ] } }
Shape { appearance Appearance { material Material { diffuseColor 0.65 0.68 0.7 specularColor 0.25 0.25 0.25 shininess 0.3 } } geometry IndexedFaceSet { solid TRUE coord Coordinate { point [ 0.767717 -10.580709 4.350394, 1.122047 -10.580709 4.350394, 1.122047 -10.482283 4.350394, 0.767717 -10.482283 4.350394, 0.767717 -10.580709 4.547244, 1.122047 -10.580709 4.547244, 1.122047 -10.482283 4.547244, 0.767717 -10.482283 4.547244 ] } coordIndex [ 0, 3, 2, 1, -1, 4, 5, 6, 7, -1, 0, 1, 5, 4, -1, 1, 2, 6, 5, -1, 2, 3, 7, 6, -1, 3, 0, 4, 7, -1 ] } }
Shape { appearance Appearance { material Material { diffuseColor 0.57 0.4 0.24 specularColor 0.25 0.25 0.25 shininess 0.3 } } geometry IndexedFaceSet { solid TRUE coord Coordinate { point [ 0.767717 -12.401575 4.350394, 1.122047 -12.401575 4.350394, 1.122047 -11.850394 4.350394, 0.767717 -11.850394 4.350394, 0.767717 -12.401575 4.547244, 1.122047 -12.401575 4.547244, 1.122047 -11.850394 4.547244, 0.767717 -11.850394 4.547244 ] } coordIndex [ 0, 3, 2, 1, -1, 4, 5, 6, 7, -1, 0, 1, 5, 4, -1, 1, 2, 6, 5, -1, 2, 3, 7, 6, -1, 3, 0, 4, 7, -1 ] } }
Shape { appearance Appearance { material Material { diffuseColor 0.65 0.68 0.7 specularColor 0.25 0.25 0.25 shininess 0.3 } } geometry IndexedFaceSet { solid TRUE coord Coordinate { point [ 0.767717 -12.431102 4.350394, 1.122047 -12.431102 4.350394, 1.122047 -12.332677 4.350394, 0.767717 -12.332677 4.350394, 0.767717 -12.431102 4.547244, 1.122047 -12.431102 4.547244, 1.122047 -12.332677 4.547244, 0.767717 -12.332677 4.547244 ] } coordIndex [ 0, 3, 2, 1, -1, 4, 5, 6, 7, -1, 0, 1, 5, 4, -1, 1, 2, 6, 5, -1, 2, 3, 7, 6, -1, 3, 0, 4, 7, -1 ] } }
Shape { appearance Appearance { material Material { diffuseColor 0.65 0.68 0.7 specularColor 0.25 0.25 0.25 shininess 0.3 } } geometry IndexedFaceSet { solid TRUE coord Coordinate { point [ 0.767717 -11.919291 4.350394, 1.122047 -11.919291 4.350394, 1.122047 -11.820866 4.350394, 0.767717 -11.820866 4.350394, 0.767717 -11.919291 4.547244, 1.122047 -11.919291 4.547244, 1.122047 -11.820866 4.547244, 0.767717 -11.820866 4.547244 ] } coordIndex [ 0, 3, 2, 1, -1, 4, 5, 6, 7, -1, 0, 1, 5, 4, -1, 1, 2, 6, 5, -1, 2, 3, 7, 6, -1, 3, 0, 4, 7, -1 ] } }
Shape { appearance Appearance { material Material { diffuseColor 0.57 0.4 0.24 specularColor 0.25 0.25 0.25 shininess 0.3 } } geometry IndexedFaceSet { solid TRUE coord Coordinate { point [ 0.767717 -13.740157 4.350394, 1.122047 -13.740157 4.350394, 1.122047 -13.188976 4.350394, 0.767717 -13.188976 4.350394, 0.767717 -13.740157 4.547244, 1.122047 -13.740157 4.547244, 1.122047 -13.188976 4.547244, 0.767717 -13.188976 4.547244 ] } coordIndex [ 0, 3, 2, 1, -1, 4, 5, 6, 7, -1, 0, 1, 5, 4, -1, 1, 2, 6, 5, -1, 2, 3, 7, 6, -1, 3, 0, 4, 7, -1 ] } }
Shape { appearance Appearance { material Material { diffuseColor 0.65 0.68 0.7 specularColor 0.25 0.25 0.25 shininess 0.3 } } geometry IndexedFaceSet { solid TRUE coord Coordinate { point [ 0.767717 -13.769685 4.350394, 1.122047 -13.769685 4.350394, 1.122047 -13.671260 4.350394, 0.767717 -13.671260 4.350394, 0.767717 -13.769685 4.547244, 1.122047 -13.769685 4.547244, 1.122047 -13.671260 4.547244, 0.767717 -13.671260 4.547244 ] } coordIndex [ 0, 3, 2, 1, -1, 4, 5, 6, 7, -1, 0, 1, 5, 4, -1, 1, 2, 6, 5, -1, 2, 3, 7, 6, -1, 3, 0, 4, 7, -1 ] } }
Shape { appearance Appearance { material Material { diffuseColor 0.65 0.68 0.7 specularColor 0.25 0.25 0.25 shininess 0.3 } } geometry IndexedFaceSet { solid TRUE coord Coordinate { point [ 0.767717 -13.257874 4.350394, 1.122047 -13.257874 4.350394, 1.122047 -13.159449 4.350394, 0.767717 -13.159449 4.350394, 0.767717 -13.257874 4.547244, 1.122047 -13.257874 4.547244, 1.122047 -13.159449 4.547244, 0.767717 -13.159449 4.547244 ] } coordIndex [ 0, 3, 2, 1, -1, 4, 5, 6, 7, -1, 0, 1, 5, 4, -1, 1, 2, 6, 5, -1, 2, 3, 7, 6, -1, 3, 0, 4, 7, -1 ] } }
Shape { appearance Appearance { material Material { diffuseColor 0.57 0.4 0.24 specularColor 0.25 0.25 0.25 shininess 0.3 } } geometry IndexedFaceSet { solid TRUE coord Coordinate { point [ 0.767717 -15.078740 4.350394, 1.122047 -15.078740 4.350394, 1.122047 -14.527559 4.350394, 0.767717 -14.527559 4.350394, 0.767717 -15.078740 4.547244, 1.122047 -15.078740 4.547244, 1.122047 -14.527559 4.547244, 0.767717 -14.527559 4.547244 ] } coordIndex [ 0, 3, 2, 1, -1, 4, 5, 6, 7, -1, 0, 1, 5, 4, -1, 1, 2, 6, 5, -1, 2, 3, 7, 6, -1, 3, 0, 4, 7, -1 ] } }
Shape { appearance Appearance { material Material { diffuseColor 0.65 0.68 0.7 specularColor 0.25 0.25 0.25 shininess 0.3 } } geometry IndexedFaceSet { solid TRUE coord Coordinate { point [ 0.767717 -15.108268 4.350394, 1.122047 -15.108268 4.350394, 1.122047 -15.009843 4.350394, 0.767717 -15.009843 4.350394, 0.767717 -15.108268 4.547244, 1.122047 -15.108268 4.547244, 1.122047 -15.009843 4.547244, 0.767717 -15.009843 4.547244 ] } coordIndex [ 0, 3, 2, 1, -1, 4, 5, 6, 7, -1, 0, 1, 5, 4, -1, 1, 2, 6, 5, -1, 2, 3, 7, 6, -1, 3, 0, 4, 7, -1 ] } }
Shape { appearance Appearance { material Material { diffuseColor 0.65 0.68 0.7 specularColor 0.25 0.25 0.25 shininess 0.3 } } geometry IndexedFaceSet { solid TRUE coord Coordinate { point [ 0.767717 -14.596457 4.350394, 1.122047 -14.596457 4.350394, 1.122047 -14.498031 4.350394, 0.767717 -14.498031 4.350394, 0.767717 -14.596457 4.547244, 1.122047 -14.596457 4.547244, 1.122047 -14.498031 4.547244, 0.767717 -14.498031 4.547244 ] } coordIndex [ 0, 3, 2, 1, -1, 4, 5, 6, 7, -1, 0, 1, 5, 4, -1, 1, 2, 6, 5, -1, 2, 3, 7, 6, -1, 3, 0, 4, 7, -1 ] } }
Shape { appearance Appearance { material Material { diffuseColor 0.57 0.4 0.24 specularColor 0.25 0.25 0.25 shininess 0.3 } } geometry IndexedFaceSet { solid TRUE coord Coordinate { point [ 4.901575 -3.031496 4.350394, 5.255906 -3.031496 4.350394, 5.255906 -2.480315 4.350394, 4.901575 -2.480315 4.350394, 4.901575 -3.031496 4.547244, 5.255906 -3.031496 4.547244, 5.255906 -2.480315 4.547244, 4.901575 -2.480315 4.547244 ] } coordIndex [ 0, 3, 2, 1, -1, 4, 5, 6, 7, -1, 0, 1, 5, 4, -1, 1, 2, 6, 5, -1, 2, 3, 7, 6, -1, 3, 0, 4, 7, -1 ] } }
Shape { appearance Appearance { material Material { diffuseColor 0.65 0.68 0.7 specularColor 0.25 0.25 0.25 shininess 0.3 } } geometry IndexedFaceSet { solid TRUE coord Coordinate { point [ 4.901575 -3.061024 4.350394, 5.255906 -3.061024 4.350394, 5.255906 -2.962598 4.350394, 4.901575 -2.962598 4.350394, 4.901575 -3.061024 4.547244, 5.255906 -3.061024 4.547244, 5.255906 -2.962598 4.547244, 4.901575 -2.962598 4.547244 ] } coordIndex [ 0, 3, 2, 1, -1, 4, 5, 6, 7, -1, 0, 1, 5, 4, -1, 1, 2, 6, 5, -1, 2, 3, 7, 6, -1, 3, 0, 4, 7, -1 ] } }
Shape { appearance Appearance { material Material { diffuseColor 0.65 0.68 0.7 specularColor 0.25 0.25 0.25 shininess 0.3 } } geometry IndexedFaceSet { solid TRUE coord Coordinate { point [ 4.901575 -2.549213 4.350394, 5.255906 -2.549213 4.350394, 5.255906 -2.450787 4.350394, 4.901575 -2.450787 4.350394, 4.901575 -2.549213 4.547244, 5.255906 -2.549213 4.547244, 5.255906 -2.450787 4.547244, 4.901575 -2.450787 4.547244 ] } coordIndex [ 0, 3, 2, 1, -1, 4, 5, 6, 7, -1, 0, 1, 5, 4, -1, 1, 2, 6, 5, -1, 2, 3, 7, 6, -1, 3, 0, 4, 7, -1 ] } }
Shape { appearance Appearance { material Material { diffuseColor 0.57 0.4 0.24 specularColor 0.25 0.25 0.25 shininess 0.3 } } geometry IndexedFaceSet { solid TRUE coord Coordinate { point [ 4.901575 -4.370079 4.350394, 5.255906 -4.370079 4.350394, 5.255906 -3.818898 4.350394, 4.901575 -3.818898 4.350394, 4.901575 -4.370079 4.547244, 5.255906 -4.370079 4.547244, 5.255906 -3.818898 4.547244, 4.901575 -3.818898 4.547244 ] } coordIndex [ 0, 3, 2, 1, -1, 4, 5, 6, 7, -1, 0, 1, 5, 4, -1, 1, 2, 6, 5, -1, 2, 3, 7, 6, -1, 3, 0, 4, 7, -1 ] } }
Shape { appearance Appearance { material Material { diffuseColor 0.65 0.68 0.7 specularColor 0.25 0.25 0.25 shininess 0.3 } } geometry IndexedFaceSet { solid TRUE coord Coordinate { point [ 4.901575 -4.399606 4.350394, 5.255906 -4.399606 4.350394, 5.255906 -4.301181 4.350394, 4.901575 -4.301181 4.350394, 4.901575 -4.399606 4.547244, 5.255906 -4.399606 4.547244, 5.255906 -4.301181 4.547244, 4.901575 -4.301181 4.547244 ] } coordIndex [ 0, 3, 2, 1, -1, 4, 5, 6, 7, -1, 0, 1, 5, 4, -1, 1, 2, 6, 5, -1, 2, 3, 7, 6, -1, 3, 0, 4, 7, -1 ] } }
Shape { appearance Appearance { material Material { diffuseColor 0.65 0.68 0.7 specularColor 0.25 0.25 0.25 shininess 0.3 } } geometry IndexedFaceSet { solid TRUE coord Coordinate { point [ 4.901575 -3.887795 4.350394, 5.255906 -3.887795 4.350394, 5.255906 -3.789370 4.350394, 4.901575 -3.789370 4.350394, 4.901575 -3.887795 4.547244, 5.255906 -3.887795 4.547244, 5.255906 -3.789370 4.547244, 4.901575 -3.789370 4.547244 ] } coordIndex [ 0, 3, 2, 1, -1, 4, 5, 6, 7, -1, 0, 1, 5, 4, -1, 1, 2, 6, 5, -1, 2, 3, 7, 6, -1, 3, 0, 4, 7, -1 ] } }
Shape { appearance Appearance { material Material { diffuseColor 0.57 0.4 0.24 specularColor 0.25 0.25 0.25 shininess 0.3 } } geometry IndexedFaceSet { solid TRUE coord Coordinate { point [ 4.901575 -5.708661 4.350394, 5.255906 -5.708661 4.350394, 5.255906 -5.157480 4.350394, 4.901575 -5.157480 4.350394, 4.901575 -5.708661 4.547244, 5.255906 -5.708661 4.547244, 5.255906 -5.157480 4.547244, 4.901575 -5.157480 4.547244 ] } coordIndex [ 0, 3, 2, 1, -1, 4, 5, 6, 7, -1, 0, 1, 5, 4, -1, 1, 2, 6, 5, -1, 2, 3, 7, 6, -1, 3, 0, 4, 7, -1 ] } }
Shape { appearance Appearance { material Material { diffuseColor 0.65 0.68 0.7 specularColor 0.25 0.25 0.25 shininess 0.3 } } geometry IndexedFaceSet { solid TRUE coord Coordinate { point [ 4.901575 -5.738189 4.350394, 5.255906 -5.738189 4.350394, 5.255906 -5.639764 4.350394, 4.901575 -5.639764 4.350394, 4.901575 -5.738189 4.547244, 5.255906 -5.738189 4.547244, 5.255906 -5.639764 4.547244, 4.901575 -5.639764 4.547244 ] } coordIndex [ 0, 3, 2, 1, -1, 4, 5, 6, 7, -1, 0, 1, 5, 4, -1, 1, 2, 6, 5, -1, 2, 3, 7, 6, -1, 3, 0, 4, 7, -1 ] } }
Shape { appearance Appearance { material Material { diffuseColor 0.65 0.68 0.7 specularColor 0.25 0.25 0.25 shininess 0.3 } } geometry IndexedFaceSet { solid TRUE coord Coordinate { point [ 4.901575 -5.226378 4.350394, 5.255906 -5.226378 4.350394, 5.255906 -5.127953 4.350394, 4.901575 -5.127953 4.350394, 4.901575 -5.226378 4.547244, 5.255906 -5.226378 4.547244, 5.255906 -5.127953 4.547244, 4.901575 -5.127953 4.547244 ] } coordIndex [ 0, 3, 2, 1, -1, 4, 5, 6, 7, -1, 0, 1, 5, 4, -1, 1, 2, 6, 5, -1, 2, 3, 7, 6, -1, 3, 0, 4, 7, -1 ] } }
Shape { appearance Appearance { material Material { diffuseColor 0.57 0.4 0.24 specularColor 0.25 0.25 0.25 shininess 0.3 } } geometry IndexedFaceSet { solid TRUE coord Coordinate { point [ 4.901575 -7.047244 4.350394, 5.255906 -7.047244 4.350394, 5.255906 -6.496063 4.350394, 4.901575 -6.496063 4.350394, 4.901575 -7.047244 4.547244, 5.255906 -7.047244 4.547244, 5.255906 -6.496063 4.547244, 4.901575 -6.496063 4.547244 ] } coordIndex [ 0, 3, 2, 1, -1, 4, 5, 6, 7, -1, 0, 1, 5, 4, -1, 1, 2, 6, 5, -1, 2, 3, 7, 6, -1, 3, 0, 4, 7, -1 ] } }
Shape { appearance Appearance { material Material { diffuseColor 0.65 0.68 0.7 specularColor 0.25 0.25 0.25 shininess 0.3 } } geometry IndexedFaceSet { solid TRUE coord Coordinate { point [ 4.901575 -7.076772 4.350394, 5.255906 -7.076772 4.350394, 5.255906 -6.978346 4.350394, 4.901575 -6.978346 4.350394, 4.901575 -7.076772 4.547244, 5.255906 -7.076772 4.547244, 5.255906 -6.978346 4.547244, 4.901575 -6.978346 4.547244 ] } coordIndex [ 0, 3, 2, 1, -1, 4, 5, 6, 7, -1, 0, 1, 5, 4, -1, 1, 2, 6, 5, -1, 2, 3, 7, 6, -1, 3, 0, 4, 7, -1 ] } }
Shape { appearance Appearance { material Material { diffuseColor 0.65 0.68 0.7 specularColor 0.25 0.25 0.25 shininess 0.3 } } geometry IndexedFaceSet { solid TRUE coord Coordinate { point [ 4.901575 -6.564961 4.350394, 5.255906 -6.564961 4.350394, 5.255906 -6.466535 4.350394, 4.901575 -6.466535 4.350394, 4.901575 -6.564961 4.547244, 5.255906 -6.564961 4.547244, 5.255906 -6.466535 4.547244, 4.901575 -6.466535 4.547244 ] } coordIndex [ 0, 3, 2, 1, -1, 4, 5, 6, 7, -1, 0, 1, 5, 4, -1, 1, 2, 6, 5, -1, 2, 3, 7, 6, -1, 3, 0, 4, 7, -1 ] } }
Shape { appearance Appearance { material Material { diffuseColor 0.57 0.4 0.24 specularColor 0.25 0.25 0.25 shininess 0.3 } } geometry IndexedFaceSet { solid TRUE coord Coordinate { point [ 4.901575 -8.385827 4.350394, 5.255906 -8.385827 4.350394, 5.255906 -7.834646 4.350394, 4.901575 -7.834646 4.350394, 4.901575 -8.385827 4.547244, 5.255906 -8.385827 4.547244, 5.255906 -7.834646 4.547244, 4.901575 -7.834646 4.547244 ] } coordIndex [ 0, 3, 2, 1, -1, 4, 5, 6, 7, -1, 0, 1, 5, 4, -1, 1, 2, 6, 5, -1, 2, 3, 7, 6, -1, 3, 0, 4, 7, -1 ] } }
Shape { appearance Appearance { material Material { diffuseColor 0.65 0.68 0.7 specularColor 0.25 0.25 0.25 shininess 0.3 } } geometry IndexedFaceSet { solid TRUE coord Coordinate { point [ 4.901575 -8.415354 4.350394, 5.255906 -8.415354 4.350394, 5.255906 -8.316929 4.350394, 4.901575 -8.316929 4.350394, 4.901575 -8.415354 4.547244, 5.255906 -8.415354 4.547244, 5.255906 -8.316929 4.547244, 4.901575 -8.316929 4.547244 ] } coordIndex [ 0, 3, 2, 1, -1, 4, 5, 6, 7, -1, 0, 1, 5, 4, -1, 1, 2, 6, 5, -1, 2, 3, 7, 6, -1, 3, 0, 4, 7, -1 ] } }
Shape { appearance Appearance { material Material { diffuseColor 0.65 0.68 0.7 specularColor 0.25 0.25 0.25 shininess 0.3 } } geometry IndexedFaceSet { solid TRUE coord Coordinate { point [ 4.901575 -7.903543 4.350394, 5.255906 -7.903543 4.350394, 5.255906 -7.805118 4.350394, 4.901575 -7.805118 4.350394, 4.901575 -7.903543 4.547244, 5.255906 -7.903543 4.547244, 5.255906 -7.805118 4.547244, 4.901575 -7.805118 4.547244 ] } coordIndex [ 0, 3, 2, 1, -1, 4, 5, 6, 7, -1, 0, 1, 5, 4, -1, 1, 2, 6, 5, -1, 2, 3, 7, 6, -1, 3, 0, 4, 7, -1 ] } }
Shape { appearance Appearance { material Material { diffuseColor 0.57 0.4 0.24 specularColor 0.25 0.25 0.25 shininess 0.3 } } geometry IndexedFaceSet { solid TRUE coord Coordinate { point [ 4.901575 -9.724409 4.350394, 5.255906 -9.724409 4.350394, 5.255906 -9.173228 4.350394, 4.901575 -9.173228 4.350394, 4.901575 -9.724409 4.547244, 5.255906 -9.724409 4.547244, 5.255906 -9.173228 4.547244, 4.901575 -9.173228 4.547244 ] } coordIndex [ 0, 3, 2, 1, -1, 4, 5, 6, 7, -1, 0, 1, 5, 4, -1, 1, 2, 6, 5, -1, 2, 3, 7, 6, -1, 3, 0, 4, 7, -1 ] } }
Shape { appearance Appearance { material Material { diffuseColor 0.65 0.68 0.7 specularColor 0.25 0.25 0.25 shininess 0.3 } } geometry IndexedFaceSet { solid TRUE coord Coordinate { point [ 4.901575 -9.753937 4.350394, 5.255906 -9.753937 4.350394, 5.255906 -9.655512 4.350394, 4.901575 -9.655512 4.350394, 4.901575 -9.753937 4.547244, 5.255906 -9.753937 4.547244, 5.255906 -9.655512 4.547244, 4.901575 -9.655512 4.547244 ] } coordIndex [ 0, 3, 2, 1, -1, 4, 5, 6, 7, -1, 0, 1, 5, 4, -1, 1, 2, 6, 5, -1, 2, 3, 7, 6, -1, 3, 0, 4, 7, -1 ] } }
Shape { appearance Appearance { material Material { diffuseColor 0.65 0.68 0.7 specularColor 0.25 0.25 0.25 shininess 0.3 } } geometry IndexedFaceSet { solid TRUE coord Coordinate { point [ 4.901575 -9.242126 4.350394, 5.255906 -9.242126 4.350394, 5.255906 -9.143701 4.350394, 4.901575 -9.143701 4.350394, 4.901575 -9.242126 4.547244, 5.255906 -9.242126 4.547244, 5.255906 -9.143701 4.547244, 4.901575 -9.143701 4.547244 ] } coordIndex [ 0, 3, 2, 1, -1, 4, 5, 6, 7, -1, 0, 1, 5, 4, -1, 1, 2, 6, 5, -1, 2, 3, 7, 6, -1, 3, 0, 4, 7, -1 ] } }
Shape { appearance Appearance { material Material { diffuseColor 0.57 0.4 0.24 specularColor 0.25 0.25 0.25 shininess 0.3 } } geometry IndexedFaceSet { solid TRUE coord Coordinate { point [ 4.901575 -11.062992 4.350394, 5.255906 -11.062992 4.350394, 5.255906 -10.511811 4.350394, 4.901575 -10.511811 4.350394, 4.901575 -11.062992 4.547244, 5.255906 -11.062992 4.547244, 5.255906 -10.511811 4.547244, 4.901575 -10.511811 4.547244 ] } coordIndex [ 0, 3, 2, 1, -1, 4, 5, 6, 7, -1, 0, 1, 5, 4, -1, 1, 2, 6, 5, -1, 2, 3, 7, 6, -1, 3, 0, 4, 7, -1 ] } }
Shape { appearance Appearance { material Material { diffuseColor 0.65 0.68 0.7 specularColor 0.25 0.25 0.25 shininess 0.3 } } geometry IndexedFaceSet { solid TRUE coord Coordinate { point [ 4.901575 -11.092520 4.350394, 5.255906 -11.092520 4.350394, 5.255906 -10.994094 4.350394, 4.901575 -10.994094 4.350394, 4.901575 -11.092520 4.547244, 5.255906 -11.092520 4.547244, 5.255906 -10.994094 4.547244, 4.901575 -10.994094 4.547244 ] } coordIndex [ 0, 3, 2, 1, -1, 4, 5, 6, 7, -1, 0, 1, 5, 4, -1, 1, 2, 6, 5, -1, 2, 3, 7, 6, -1, 3, 0, 4, 7, -1 ] } }
Shape { appearance Appearance { material Material { diffuseColor 0.65 0.68 0.7 specularColor 0.25 0.25 0.25 shininess 0.3 } } geometry IndexedFaceSet { solid TRUE coord Coordinate { point [ 4.901575 -10.580709 4.350394, 5.255906 -10.580709 4.350394, 5.255906 -10.482283 4.350394, 4.901575 -10.482283 4.350394, 4.901575 -10.580709 4.547244, 5.255906 -10.580709 4.547244, 5.255906 -10.482283 4.547244, 4.901575 -10.482283 4.547244 ] } coordIndex [ 0, 3, 2, 1, -1, 4, 5, 6, 7, -1, 0, 1, 5, 4, -1, 1, 2, 6, 5, -1, 2, 3, 7, 6, -1, 3, 0, 4, 7, -1 ] } }
Shape { appearance Appearance { material Material { diffuseColor 0.57 0.4 0.24 specularColor 0.25 0.25 0.25 shininess 0.3 } } geometry IndexedFaceSet { solid TRUE coord Coordinate { point [ 4.901575 -12.401575 4.350394, 5.255906 -12.401575 4.350394, 5.255906 -11.850394 4.350394, 4.901575 -11.850394 4.350394, 4.901575 -12.401575 4.547244, 5.255906 -12.401575 4.547244, 5.255906 -11.850394 4.547244, 4.901575 -11.850394 4.547244 ] } coordIndex [ 0, 3, 2, 1, -1, 4, 5, 6, 7, -1, 0, 1, 5, 4, -1, 1, 2, 6, 5, -1, 2, 3, 7, 6, -1, 3, 0, 4, 7, -1 ] } }
Shape { appearance Appearance { material Material { diffuseColor 0.65 0.68 0.7 specularColor 0.25 0.25 0.25 shininess 0.3 } } geometry IndexedFaceSet { solid TRUE coord Coordinate { point [ 4.901575 -12.431102 4.350394, 5.255906 -12.431102 4.350394, 5.255906 -12.332677 4.350394, 4.901575 -12.332677 4.350394, 4.901575 -12.431102 4.547244, 5.255906 -12.431102 4.547244, 5.255906 -12.332677 4.547244, 4.901575 -12.332677 4.547244 ] } coordIndex [ 0, 3, 2, 1, -1, 4, 5, 6, 7, -1, 0, 1, 5, 4, -1, 1, 2, 6, 5, -1, 2, 3, 7, 6, -1, 3, 0, 4, 7, -1 ] } }
Shape { appearance Appearance { material Material { diffuseColor 0.65 0.68 0.7 specularColor 0.25 0.25 0.25 shininess 0.3 } } geometry IndexedFaceSet { solid TRUE coord Coordinate { point [ 4.901575 -11.919291 4.350394, 5.255906 -11.919291 4.350394, 5.255906 -11.820866 4.350394, 4.901575 -11.820866 4.350394, 4.901575 -11.919291 4.547244, 5.255906 -11.919291 4.547244, 5.255906 -11.820866 4.547244, 4.901575 -11.820866 4.547244 ] } coordIndex [ 0, 3, 2, 1, -1, 4, 5, 6, 7, -1, 0, 1, 5, 4, -1, 1, 2, 6, 5, -1, 2, 3, 7, 6, -1, 3, 0, 4, 7, -1 ] } }
Shape { appearance Appearance { material Material { diffuseColor 0.57 0.4 0.24 specularColor 0.25 0.25 0.25 shininess 0.3 } } geometry IndexedFaceSet { solid TRUE coord Coordinate { point [ 4.901575 -13.740157 4.350394, 5.255906 -13.740157 4.350394, 5.255906 -13.188976 4.350394, 4.901575 -13.188976 4.350394, 4.901575 -13.740157 4.547244, 5.255906 -13.740157 4.547244, 5.255906 -13.188976 4.547244, 4.901575 -13.188976 4.547244 ] } coordIndex [ 0, 3, 2, 1, -1, 4, 5, 6, 7, -1, 0, 1, 5, 4, -1, 1, 2, 6, 5, -1, 2, 3, 7, 6, -1, 3, 0, 4, 7, -1 ] } }
Shape { appearance Appearance { material Material { diffuseColor 0.65 0.68 0.7 specularColor 0.25 0.25 0.25 shininess 0.3 } } geometry IndexedFaceSet { solid TRUE coord Coordinate { point [ 4.901575 -13.769685 4.350394, 5.255906 -13.769685 4.350394, 5.255906 -13.671260 4.350394, 4.901575 -13.671260 4.350394, 4.901575 -13.769685 4.547244, 5.255906 -13.769685 4.547244, 5.255906 -13.671260 4.547244, 4.901575 -13.671260 4.547244 ] } coordIndex [ 0, 3, 2, 1, -1, 4, 5, 6, 7, -1, 0, 1, 5, 4, -1, 1, 2, 6, 5, -1, 2, 3, 7, 6, -1, 3, 0, 4, 7, -1 ] } }
Shape { appearance Appearance { material Material { diffuseColor 0.65 0.68 0.7 specularColor 0.25 0.25 0.25 shininess 0.3 } } geometry IndexedFaceSet { solid TRUE coord Coordinate { point [ 4.901575 -13.257874 4.350394, 5.255906 -13.257874 4.350394, 5.255906 -13.159449 4.350394, 4.901575 -13.159449 4.350394, 4.901575 -13.257874 4.547244, 5.255906 -13.257874 4.547244, 5.255906 -13.159449 4.547244, 4.901575 -13.159449 4.547244 ] } coordIndex [ 0, 3, 2, 1, -1, 4, 5, 6, 7, -1, 0, 1, 5, 4, -1, 1, 2, 6, 5, -1, 2, 3, 7, 6, -1, 3, 0, 4, 7, -1 ] } }
Shape { appearance Appearance { material Material { diffuseColor 0.57 0.4 0.24 specularColor 0.25 0.25 0.25 shininess 0.3 } } geometry IndexedFaceSet { solid TRUE coord Coordinate { point [ 4.901575 -15.078740 4.350394, 5.255906 -15.078740 4.350394, 5.255906 -14.527559 4.350394, 4.901575 -14.527559 4.350394, 4.901575 -15.078740 4.547244, 5.255906 -15.078740 4.547244, 5.255906 -14.527559 4.547244, 4.901575 -14.527559 4.547244 ] } coordIndex [ 0, 3, 2, 1, -1, 4, 5, 6, 7, -1, 0, 1, 5, 4, -1, 1, 2, 6, 5, -1, 2, 3, 7, 6, -1, 3, 0, 4, 7, -1 ] } }
Shape { appearance Appearance { material Material { diffuseColor 0.65 0.68 0.7 specularColor 0.25 0.25 0.25 shininess 0.3 } } geometry IndexedFaceSet { solid TRUE coord Coordinate { point [ 4.901575 -15.108268 4.350394, 5.255906 -15.108268 4.350394, 5.255906 -15.009843 4.350394, 4.901575 -15.009843 4.350394, 4.901575 -15.108268 4.547244, 5.255906 -15.108268 4.547244, 5.255906 -15.009843 4.547244, 4.901575 -15.009843 4.547244 ] } coordIndex [ 0, 3, 2, 1, -1, 4, 5, 6, 7, -1, 0, 1, 5, 4, -1, 1, 2, 6, 5, -1, 2, 3, 7, 6, -1, 3, 0, 4, 7, -1 ] } }
Shape { appearance Appearance { material Material { diffuseColor 0.65 0.68 0.7 specularColor 0.25 0.25 0.25 shininess 0.3 } } geometry IndexedFaceSet { solid TRUE coord Coordinate { point [ 4.901575 -14.596457 4.350394, 5.255906 -14.596457 4.350394, 5.255906 -14.498031 4.350394, 4.901575 -14.498031 4.350394, 4.901575 -14.596457 4.547244, 5.255906 -14.596457 4.547244, 5.255906 -14.498031 4.547244, 4.901575 -14.498031 4.547244 ] } coordIndex [ 0, 3, 2, 1, -1, 4, 5, 6, 7, -1, 0, 1, 5, 4, -1, 1, 2, 6, 5, -1, 2, 3, 7, 6, -1, 3, 0, 4, 7, -1 ] } }
Shape { appearance Appearance { material Material { diffuseColor 0.65 0.68 0.7 specularColor 0.25 0.25 0.25 shininess 0.3 } } geometry IndexedFaceSet { solid TRUE coord Coordinate { point [ 1.503937 -1.082677 4.350394, 4.496063 -1.082677 4.350394, 4.496063 1.122047 4.350394, 1.503937 1.122047 4.350394, 1.503937 -1.082677 5.452756, 4.496063 -1.082677 5.452756, 4.496063 1.122047 5.452756, 1.503937 1.122047 5.452756 ] } coordIndex [ 0, 3, 2, 1, -1, 4, 5, 6, 7, -1, 0, 1, 5, 4, -1, 1, 2, 6, 5, -1, 2, 3, 7, 6, -1, 3, 0, 4, 7, -1 ] } }
Shape { appearance Appearance { material Material { diffuseColor 0.035 0.04 0.045 specularColor 0.25 0.25 0.25 shininess 0.3 } } geometry IndexedFaceSet { solid TRUE coord Coordinate { point [ 1.720472 1.110236 4.547244, 4.279528 1.110236 4.547244, 4.279528 1.157480 4.547244, 1.720472 1.157480 4.547244, 1.720472 1.110236 5.255906, 4.279528 1.110236 5.255906, 4.279528 1.157480 5.255906, 1.720472 1.157480 5.255906 ] } coordIndex [ 0, 3, 2, 1, -1, 4, 5, 6, 7, -1, 0, 1, 5, 4, -1, 1, 2, 6, 5, -1, 2, 3, 7, 6, -1, 3, 0, 4, 7, -1 ] } }
Shape { appearance Appearance { material Material { diffuseColor 0.19 0.2 0.21 specularColor 0.25 0.25 0.25 shininess 0.3 } } geometry IndexedFaceSet { solid TRUE coord Coordinate { point [ 2.173228 1.141732 4.685039, 3.826772 1.141732 4.685039, 3.826772 1.188976 4.685039, 2.173228 1.188976 4.685039, 2.173228 1.141732 4.881890, 3.826772 1.141732 4.881890, 3.826772 1.188976 4.881890, 2.173228 1.188976 4.881890 ] } coordIndex [ 0, 3, 2, 1, -1, 4, 5, 6, 7, -1, 0, 1, 5, 4, -1, 1, 2, 6, 5, -1, 2, 3, 7, 6, -1, 3, 0, 4, 7, -1 ] } }
Shape { appearance Appearance { material Material { diffuseColor 0.65 0.68 0.7 specularColor 0.25 0.25 0.25 shininess 0.3 } } geometry IndexedFaceSet { solid TRUE coord Coordinate { point [ 1.062992 -16.259843 4.370079, 2.874016 -16.259843 4.370079, 2.874016 -14.448819 4.370079, 1.062992 -14.448819 4.370079, 1.062992 -16.259843 4.763780, 2.874016 -16.259843 4.763780, 2.874016 -14.448819 4.763780, 1.062992 -14.448819 4.763780 ] } coordIndex [ 0, 3, 2, 1, -1, 4, 5, 6, 7, -1, 0, 1, 5, 4, -1, 1, 2, 6, 5, -1, 2, 3, 7, 6, -1, 3, 0, 4, 7, -1 ] } }
Shape { appearance Appearance { material Material { diffuseColor 0.42 0.2 0.13 specularColor 0.25 0.25 0.25 shininess 0.3 } } geometry IndexedFaceSet { solid TRUE coord Coordinate { point [ 2.460630 -15.354331 4.704724, 2.451174 -15.258322 4.704724, 2.423169 -15.166002 4.704724, 2.377692 -15.080920 4.704724, 2.316490 -15.006345 4.704724, 2.241914 -14.945143 4.704724, 2.156832 -14.899666 4.704724, 2.064513 -14.871661 4.704724, 1.968504 -14.862205 4.704724, 1.872495 -14.871661 4.704724, 1.780175 -14.899666 4.704724, 1.695093 -14.945143 4.704724, 1.620518 -15.006345 4.704724, 1.559316 -15.080920 4.704724, 1.513839 -15.166002 4.704724, 1.485834 -15.258322 4.704724, 1.476378 -15.354331 4.704724, 1.485834 -15.450340 4.704724, 1.513839 -15.542659 4.704724, 1.559316 -15.627741 4.704724, 1.620518 -15.702316 4.704724, 1.695093 -15.763519 4.704724, 1.780175 -15.808996 4.704724, 1.872495 -15.837001 4.704724, 1.968504 -15.846457 4.704724, 2.064513 -15.837001 4.704724, 2.156832 -15.808996 4.704724, 2.241914 -15.763519 4.704724, 2.316490 -15.702316 4.704724, 2.377692 -15.627741 4.704724, 2.423169 -15.542659 4.704724, 2.451174 -15.450340 4.704724, 2.460630 -15.354331 5.019685, 2.451174 -15.258322 5.019685, 2.423169 -15.166002 5.019685, 2.377692 -15.080920 5.019685, 2.316490 -15.006345 5.019685, 2.241914 -14.945143 5.019685, 2.156832 -14.899666 5.019685, 2.064513 -14.871661 5.019685, 1.968504 -14.862205 5.019685, 1.872495 -14.871661 5.019685, 1.780175 -14.899666 5.019685, 1.695093 -14.945143 5.019685, 1.620518 -15.006345 5.019685, 1.559316 -15.080920 5.019685, 1.513839 -15.166002 5.019685, 1.485834 -15.258322 5.019685, 1.476378 -15.354331 5.019685, 1.485834 -15.450340 5.019685, 1.513839 -15.542659 5.019685, 1.559316 -15.627741 5.019685, 1.620518 -15.702316 5.019685, 1.695093 -15.763519 5.019685, 1.780175 -15.808996 5.019685, 1.872495 -15.837001 5.019685, 1.968504 -15.846457 5.019685, 2.064513 -15.837001 5.019685, 2.156832 -15.808996 5.019685, 2.241914 -15.763519 5.019685, 2.316490 -15.702316 5.019685, 2.377692 -15.627741 5.019685, 2.423169 -15.542659 5.019685, 2.451174 -15.450340 5.019685 ] } coordIndex [ 31, 30, 29, 28, 27, 26, 25, 24, 23, 22, 21, 20, 19, 18, 17, 16, 15, 14, 13, 12, 11, 10, 9, 8, 7, 6, 5, 4, 3, 2, 1, 0, -1, 32, 33, 34, 35, 36, 37, 38, 39, 40, 41, 42, 43, 44, 45, 46, 47, 48, 49, 50, 51, 52, 53, 54, 55, 56, 57, 58, 59, 60, 61, 62, 63, -1, 0, 1, 33, 32, -1, 1, 2, 34, 33, -1, 2, 3, 35, 34, -1, 3, 4, 36, 35, -1, 4, 5, 37, 36, -1, 5, 6, 38, 37, -1, 6, 7, 39, 38, -1, 7, 8, 40, 39, -1, 8, 9, 41, 40, -1, 9, 10, 42, 41, -1, 10, 11, 43, 42, -1, 11, 12, 44, 43, -1, 12, 13, 45, 44, -1, 13, 14, 46, 45, -1, 14, 15, 47, 46, -1, 15, 16, 48, 47, -1, 16, 17, 49, 48, -1, 17, 18, 50, 49, -1, 18, 19, 51, 50, -1, 19, 20, 52, 51, -1, 20, 21, 53, 52, -1, 21, 22, 54, 53, -1, 22, 23, 55, 54, -1, 23, 24, 56, 55, -1, 24, 25, 57, 56, -1, 25, 26, 58, 57, -1, 26, 27, 59, 58, -1, 27, 28, 60, 59, -1, 28, 29, 61, 60, -1, 29, 30, 62, 61, -1, 30, 31, 63, 62, -1, 31, 0, 32, 63, -1 ] } }
Shape { appearance Appearance { material Material { diffuseColor 0.65 0.68 0.7 specularColor 0.25 0.25 0.25 shininess 0.3 } } geometry IndexedFaceSet { solid TRUE coord Coordinate { point [ 0.342520 -23.070866 4.350394, 5.657480 -23.070866 4.350394, 5.657480 -17.244094 4.350394, 0.342520 -17.244094 4.350394, 0.342520 -23.070866 5.177165, 5.657480 -23.070866 5.177165, 5.657480 -17.244094 5.177165, 0.342520 -17.244094 5.177165 ] } coordIndex [ 0, 3, 2, 1, -1, 4, 5, 6, 7, -1, 0, 1, 5, 4, -1, 1, 2, 6, 5, -1, 2, 3, 7, 6, -1, 3, 0, 4, 7, -1 ] } }
Shape { appearance Appearance { material Material { diffuseColor 0.035 0.04 0.045 specularColor 0.25 0.25 0.25 shininess 0.3 } } geometry IndexedFaceSet { solid TRUE coord Coordinate { point [ 0.677165 -23.114173 4.557087, 5.322835 -23.114173 4.557087, 5.322835 -23.066929 4.557087, 0.677165 -23.066929 4.557087, 0.677165 -23.114173 5.009843, 5.322835 -23.114173 5.009843, 5.322835 -23.066929 5.009843, 0.677165 -23.066929 5.009843 ] } coordIndex [ 0, 3, 2, 1, -1, 4, 5, 6, 7, -1, 0, 1, 5, 4, -1, 1, 2, 6, 5, -1, 2, 3, 7, 6, -1, 3, 0, 4, 7, -1 ] } }
Shape { appearance Appearance { material Material { diffuseColor 0.56 0.59 0.6 specularColor 0.25 0.25 0.25 shininess 0.3 } } geometry IndexedFaceSet { solid TRUE coord Coordinate { point [ 1.228346 -21.535433 5.175197, 4.771654 -21.535433 5.175197, 4.771654 -18.779528 5.175197, 1.228346 -18.779528 5.175197, 1.228346 -21.535433 5.202756, 4.771654 -21.535433 5.202756, 4.771654 -18.779528 5.202756, 1.228346 -18.779528 5.202756 ] } coordIndex [ 0, 3, 2, 1, -1, 4, 5, 6, 7, -1, 0, 1, 5, 4, -1, 1, 2, 6, 5, -1, 2, 3, 7, 6, -1, 3, 0, 4, 7, -1 ] } }
