:0200000460009A
:100000004643464200000156000000000103030081
:1000100000000000000000000000000000000000E0
:1000200000000000000000000000000000000000D0
:1000300000000000000000000000000000000000C0
:1000400000000000010408000000000000000000A3
:100050000000800000000000000000000000000020
:100060000000000000000000000000000000000090
:100070000000000000000000000000000000000080
:10008000EB04180A063204260000000000000000FD
:10009000050404240000000000000000000000002F
:1000A0000000000000000000000000000000000050
:1000B0000604000000000000000000000000000036
:1000C0000000000000000000000000000000000030
:1000D00020041808000000000000000000000000DC
:1000E0000000000000000000000000000000000010
:1000F0000000000000000000000000000000000000
:10010000D8041808000000000000000000000000F3
:100110000204180804200000000000000000000095
:1001200000000000000000000000000000000000CF
:10013000600400000000000000000000000000005B
:1001400000000000000000000000000000000000AF
:10015000000000000000000000000000000000009F
:10016000000000000000000000000000000000008F
:10017000000000000000000000000000000000007F
:10018000000000000000000000000000000000006F
:10019000000000000000000000000000000000005F
:1001A000000000000000000000000000000000004F
:1001B000000000000000000000000000000000003F
:1001C000000100000010000001000000000000001D
:1001D000000001000000000000000000000000001E
:1001E000000000000000000000000000000000000F
:1001F00000000000000000000000000000000000FF
:10020000FFFFFFFFFFFFFFFFFFFFFFFFFFFFFFFFFE
:10021000FFFFFFFFFFFFFFFFFFFFFFFFFFFFFFFFEE
:10022000FFFFFFFFFFFFFFFFFFFFFFFFFFFFFFFFDE
:10023000FFFFFFFFFFFFFFFFFFFFFFFFFFFFFFFFCE
:10024000FFFFFFFFFFFFFFFFFFFFFFFFFFFFFFFFBE
:10025000FFFFFFFFFFFFFFFFFFFFFFFFFFFFFFFFAE
:10026000FFFFFFFFFFFFFFFFFFFFFFFFFFFFFFFF9E
:10027000FFFFFFFFFFFFFFFFFFFFFFFFFFFFFFFF8E
:10028000FFFFFFFFFFFFFFFFFFFFFFFFFFFFFFFF7E
:10029000FFFFFFFFFFFFFFFFFFFFFFFFFFFFFFFF6E
:1002A000FFFFFFFFFFFFFFFFFFFFFFFFFFFFFFFF5E
:1002B000FFFFFFFFFFFFFFFFFFFFFFFFFFFFFFFF4E
:1002C000FFFFFFFFFFFFFFFFFFFFFFFFFFFFFFFF3E
:1002D000FFFFFFFFFFFFFFFFFFFFFFFFFFFFFFFF2E
:1002E000FFFFFFFFFFFFFFFFFFFFFFFFFFFFFFFF1E
:1002F000FFFFFFFFFFFFFFFFFFFFFFFFFFFFFFFF0E
:10030000FFFFFFFFFFFFFFFFFFFFFFFFFFFFFFFFFD
:10031000FFFFFFFFFFFFFFFFFFFFFFFFFFFFFFFFED
:10032000FFFFFFFFFFFFFFFFFFFFFFFFFFFFFFFFDD
:10033000FFFFFFFFFFFFFFFFFFFFFFFFFFFFFFFFCD
:10034000FFFFFFFFFFFFFFFFFFFFFFFFFFFFFFFFBD
:10035000FFFFFFFFFFFFFFFFFFFFFFFFFFFFFFFFAD
:10036000FFFFFFFFFFFFFFFFFFFFFFFFFFFFFFFF9D
:10037000FFFFFFFFFFFFFFFFFFFFFFFFFFFFFFFF8D
:10038000FFFFFFFFFFFFFFFFFFFFFFFFFFFFFFFF7D
:10039000FFFFFFFFFFFFFFFFFFFFFFFFFFFFFFFF6D
:1003A000FFFFFFFFFFFFFFFFFFFFFFFFFFFFFFFF5D
:1003B000FFFFFFFFFFFFFFFFFFFFFFFFFFFFFFFF4D
:1003C000FFFFFFFFFFFFFFFFFFFFFFFFFFFFFFFF3D
:1003D000FFFFFFFFFFFFFFFFFFFFFFFFFFFFFFFF2D
:1003E000FFFFFFFFFFFFFFFFFFFFFFFFFFFFFFFF1D
:1003F000FFFFFFFFFFFFFFFFFFFFFFFFFFFFFFFF0D
:10040000FFFFFFFFFFFFFFFFFFFFFFFFFFFFFFFFFC
:10041000FFFFFFFFFFFFFFFFFFFFFFFFFFFFFFFFEC
:10042000FFFFFFFFFFFFFFFFFFFFFFFFFFFFFFFFDC
:10043000FFFFFFFFFFFFFFFFFFFFFFFFFFFFFFFFCC
:10044000FFFFFFFFFFFFFFFFFFFFFFFFFFFFFFFFBC
:10045000FFFFFFFFFFFFFFFFFFFFFFFFFFFFFFFFAC
:10046000FFFFFFFFFFFFFFFFFFFFFFFFFFFFFFFF9C
:10047000FFFFFFFFFFFFFFFFFFFFFFFFFFFFFFFF8C
:10048000FFFFFFFFFFFFFFFFFFFFFFFFFFFFFFFF7C
:10049000FFFFFFFFFFFFFFFFFFFFFFFFFFFFFFFF6C
:1004A000FFFFFFFFFFFFFFFFFFFFFFFFFFFFFFFF5C
:1004B000FFFFFFFFFFFFFFFFFFFFFFFFFFFFFFFF4C
:1004C000FFFFFFFFFFFFFFFFFFFFFFFFFFFFFFFF3C
:1004D000FFFFFFFFFFFFFFFFFFFFFFFFFFFFFFFF2C
:1004E000FFFFFFFFFFFFFFFFFFFFFFFFFFFFFFFF1C
:1004F000FFFFFFFFFFFFFFFFFFFFFFFFFFFFFFFF0C
:10050000FFFFFFFFFFFFFFFFFFFFFFFFFFFFFFFFFB
:10051000FFFFFFFFFFFFFFFFFFFFFFFFFFFFFFFFEB
:10052000FFFFFFFFFFFFFFFFFFFFFFFFFFFFFFFFDB
:10053000FFFFFFFFFFFFFFFFFFFFFFFFFFFFFFFFCB
:10054000FFFFFFFFFFFFFFFFFFFFFFFFFFFFFFFFBB
:10055000FFFFFFFFFFFFFFFFFFFFFFFFFFFFFFFFAB
:10056000FFFFFFFFFFFFFFFFFFFFFFFFFFFFFFFF9B
:10057000FFFFFFFFFFFFFFFFFFFFFFFFFFFFFFFF8B
:10058000FFFFFFFFFFFFFFFFFFFFFFFFFFFFFFFF7B
:10059000FFFFFFFFFFFFFFFFFFFFFFFFFFFFFFFF6B
:1005A000FFFFFFFFFFFFFFFFFFFFFFFFFFFFFFFF5B
:1005B000FFFFFFFFFFFFFFFFFFFFFFFFFFFFFFFF4B
:1005C000FFFFFFFFFFFFFFFFFFFFFFFFFFFFFFFF3B
:1005D000FFFFFFFFFFFFFFFFFFFFFFFFFFFFFFFF2B
:1005E000FFFFFFFFFFFFFFFFFFFFFFFFFFFFFFFF1B
:1005F000FFFFFFFFFFFFFFFFFFFFFFFFFFFFFFFF0B
:10060000FFFFFFFFFFFFFFFFFFFFFFFFFFFFFFFFFA
:10061000FFFFFFFFFFFFFFFFFFFFFFFFFFFFFFFFEA
:10062000FFFFFFFFFFFFFFFFFFFFFFFFFFFFFFFFDA
:10063000FFFFFFFFFFFFFFFFFFFFFFFFFFFFFFFFCA
:10064000FFFFFFFFFFFFFFFFFFFFFFFFFFFFFFFFBA
:10065000FFFFFFFFFFFFFFFFFFFFFFFFFFFFFFFFAA
:10066000FFFFFFFFFFFFFFFFFFFFFFFFFFFFFFFF9A
:10067000FFFFFFFFFFFFFFFFFFFFFFFFFFFFFFFF8A
:10068000FFFFFFFFFFFFFFFFFFFFFFFFFFFFFFFF7A
:10069000FFFFFFFFFFFFFFFFFFFFFFFFFFFFFFFF6A
:1006A000FFFFFFFFFFFFFFFFFFFFFFFFFFFFFFFF5A
:1006B000FFFFFFFFFFFFFFFFFFFFFFFFFFFFFFFF4A
:1006C000FFFFFFFFFFFFFFFFFFFFFFFFFFFFFFFF3A
:1006D000FFFFFFFFFFFFFFFFFFFFFFFFFFFFFFFF2A
:1006E000FFFFFFFFFFFFFFFFFFFFFFFFFFFFFFFF1A
:1006F000FFFFFFFFFFFFFFFFFFFFFFFFFFFFFFFF0A
:10070000FFFFFFFFFFFFFFFFFFFFFFFFFFFFFFFFF9
:10071000FFFFFFFFFFFFFFFFFFFFFFFFFFFFFFFFE9
:10072000FFFFFFFFFFFFFFFFFFFFFFFFFFFFFFFFD9
:10073000FFFFFFFFFFFFFFFFFFFFFFFFFFFFFFFFC9
:10074000FFFFFFFFFFFFFFFFFFFFFFFFFFFFFFFFB9
:10075000FFFFFFFFFFFFFFFFFFFFFFFFFFFFFFFFA9
:10076000FFFFFFFFFFFFFFFFFFFFFFFFFFFFFFFF99
:10077000FFFFFFFFFFFFFFFFFFFFFFFFFFFFFFFF89
:10078000FFFFFFFFFFFFFFFFFFFFFFFFFFFFFFFF79
:10079000FFFFFFFFFFFFFFFFFFFFFFFFFFFFFFFF69
:1007A000FFFFFFFFFFFFFFFFFFFFFFFFFFFFFFFF59
:1007B000FFFFFFFFFFFFFFFFFFFFFFFFFFFFFFFF49
:1007C000FFFFFFFFFFFFFFFFFFFFFFFFFFFFFFFF39
:1007D000FFFFFFFFFFFFFFFFFFFFFFFFFFFFFFFF29
:1007E000FFFFFFFFFFFFFFFFFFFFFFFFFFFFFFFF19
:1007F000FFFFFFFFFFFFFFFFFFFFFFFFFFFFFFFF09
:10080000FFFFFFFFFFFFFFFFFFFFFFFFFFFFFFFFF8
:10081000FFFFFFFFFFFFFFFFFFFFFFFFFFFFFFFFE8
:10082000FFFFFFFFFFFFFFFFFFFFFFFFFFFFFFFFD8
:10083000FFFFFFFFFFFFFFFFFFFFFFFFFFFFFFFFC8
:10084000FFFFFFFFFFFFFFFFFFFFFFFFFFFFFFFFB8
:10085000FFFFFFFFFFFFFFFFFFFFFFFFFFFFFFFFA8
:10086000FFFFFFFFFFFFFFFFFFFFFFFFFFFFFFFF98
:10087000FFFFFFFFFFFFFFFFFFFFFFFFFFFFFFFF88
:10088000FFFFFFFFFFFFFFFFFFFFFFFFFFFFFFFF78
:10089000FFFFFFFFFFFFFFFFFFFFFFFFFFFFFFFF68
:1008A000FFFFFFFFFFFFFFFFFFFFFFFFFFFFFFFF58
:1008B000FFFFFFFFFFFFFFFFFFFFFFFFFFFFFFFF48
:1008C000FFFFFFFFFFFFFFFFFFFFFFFFFFFFFFFF38
:1008D000FFFFFFFFFFFFFFFFFFFFFFFFFFFFFFFF28
:1008E000FFFFFFFFFFFFFFFFFFFFFFFFFFFFFFFF18
:1008F000FFFFFFFFFFFFFFFFFFFFFFFFFFFFFFFF08
:10090000FFFFFFFFFFFFFFFFFFFFFFFFFFFFFFFFF7
:10091000FFFFFFFFFFFFFFFFFFFFFFFFFFFFFFFFE7
:10092000FFFFFFFFFFFFFFFFFFFFFFFFFFFFFFFFD7
:10093000FFFFFFFFFFFFFFFFFFFFFFFFFFFFFFFFC7
:10094000FFFFFFFFFFFFFFFFFFFFFFFFFFFFFFFFB7
:10095000FFFFFFFFFFFFFFFFFFFFFFFFFFFFFFFFA7
:10096000FFFFFFFFFFFFFFFFFFFFFFFFFFFFFFFF97
:10097000FFFFFFFFFFFFFFFFFFFFFFFFFFFFFFFF87
:10098000FFFFFFFFFFFFFFFFFFFFFFFFFFFFFFFF77
:10099000FFFFFFFFFFFFFFFFFFFFFFFFFFFFFFFF67
:1009A000FFFFFFFFFFFFFFFFFFFFFFFFFFFFFFFF57
:1009B000FFFFFFFFFFFFFFFFFFFFFFFFFFFFFFFF47
:1009C000FFFFFFFFFFFFFFFFFFFFFFFFFFFFFFFF37
:1009D000FFFFFFFFFFFFFFFFFFFFFFFFFFFFFFFF27
:1009E000FFFFFFFFFFFFFFFFFFFFFFFFFFFFFFFF17
:1009F000FFFFFFFFFFFFFFFFFFFFFFFFFFFFFFFF07
:100A0000FFFFFFFFFFFFFFFFFFFFFFFFFFFFFFFFF6
:100A1000FFFFFFFFFFFFFFFFFFFFFFFFFFFFFFFFE6
:100A2000FFFFFFFFFFFFFFFFFFFFFFFFFFFFFFFFD6
:100A3000FFFFFFFFFFFFFFFFFFFFFFFFFFFFFFFFC6
:100A4000FFFFFFFFFFFFFFFFFFFFFFFFFFFFFFFFB6
:100A5000FFFFFFFFFFFFFFFFFFFFFFFFFFFFFFFFA6
:100A6000FFFFFFFFFFFFFFFFFFFFFFFFFFFFFFFF96
:100A7000FFFFFFFFFFFFFFFFFFFFFFFFFFFFFFFF86
:100A8000FFFFFFFFFFFFFFFFFFFFFFFFFFFFFFFF76
:100A9000FFFFFFFFFFFFFFFFFFFFFFFFFFFFFFFF66
:100AA000FFFFFFFFFFFFFFFFFFFFFFFFFFFFFFFF56
:100AB000FFFFFFFFFFFFFFFFFFFFFFFFFFFFFFFF46
:100AC000FFFFFFFFFFFFFFFFFFFFFFFFFFFFFFFF36
:100AD000FFFFFFFFFFFFFFFFFFFFFFFFFFFFFFFF26
:100AE000FFFFFFFFFFFFFFFFFFFFFFFFFFFFFFFF16
:100AF000FFFFFFFFFFFFFFFFFFFFFFFFFFFFFFFF06
:100B0000FFFFFFFFFFFFFFFFFFFFFFFFFFFFFFFFF5
:100B1000FFFFFFFFFFFFFFFFFFFFFFFFFFFFFFFFE5
:100B2000FFFFFFFFFFFFFFFFFFFFFFFFFFFFFFFFD5
:100B3000FFFFFFFFFFFFFFFFFFFFFFFFFFFFFFFFC5
:100B4000FFFFFFFFFFFFFFFFFFFFFFFFFFFFFFFFB5
:100B5000FFFFFFFFFFFFFFFFFFFFFFFFFFFFFFFFA5
:100B6000FFFFFFFFFFFFFFFFFFFFFFFFFFFFFFFF95
:100B7000FFFFFFFFFFFFFFFFFFFFFFFFFFFFFFFF85
:100B8000FFFFFFFFFFFFFFFFFFFFFFFFFFFFFFFF75
:100B9000FFFFFFFFFFFFFFFFFFFFFFFFFFFFFFFF65
:100BA000FFFFFFFFFFFFFFFFFFFFFFFFFFFFFFFF55
:100BB000FFFFFFFFFFFFFFFFFFFFFFFFFFFFFFFF45
:100BC000FFFFFFFFFFFFFFFFFFFFFFFFFFFFFFFF35
:100BD000FFFFFFFFFFFFFFFFFFFFFFFFFFFFFFFF25
:100BE000FFFFFFFFFFFFFFFFFFFFFFFFFFFFFFFF15
:100BF000FFFFFFFFFFFFFFFFFFFFFFFFFFFFFFFF05
:100C0000FFFFFFFFFFFFFFFFFFFFFFFFFFFFFFFFF4
:100C1000FFFFFFFFFFFFFFFFFFFFFFFFFFFFFFFFE4
:100C2000FFFFFFFFFFFFFFFFFFFFFFFFFFFFFFFFD4
:100C3000FFFFFFFFFFFFFFFFFFFFFFFFFFFFFFFFC4
:100C4000FFFFFFFFFFFFFFFFFFFFFFFFFFFFFFFFB4
:100C5000FFFFFFFFFFFFFFFFFFFFFFFFFFFFFFFFA4
:100C6000FFFFFFFFFFFFFFFFFFFFFFFFFFFFFFFF94
:100C7000FFFFFFFFFFFFFFFFFFFFFFFFFFFFFFFF84
:100C8000FFFFFFFFFFFFFFFFFFFFFFFFFFFFFFFF74
:100C9000FFFFFFFFFFFFFFFFFFFFFFFFFFFFFFFF64
:100CA000FFFFFFFFFFFFFFFFFFFFFFFFFFFFFFFF54
:100CB000FFFFFFFFFFFFFFFFFFFFFFFFFFFFFFFF44
:100CC000FFFFFFFFFFFFFFFFFFFFFFFFFFFFFFFF34
:100CD000FFFFFFFFFFFFFFFFFFFFFFFFFFFFFFFF24
:100CE000FFFFFFFFFFFFFFFFFFFFFFFFFFFFFFFF14
:100CF000FFFFFFFFFFFFFFFFFFFFFFFFFFFFFFFF04
:100D0000FFFFFFFFFFFFFFFFFFFFFFFFFFFFFFFFF3
:100D1000FFFFFFFFFFFFFFFFFFFFFFFFFFFFFFFFE3
:100D2000FFFFFFFFFFFFFFFFFFFFFFFFFFFFFFFFD3
:100D3000FFFFFFFFFFFFFFFFFFFFFFFFFFFFFFFFC3
:100D4000FFFFFFFFFFFFFFFFFFFFFFFFFFFFFFFFB3
:100D5000FFFFFFFFFFFFFFFFFFFFFFFFFFFFFFFFA3
:100D6000FFFFFFFFFFFFFFFFFFFFFFFFFFFFFFFF93
:100D7000FFFFFFFFFFFFFFFFFFFFFFFFFFFFFFFF83
:100D8000FFFFFFFFFFFFFFFFFFFFFFFFFFFFFFFF73
:100D9000FFFFFFFFFFFFFFFFFFFFFFFFFFFFFFFF63
:100DA000FFFFFFFFFFFFFFFFFFFFFFFFFFFFFFFF53
:100DB000FFFFFFFFFFFFFFFFFFFFFFFFFFFFFFFF43
:100DC000FFFFFFFFFFFFFFFFFFFFFFFFFFFFFFFF33
:100DD000FFFFFFFFFFFFFFFFFFFFFFFFFFFFFFFF23
:100DE000FFFFFFFFFFFFFFFFFFFFFFFFFFFFFFFF13
:100DF000FFFFFFFFFFFFFFFFFFFFFFFFFFFFFFFF03
:100E0000FFFFFFFFFFFFFFFFFFFFFFFFFFFFFFFFF2
:100E1000FFFFFFFFFFFFFFFFFFFFFFFFFFFFFFFFE2
:100E2000FFFFFFFFFFFFFFFFFFFFFFFFFFFFFFFFD2
:100E3000FFFFFFFFFFFFFFFFFFFFFFFFFFFFFFFFC2
:100E4000FFFFFFFFFFFFFFFFFFFFFFFFFFFFFFFFB2
:100E5000FFFFFFFFFFFFFFFFFFFFFFFFFFFFFFFFA2
:100E6000FFFFFFFFFFFFFFFFFFFFFFFFFFFFFFFF92
:100E7000FFFFFFFFFFFFFFFFFFFFFFFFFFFFFFFF82
:100E8000FFFFFFFFFFFFFFFFFFFFFFFFFFFFFFFF72
:100E9000FFFFFFFFFFFFFFFFFFFFFFFFFFFFFFFF62
:100EA000FFFFFFFFFFFFFFFFFFFFFFFFFFFFFFFF52
:100EB000FFFFFFFFFFFFFFFFFFFFFFFFFFFFFFFF42
:100EC000FFFFFFFFFFFFFFFFFFFFFFFFFFFFFFFF32
:100ED000FFFFFFFFFFFFFFFFFFFFFFFFFFFFFFFF22
:100EE000FFFFFFFFFFFFFFFFFFFFFFFFFFFFFFFF12
:100EF000FFFFFFFFFFFFFFFFFFFFFFFFFFFFFFFF02
:100F0000FFFFFFFFFFFFFFFFFFFFFFFFFFFFFFFFF1
:100F1000FFFFFFFFFFFFFFFFFFFFFFFFFFFFFFFFE1
:100F2000FFFFFFFFFFFFFFFFFFFFFFFFFFFFFFFFD1
:100F3000FFFFFFFFFFFFFFFFFFFFFFFFFFFFFFFFC1
:100F4000FFFFFFFFFFFFFFFFFFFFFFFFFFFFFFFFB1
:100F5000FFFFFFFFFFFFFFFFFFFFFFFFFFFFFFFFA1
:100F6000FFFFFFFFFFFFFFFFFFFFFFFFFFFFFFFF91
:100F7000FFFFFFFFFFFFFFFFFFFFFFFFFFFFFFFF81
:100F8000FFFFFFFFFFFFFFFFFFFFFFFFFFFFFFFF71
:100F9000FFFFFFFFFFFFFFFFFFFFFFFFFFFFFFFF61
:100FA000FFFFFFFFFFFFFFFFFFFFFFFFFFFFFFFF51
:100FB000FFFFFFFFFFFFFFFFFFFFFFFFFFFFFFFF41
:100FC000FFFFFFFFFFFFFFFFFFFFFFFFFFFFFFFF31
:100FD000FFFFFFFFFFFFFFFFFFFFFFFFFFFFFFFF21
:100FE000FFFFFFFFFFFFFFFFFFFFFFFFFFFFFFFF11
:100FF000FFFFFFFFFFFFFFFFFFFFFFFFFFFFFFFF01
:10100000D1002043F1150060000000000000000046
:10101000201000600010006000CC026000000000A2
:101020000000006000D8020000000000FFFFFFFF8A
:10103000FFFFFFFFFFFFFFFFFFFFFFFFFFFFFFFFC0
:10104000FFFFFFFFFFFFFFFFFFFFFFFFFFFFFFFFB0
:10105000FFFFFFFFFFFFFFFFFFFFFFFFFFFFFFFFA0
:10106000FFFFFFFFFFFFFFFFFFFFFFFFFFFFFFFF90
:10107000FFFFFFFFFFFFFFFFFFFFFFFFFFFFFFFF80
:10108000FFFFFFFFFFFFFFFFFFFFFFFFFFFFFFFF70
:10109000FFFFFFFFFFFFFFFFFFFFFFFFFFFFFFFF60
:1010A000FFFFFFFFFFFFFFFFFFFFFFFFFFFFFFFF50
:1010B000FFFFFFFFFFFFFFFFFFFFFFFFFFFFFFFF40
:1010C000FFFFFFFFFFFFFFFFFFFFFFFFFFFFFFFF30
:1010D000FFFFFFFFFFFFFFFFFFFFFFFFFFFFFFFF20
:1010E000FFFFFFFFFFFFFFFFFFFFFFFFFFFFFFFF10
:1010F000FFFFFFFFFFFFFFFFFFFFFFFFFFFFFFFF00
:10110000FFFFFFFFFFFFFFFFFFFFFFFFFFFFFFFFEF
:10111000FFFFFFFFFFFFFFFFFFFFFFFFFFFFFFFFDF
:10112000FFFFFFFFFFFFFFFFFFFFFFFFFFFFFFFFCF
:10113000FFFFFFFFFFFFFFFFFFFFFFFFFFFFFFFFBF
:10114000FFFFFFFFFFFFFFFFFFFFFFFFFFFFFFFFAF
:10115000FFFFFFFFFFFFFFFFFFFFFFFFFFFFFFFF9F
:10116000FFFFFFFFFFFFFFFFFFFFFFFFFFFFFFFF8F
:10117000FFFFFFFFFFFFFFFFFFFFFFFFFFFFFFFF7F
:10118000FFFFFFFFFFFFFFFFFFFFFFFFFFFFFFFF6F
:10119000FFFFFFFFFFFFFFFFFFFFFFFFFFFFFFFF5F
:1011A000FFFFFFFFFFFFFFFFFFFFFFFFFFFFFFFF4F
:1011B000FFFFFFFFFFFFFFFFFFFFFFFFFFFFFFFF3F
:1011C000FFFFFFFFFFFFFFFFFFFFFFFFFFFFFFFF2F
:1011D000FFFFFFFFFFFFFFFFFFFFFFFFFFFFFFFF1F
:1011E000FFFFFFFFFFFFFFFFFFFFFFFFFFFFFFFF0F
:1011F000FFFFFFFFFFFFFFFFFFFFFFFFFFFFFFFFFF
:10120000FFFFFFFFFFFFFFFFFFFFFFFFFFFFFFFFEE
:10121000FFFFFFFFFFFFFFFFFFFFFFFFFFFFFFFFDE
:10122000FFFFFFFFFFFFFFFFFFFFFFFFFFFFFFFFCE
:10123000FFFFFFFFFFFFFFFFFFFFFFFFFFFFFFFFBE
:10124000FFFFFFFFFFFFFFFFFFFFFFFFFFFFFFFFAE
:10125000FFFFFFFFFFFFFFFFFFFFFFFFFFFFFFFF9E
:10126000FFFFFFFFFFFFFFFFFFFFFFFFFFFFFFFF8E
:10127000FFFFFFFFFFFFFFFFFFFFFFFFFFFFFFFF7E
:10128000FFFFFFFFFFFFFFFFFFFFFFFFFFFFFFFF6E
:10129000FFFFFFFFFFFFFFFFFFFFFFFFFFFFFFFF5E
:1012A000FFFFFFFFFFFFFFFFFFFFFFFFFFFFFFFF4E
:1012B000FFFFFFFFFFFFFFFFFFFFFFFFFFFFFFFF3E
:1012C000FFFFFFFFFFFFFFFFFFFFFFFFFFFFFFFF2E
:1012D000FFFFFFFFFFFFFFFFFFFFFFFFFFFFFFFF1E
:1012E000FFFFFFFFFFFFFFFFFFFFFFFFFFFFFFFF0E
:1012F000FFFFFFFFFFFFFFFFFFFFFFFFFFFFFFFFFE
:10130000FFFFFFFFFFFFFFFFFFFFFFFFFFFFFFFFED
:10131000FFFFFFFFFFFFFFFFFFFFFFFFFFFFFFFFDD
:10132000FFFFFFFFFFFFFFFFFFFFFFFFFFFFFFFFCD
:10133000FFFFFFFFFFFFFFFFFFFFFFFFFFFFFFFFBD
:10134000FFFFFFFFFFFFFFFFFFFFFFFFFFFFFFFFAD
:10135000FFFFFFFFFFFFFFFFFFFFFFFFFFFFFFFF9D
:10136000FFFFFFFFFFFFFFFFFFFFFFFFFFFFFFFF8D
:10137000FFFFFFFFFFFFFFFFFFFFFFFFFFFFFFFF7D
:10138000FFFFFFFFFFFFFFFFFFFFFFFFFFFFFFFF6D
:10139000FFFFFFFFFFFFFFFFFFFFFFFFFFFFFFFF5D
:1013A000FFFFFFFFFFFFFFFFFFFFFFFFFFFFFFFF4D
:1013B000FFFFFFFFFFFFFFFFFFFFFFFFFFFFFFFF3D
:1013C000FFFFFFFFFFFFFFFFFFFFFFFFFFFFFFFF2D
:1013D000FFFFFFFFFFFFFFFFFFFFFFFFFFFFFFFF1D
:1013E000FFFFFFFFFFFFFFFFFFFFFFFFFFFFFFFF0D
:1013F000FFFFFFFFFFFFFFFFFFFFFFFFFFFFFFFFFD
:10140000824205D051F8043B40F8043B8242F9D8AF
:10141000704700BF044A05494FF0000342F8043BFF
:101420009142FBD8704700BFC0AE002020D1002001
:1014300080B5BFF34F8F00F033FA544C544B082063
:101440005449C3F85401544AC3F800115348C3F82F
:10145000F0405349FFF7D4FF524A53495348FFF72E
:10146000CFFF534CFFF7D6FF4FF470004FF0E02151
:101470000023504AC1F8880D44F823200133B02BD3
:10148000FAD14D4B80214D4A03F8011B9342FBD109
:101490004FF0E0254A4F4B4A4FF0FF31C5F8084D59
:1014A0000026D5F8243D43F4E023C5F8243DFB692C
:1014B00023F07F0343F04003FB617B6A23F07F034B
:1014C00043F040037B629166D1661167516700F07B
:1014D000EFF93D4B63223D49A3633D4BE363032397
:1014E0006A613C4AAE612B61C5F8202DD5F8FC2D10
:1014F000394B42F08072C5F8FC2D1A6842F00102A7
:101500001A605B680B6000F097FB344800F004FD44
:10151000F96E334B334A41F44051F9661E60C3F80B
:101520000861C3F81861C3F82861C3F83861936B88
:10153000DB0708D442F615632B4951651365936B9D
:1015400043F001039363274A284C936843F0011347
:10155000936000F037FA00F01DF900F0EDFC00F0A8
:1015600099FB00F09FF92368132BFCD900F02AFCAB
:101570002368B3F5967FFBD300F098F900F094F957
:1015800000F0C6FC00F0E0FC30BFFDE70C0D1113CD
:1015900000800D401B10182008FA01000000000018
:1015A00058210060C0AE0020641B026000000020D3
:1015B00000AC00201136010000E400E0A0E400E0EF
:1015C00000C00F4000C00A40C51D010098D0002097
:1015D000C91D010000002020001000E00046C323C8
:1015E0000040084000400D400000C0569CD0002044
:1015F000054B4FF42A01054A05485A641864054A08
:1016000099639546FFF714FF00C00A40FFAAAAAAF3
:10161000070020000000062043690A4A03EB01107E
:1016200010B4037A084C02EB0313D3E901321460BF
:10163000C2681A6003690BB142691A605DF8044B15
:10164000704700BFA491002061F801004369027E49
:1016500003EB021292F808C08C451CD01A7AFF2ABC
:1016600019D0914210B5044616D01A7EFF2A06D032
:101670000121D3E9002312681A4201D1217610BD5D
:10168000064B0522204603EB0C135B681A60FFF73C
:10169000C3FF2176F3E770470021EAE7A491002019
:1016A00043690A4A03EB011010B490F82830084C43
:1016B00002EB0313D3E901321460C26A1A60036BB0
:1016C0000BB1426B1A605DF8044B7047A491002087
:1016D00061F801004369427E03EB021292F828C0D0
:1016E0008C451ED093F82820FF2A1AD0914210B5BD
:1016F000044617D093F83820FF2A06D00121D3E9F9
:10170000002312681A4201D1617610BD064B0522F2
:10171000204603EB0C135B681A60FFF7C1FF61768C
:10172000F3E770470021EAE7A491002016494269D7
:101730008B6B23F47C0343F4802370B58B630446E6
:10174000124DD2E900130A681A4303690A600222A3
:1017500000211A610E4A19619A6401225A629D623F
:101760004FF43035DD624FF001159E6C1E65196235
:101770009D651A61017EFFF74FFF617E2046BDE83F
:101780007040FFF78DBF00BF00C00F40B80B0505CC
:101790003B372819104BA020104AD96E41F4403134
:1017A00010B4D96640F23764D96E41F44071D966FD
:1017B00054649064936C1B06FCD4094A40F2376170
:1017C000A02351649364936C13F08003FBD1054A0A
:1017D00013705DF8044B704700C00F4000400C4090
:1017E00000800C40DED000202B4A0021012310B4E1
:1017F000C2F8A000C2F8A410C2F8B0305369DB07E9
:10180000FCD501234FF4803423495361C2F8A00072
:10181000C2F8A440C2F8B0304B69DC07FCD5012304
:101820004FF400341C4A4B61C1F8A000C1F8A44039
:10183000C1F8B0305369D907FCD50123174C1649BC
:101840005361C2F8A000C2F8A440C2F8B0304B699E
:10185000DB07FCD5D1F8003145F60D5021249AB2B2
:101860004C61824214D045F69D518A420CD1C3F39B
:101870004253032B0CD0A3F104035DF8044BB3FADD
:1018800083F35B091801704700205DF8044B704733
:1018900008205DF8044B704700402A400400030014
:1018A000704700BF704700BF704700BF00BF704760
:1018B00010B44FF0E023002110243248C3F8941DE7
:1018C000C3F89C4D1124C3F8A00D2F48C3F89C4DBC
:1018D0001224C3F8A00D2D48C3F89C4D2C4AC3F820
:1018E000A00D2C4C42F015022B48C3F89C4DC3F8B8
:1018F000A00D2A4C2A48C3F89C4DC3F8A00D294CD2
:10190000C3F89C2D2848294AC3F8A04DC3F89C0D64
:10191000C3F8A02D02F5A022254C0C322548C3F8AF
:101920009C4DC3F8A02D244AC3F89C0DC3F8A02DEC
:1019300002F14062214C02322148C3F89C4DC3F8A9
:10194000A02D0A32C3F89C0DC3F8A02D00BF00BF24
:1019500000BF00BF00BF0122C3F8942DBFF34F8F1B
:10196000BFF36F8FC3F8501FBFF34F8FBFF36F8F5D
:10197000D3F8142D5DF8044B42F44032C3F8142D13
:10198000704700BF3F000010250008070900100045
:1019900020D10020130020002100020714000020A5
:1019A00025000813090000101600202027000B1343
:1019B00017000040180000602F000B07190000708E
:1019C0001A000080F0B5824B1822824D0120824F10
:1019D00083B0C3F85C528149C3F86072804CC3F88D
:1019E0006452A5F530457F4EC3F8685248F20C7535
:1019F000C3F86C42C3F87042C3F87442C3F878422B
:101A00004FF0FF34DA661A675A679A67DA67C3F8E5
:101A10008020C3F88420C3F88820C1F82C03724AC0
:101A2000C1F83003C1F83403C1F83803C1F83C03EE
:101A3000C1F85003B1696D4B0A406D486D491343BD
:101A40006D4AB361D6F8843043F00C03C6F8843095
:101A5000036843F00203036003682B4021251A4307
:101A6000664B026044608A68654C1340654A43F0E7
:101A700000538360C36823F07803C360036A134094
:101A800023430362036A13405F4A234340F2056421
:101A900043628262C2620022D1F8B83023F03F0371
:101AA00043F00103C0F8B830D1F8BC30574923F0F7
:101AB0003F0343F00103C0F8BC3002610567C0F882
:101AC00080404567C0F884400224036823F0020385
:101AD000036081614E4B4F49C46143F8042B8B4234
:101AE000FBD1434D2B6843F001032B602C6814F0AD
:101AF0000104FBD14549022340F2F5622046A96169
:101B000040F29941EB6140F26643C5F8002242F28F
:101B10000142C5F81032404BC5F82012C5F83032EA
:101B200040F23543C5F834223C49C5F840323C4BBD
:101B3000C5F850123B4AC5F8543242F20123C5F8A9
:101B40006022C5F86432FFF74FFE0646002836D003
:101B500083024FF480222B660123C5F8A040244C59
:101B6000C5F8A420C5F8B0306369DA07FCD50125B3
:101B7000370565613846FFF737FE32182A4BD2B277
:101B80001A7078B180024FF4802319496066C4F856
:101B9000A070C4F8A430C4F8B0504B69DB07FCD582
:101BA00001234B6121490024214801230094401A5C
:101BB00000EB02521F4800F0BBF903B0F0BD1D4B13
:101BC000194A18601070D860C3E9010003B0F0BD75
:101BD00000801F40F9B00100F910010000841F408F
:101BE000F970010000C00F40FFFCFF1F00030080E0
:101BF00000402A4000802A401200FFFFFF37F70014
:101C00004000008000FFF07CFF000F83F05AF05A84
:101C100000422A4000432A409F041830EB06180A6D
:101C2000063201263806180ADFD0002000000070B6
:101C30000000007094CE0020F0B4154A40274FF405
:101C400080314FF480564FF400554FF4404443F236
:101C50004200136913F0020F0ED113F4005F0FD08E
:101C600013F4805F0ED0002BF3DA13F4803F0BD116
:101C70005B060BD5F0BC7047946151619061E8E759
:101C80005561E6E75661E4E79161E2E75761E0E715
:101C900000800D403F4A03203F49F3EE095AD2F835
:101CA00080304FF0000C9FED3D6A23F001039FED63
:101CB0003C5A30B4C2F88030C2F89000D1F8E0103D
:101CC000384DCBB2384C39482B6007EE903A0B0DAB
:101CD000C1F30B21F8EEE77A06EE903A07EE101A00
:101CE000334BB8EEC77A2160F8EEE66A314937EE39
:101CF000C66A37EEC55A76EEC76A77EEE57A26EE03
:101D0000266AC3ED006A25EE265AD2F8803067EEC7
:101D1000A64AC0ED007AC6EE275A274885EE276A04
:101D2000C4EEA76A75EE875AFCEEE55A36EE076AEE
:101D300015EE904ABCEEC66A43EA045376EE877A03
:101D4000C2F8803016EE103AD2F89041FCEEE77AF5
:101D500001EA0341214317EE903AC2F89011C3F310
:101D60000B03D2F890110B431449C2F89031D2F80A
:101D7000803043F00203C2F88030114B80F840C03D
:101D8000C1F840314FF0E023012230BCC3F80821F4
:101D9000704700BF00810D4000441F400000AA4270
:101DA0000000B44288D0002084D000208CD00020D5
:101DB00090D000200000FF0F00E400E000AC002005
:101DC000F9370100314B40F6617210B5C3F820219C
:101DD00040F2044400F0A8F82D4A2E49D2F8803091
:101DE0002D4843F00303C2F880302C4BC1F860410A
:101DF00002681A4203D1D1F8A8319A071BD0254AAC
:101E00004FF00041244B5963D2F8403143F00203B4
:101E1000C2F84031D2F840319B07FBD44FF4003078
:101E20004FF0E0211C4B4FF00042C1F88C0219200A
:101E30009A6300F085F8184A4FF08040154C002155
:101E400090630A20164B11604FF42072C4F8A80169
:101E5000184600F065F84FF4800203464FF4810005
:101E600040F243111860C4F858311A640D4B0E4A01
:101E7000C4F84811C3F804224FF0E0224FF40031B7
:101E80000123C2F80C11C4F8403110BD00800D4090
:101E900000C00F4000002E4000900D40001C1E00AE
:101EA0000000002000AC0020E139010008B50E4B15
:101EB0001B6E9B0700D4FBBE72B60C4B00200C4A75
:101EC000C3F8400103F160430A49A3F55F2311649D
:101ED0009D46BFF34F8F4FF400130748074ADB6955
:101EE00002609B68984700BF00441F4000002E40DE
:101EF00000C00A400300200000802020000012EBF8
:101F0000F8B500BFF8BC08BC9E4670470000000052
:101F10005FF800F0F58901005FF800F0A92B0100DF
:101F20005FF800F0458901005FF800F051410100C1
:101F30005FF800F0394A01005FF800F0B1340100A9
:101F40005FF800F0992E01005FF800F07D3201008B
:101F5000E500000099080000CD9E000061C9000066
:101F600080C00F40000000031900000010000000B6
:101F7000E8841F4001000000FF000000FF00000097
:101F80000000000000000000180000001000000029
:101F9000E4841F4001000000FF000000FF0000007B
:101FA00000000000000000001F00000039380000A1
:101FB00070C00F40000C0000110000001100000074
:101FC000E0841F40020000002C000000120000000E
:101FD000E0841F400100000010000000110000001C
:101FE000DC841F40020000002D00000012000000F1
:101FF000DC841F40010000001E0000002D3800009E
:1020000070C00F40C000000012000000130000006C
:10201000D0841F4001000000FF000000FF0000000E
:10202000000000000000000013000000130000008A
:10203000CC841F4001000000FF000000FF000000F2
:1020400000000000000000001C000000213800001B
:102050001603550053004200200053006500720033
:10206000690061006C000000180354006500650001
:102070006E00730079006400750069006E006F00E7
:102080000403090409026200030100C032080B00C6
:1020900002020201000904000001020201000524FD
:1020A0000010010524010101042402060524060094
:1020B000010705820310001009040100020A000054
:1020C00000070503024000000705840240000009E4
:1020D00004020002FF6AFF000705810240000107B9
:1020E000050102400001000009026200030100C076
:1020F00032080B0002020201000904000001020282
:102100000100052400100105240101010424020638
:1021100005240600010705820310000509040100DB
:10212000020A0000000705030200020007058402FE
:102130000002000904020002FF6AC70007058102CD
:102140000002010705010200020100000A06000268
:08215000EF0201400100000054
:102158000000000000000000000000000000000077
:102168000000000000000000000000000000000067
:1021780020F47F6020F00F0000F5805203680430DF
:10218800013303D19042F9D10020704701207047F4
:102198002DE9F34106460D4690460024444514D2E5
:1021A800A719C7F30B0333B93846FFF7E1FF10B19E
:1021B800384613F0AFF804226359384604340DEB5F
:1021C8000201019313F030F8E8E705F12045B5F571
:1021D800000F08D20C4D04E0A119C1F30B0343B161
:1021E8000434AC42F8D34FF0E023084AC3F80C2D6E
:1021F80008E00846FFF7BCFF0028F1D0084613F0B6
:1022080089F8EDE7FEE700BF00C07F000400FA058B
:102218000548064B1B1AD90F01EBA301491002D040
:10222800034B03B118477047C0AE0020C0AE002072
:102238000000000008B5054B1BB105490548AFF380
:102248000080BDE80840FFF7E3BF00BF00000000C2
:1022580034D0002000D8026000207047704700BFCB
:10226800037C13F0080306D0C36A406A181A48BFF3
:102278006FF0004070471846704700BF70B5214C9A
:1022880082B02378042B39D8DFE803F01C1E2A34E7
:1022980003001D491D4812F0A1FA1D4E23781D4D5B
:1022A800022B1BD0013BDBB2032B25D81A4A52F86C
:1022B800232034682B6819490094194812F08EFAC3
:1022C80002B070BD1749E5E7124D17490F482A6853
:1022D80012F084FA23780E4E022BE3D1134AE8E772
:1022E8000B4E0C4D33682A681149084812F076FAEB
:1022F8002378D5E70F49CDE70F4ADAE7044E054DB5
:10230800D0E700BFCCD000205C0A0020109D002040
:1023180064B10020C8B1002008050020680A002028
:10232800A09C0020480A00203C0A0020200A002027
:10233800280A0020540A0020180A0020134B144AC7
:1023480010B5197884B0002908BF134690B1114C14
:1023580001221149206803930090104812F03EFAB8
:102368000F4A039B20680F4900900F4812F036FA75
:1023780004B010BD074C024607492068039300903B
:10238800064812F02BFA094A039BEBE734B2002007
:10239800C81300208CB2002038100020109D0020A7
:1023A8000010002010100020A09C00200810002021
:1023B80008B513F09FF9002108BD00BF10300DF0DB
:1023C800BDBE00BF00B583B00B46012210300DF131
:1023D80007018DF807300DF0B1FE03B05DF804FB7E
:1023E80010300DF049BC00BF00B583B00122103099
:1023F8000DF107010DF06CFB01280CBF9DF80700DB
:102408004FF0FF3003B05DF804FB00BF10300DF053
:102418008FBE00BF2DE9F043884E99462DED068BFF
:102428003378DFB0BDF9B081002B00F0B080844B69
:10243800B0EE428A834FF0EE628A1D68B0EE439A8E
:10244800814BF0EE639A3C68B0EE44AA1B68F0EE4C
:1024580064AA641B002B40F09F80B7EEE17A0EADB2
:10246800B7EEE06A2346B7EEC11A0A92B7EEC00A81
:10247800764ACDE900018DED087B4FF4A07128461E
:102488008DED061B8DED046B8DED020B19F012FD21
:102498000446B4F5A07F7ADAB9F1000FC0F2BD8026
:1024A80007EE909AC4F5A0712819694AB8EEE77A40
:1024B800DFED687A27EE277AB7EEC77A8DED007BD5
:1024C80019F0F8FC0444B8F1000FC0F29E8007EE42
:1024D800908AC4F5A07128195F4AB8EEE77ADFED53
:1024E8005D7A27EE277AB7EEC77A8DED007B19F073
:1024F800E1FC0444B7EEEA5AC4F5A071B7EEE96A04
:102508002819B7EEE87A554AB7EECAAAB7EEC99ABB
:10251800B7EEC88A8DED0A5B8DED08AB8DED066BC5
:102528008DED049B8DED027B8DED008B19F0C2FCC7
:102538000444B4F5A07F2AD22246294648480DF023
:10254800FDFD84424FD1474A136801331360464B5F
:1025580093F8C520A2B193F843308BB9434B1B784D
:1025680073B9434E336804EB0308B8F5006F07D816
:10257800404822462946184412F030FFC6F8008029
:102588003D4A3B6811685B1AB3F57A7F4DD25FB05C
:10259800BDEC068BBDE8F0830C92B7EEE17A374AC2
:1025A800B7EEE06AB7EEC11A0EADB7EEC00ACDE9D4
:1025B8000101A2FB04124FF47A71284603EB92132F
:1025C800920901FB12424FF4A07100922C4A8DED42
:1025D8000A7B8DED081B8DED066B8DED040B19F054
:1025E80069FC044655E7024623462649264812F068
:1025F800F5F81B480DF048F800203070FFF79EFEF4
:102608005FB0BDEC068BBDE8F083C4F5A071281956
:102618001E4A19F04FFC04446CE7C4F5A071281950
:102628001B4A0F3419F046FC4DE73B680C48136011
:102638000DF07EFD0120FFF781FEA8E7D0D0002035
:1026480094B200209CD00020A4B20020B410002036
:1026580028110020CDCCCC3D4C1100206011002069
:1026680010B200208CB2002064A20020D2D000203A
:10267800D8B000201CB80020A8B20020D34D6210AA
:102688004C100020A0110020A09C00203811002030
:1026980018110020F0B52C4C0021FF232B4D04F518
:1026A8008E662B4F85B084F8A814304629603960AF
:1026B80084F89C3410F074FD3046C4F86C640FF054
:1026C800D1FF30B90122D4F86C1420460FF0EAF893
:1026D80068B900231F4A01A81946ADF80C300192C9
:1026E80010F05EFD1C4B30BB187005B0F0BD04F552
:1026F80089600CF0C9FF214604F589600DF0CAF91C
:102708000028E6D0154AD4F86C0414600222124B53
:102718001A700368DB69984703462046DB0A3B606A
:102728000EF0DCFF237983FB0030DB0A43EA4053D9
:102738002B6005B0F0BD012201A81A700FF0E2FF6E
:10274800C00A386005B0F0BD0CB3002064B10020A9
:10275800C8B10020E0220020CCD0002074C00020A6
:1027680038B5044649B108460D4619F0F1FA236810
:10277800024629465B68204698472046BDE838400F
:1027880012F010B8204B1B78F0B5022B1F4D4FF0FC
:1027980000049BB02C6001D01BB0F0BD23461C4A3E
:1027A8001C490DA80D940DF02DF90028F4D04FF414
:1027B8007A77194E2246164904A80096CDE90147B2
:1027C800CDE903440DF026F90028E5D00D96CDE9B2
:1027D8000E47CDE9104409E09DF8443013F0700F1E
:1027E80002D12B6801332B600CF04EFF002204A9A4
:1027F80011A80DF037FC034611A8002BECD104A852
:102808000CF042FF1BB0F0BDCCD00020C4B10020BA
:10281800981300200CB300209822002000B5A3B024
:102828000023244A24490AA80A930DF0EBF8E0B1E2
:102838002F21224816F0EAF8002839D0431C204AF4
:1028480060210AA819F036FB00231C4A01A81D497B
:1028580001930DF055F8D8B90AAB184A1A491B4824
:1028680011F0BCFF23B05DF804FB0A900123114A64
:102878000AA814490CF0CEFF0028D9D11B2114480E
:1028880014F072F8114823B05DF804EB11F08ABF18
:102898000AAA0C4901A80DF025FA0028DCD00AABD9
:1028A800064A0C49094811F099FF23B05DF804FB6A
:1028B800024BC4E7981300200CB3002034B2002068
:1028C800D809002054B70020E4090020A09C00206B
:1028D800BC090020040A002030B482B00C4602ABC8
:1028E80003E90600C37C002B30D072B6C37CDA073C
:1028F80008D54FF0E0214569D1F880212A4082624D
:10290800C1F880219D0708D54FF0E0218569D1F8ED
:1029180084212A40C262C1F88421590708D54FF0A2
:10292800E021C569D1F888212A400263C1F88821CD
:102938001A0708D54FF0E021056AD1F88C212A4002
:102948004263C1F88C21DB062FD462B683689C42AF
:1029580035D0224B84609B69214AC3F30111C3F32C
:10296800826352F821100133B1FBF3F2CCB19442E7
:1029780027D8B2FBF4F3B2FBF3F294422CD3B3F5AD
:10298800817F20D3174CC46003680322002001997B
:1029980018615A6201221C6419661A6102B030BCBF
:1029A80070479942EFD3531CE9E74FF0E022416AA0
:1029B800D2F890310B408363C2F89031C5E7C46800
:1029C800E2E70024DFE7022BFBD9023B5A08140296
:1029D80044EA02441C43D6E71A46E4E700C00F4025
:1029E80068230020FF7F7F0038B5214C4FF47A75AB
:1029F800204603F037F81F4A1F49204614F006F90D
:102A08001E4B1F4900241F4819601F495C6019614B
:102A180008211C7319779D605C610223154A836045
:102A28001A4B1B49C0F870341A4B4460C0F8843400
:102A38000723C0F84844C0F888342923C0F86C44F8
:102A480080F88D34144BA0F87844C0F87C3480F8B2
:102A5800914480F8984480F8A84414F0D7F80F4BB4
:102A68000F4AC3E90145C3E903441A6038BD00BFF2
:102A7800A8CE002034A3002025420000F8B700208B
:102A8800FC2000200CB3002050230020E02200206E
:102A98000D01000000093D00D021002000B20020F7
:102AA800982200202DE9F04FA04C216811F0010177
:102AB8002DED028B9BB000F0D4809D4D9D4C05F10F
:102AC800840A204611F04AFA90B1204611F098FA8B
:102AD800C1B20D29F5D00A293AD097488368FF2B4F
:102AE80031D811F095FF204611F038FA0028ECD1C2
:102AF8001BB0BDEC028BBDE8F08F90490DA811F01A
:102B0800C3FE0DA9384611F0A9FF06460DA811F01D
:102B1800D9FE002E76D0394606220DA811F0C4FF42
:102B28000D99002900F0EB81854B1F22184615F0FE
:102B3800C7FE00228349C2770246834811F04EFE41
:102B48000DA811F0BFFE81497B4811F00FFFB8E7CF
:102B5800794F0DA87E4911F097FE0DA9384611F05E
:102B68007DFF06460DA811F0ADFE002EC5D03946F2
:102B780004220DA811F098FF0DA811F0EBFF0746ED
:102B88000DA811F09FFE3A1E724B18BF012219784A
:102B98009142D8D01A70002F6ED0DFF8F09100273C
:102BA800DFF8EC81D9F80030DFF894B1C8F80030CC
:102BB80011F0D6F8684B5A46009068491860D8F862
:102BC8000030614811F00AFE654B664A1F70664B7B
:102BD80017601B78654ED9F80010022B644A3770CD
:102BE800116000F0E9802D21624813F0BDFE5648BF
:102BF80011F0D8FD3846FFF7A1FB54494E4811F0B3
:102C0800B5FE5EE75C49384611F012FF00285DD139
:102C18005A490DA811F038FE0DA9384611F01EFFCB
:102C280006460DA811F04EFE002E00F07681386899
:102C3800002800F048820A220021083015F0F8FC2C
:102C4800064612F069FD0021304611F0D3F83246ED
:102C58004B493D4811F0C2FD3C49374811F086FE0A
:102C68002FE7354811F010FE0123464A46493248FD
:102C7800236013F0CBFF20E7444B394E1A68444BCE
:102C88001B68A2EB03083378002B40F0D480374E42
:102C98000020FFF753FB3378002B40F0D480DFF897
:102CA8001491314B3B491A780023022A89F80030E5
:102CB80033700B6000F0EA8142463749224811F030
:102CC8008DFD22491C4811F051FEFAE624213348B3
:102CD80013F04AFE1C4811F065FD234F04233B7096
:102CE800FFF7CCFA2E4B314604A8ADF818600493D0
:102CF80010F056FA002800F00481134B04A90DA81F
:102D0800284A0EF0C1F92849284A002818BF0A465F
:102D180027490D4811F062FDFFF7BCFCFFF7AEFA3A
:102D28000A49054811F022FECBE600BFD0B00020CA
:102D380064A20020109D0020ECCA0020A00D0020F5
:102D480050A10020A80D0020A09C0020C81300203E
:102D5800740B0020CED00020A4B200207C0B0020F1
:102D6800D0D000208CB20020CCD0002034B200207B
:102D7800A8B20020B40B0020C40D0020280E0020AB
:102D8800340E002034A30020752701009CD00020B9
:102D980094B20020D8B00020780D0020D00D00207B
:102DA800E0220020E4C80020680B00206C0B002003
:102DB800180E0020D2D000203B46994A99490DA808
:102DC8000D970CF01FFE50B90D900123944A0DA8E1
:102DD80095490CF01FFD0746002800F014819BF868
:102DE8000030002B00F069810DAF904801215F2B66
:102DF800A3F12D024AD82C2B7FD9322A7DD8DFE8BF
:102E080002F04B4B7C4B4B4B4B4B4B4B4B4B4B7C4C
:102E18007C7C7C7C7C7C4B4B4B4B4B4B4B4B4B4BD4
:102E28004B4B4B4B4B4B4B4B4B4B4B4B4B4B4B4BEA
:102E38007C7C7C7C4B007E480DF07AF97C480CF059
:102E480023FC377023E70023324676490DA80D93FB
:102E58000CF0D8FD00283FF422AF95F8C530002BC0
:102E68003FF41DAF95F84330DFF81C92012B00F0BA
:102E78004281FFF7D3FCFFF785FC6E4B6E4A204674
:102E88001B6812786D4911F0A9FC0AE7A3F16102E9
:102E9800D2B21A2A28BF5F2307F8013B10F8013F76
:102EA800002B00F0B58001312029A0D100238DF836
:102EB8005330634B1B68002B40F084800DAB614A94
:102EC800502161480093D8F8003018F0F3FF40F221
:102ED80001625D4956480CF09DFD0746002800F048
:102EE800E2800126594B584A59495A481E7011F038
:102EF80075FC3046FFF722FA25E65F23CCE75649F2
:102F080012E61D21554813F02FFD524811F04AFCD6
:102F180003233B70FFF7B2F915E651490DA811F0EC
:102F2800B3FC0DA9384611F099FD06460DA811F01D
:102F3800C9FC002E4ED14B490DA811F0A5FC0DA9D6
:102F4800384611F08BFD06460DA811F0BBFC002E8B
:102F580000F0BB80384604222C2111F093FD061E98
:102F6800FFF6F1AD334604223F4904A811F0C8FD2D
:102F78003D490DA8721C11F097FD3C4904A811F0B9
:102F880057FD002800F02A810D9E3F22324938481B
:102F9800002E18BF314615F093FC002385F83F300A
:102FA800049A002A32D0002E00F037813346314986
:102FB800284811F013FC0DA811F084FC04A811F0A6
:102FC80081FCC0E50DAA50211F4800922A4A18F03A
:102FD80071FF7CE7394603220DA811F065FD0D99B4
:102FE800002900F0F980254B0722184615F068FCE7
:102FF80000222349C2710246164811F0EFFB0DA8C2
:1030080011F060FC9FE51B211E48EEE5124ACAE755
:1030180001F168020DEB020101F8343C49E700BFF9
:10302800E40B00200CB3002054B7002050A100206E
:1030380010B20020C4B10020D3D000206C0D0020B5
:10304800A4B20020340C002034B20020D0D00020DC
:10305800740C0020A09C0020249B0020F80D002068
:10306800500E0020740E0020ECCA00207C0E0020B8
:1030780064A20020E40E0020140C002030A10020DF
:10308800540E0020F00B0020D2D00020A24E304673
:103098000EF024FB3379A14A83FB0030DB0A43EAB4
:1030A8004053136008E69E4A9E499F4811F096FBDC
:1030B80038463770FFF742F945E51F229B490DA8AE
:1030C80015F0FEFBF2E69A48B5E59A49384611F044
:1030D800AFFC002874D0984A01231370974A1278DD
:1030E8000AB1974A13704021964813F03DFC8E4868
:1030F80011F058FB27E599F80030002B7FF4B9AEA2
:10310800DFF834B29BF8003003F0FF02002B7FF4A5
:10311800B0AE4FF47A73314611A80E920F938A4BD2
:10312800CDE910220D930CF075FC00283FF4A1AEF8
:10313800189B324685497C4808EE103A11F04EFB40
:103148002F21304615F062FC002800F0D080421C88
:1031580018EE103A7E49204611F040FB9BF80030EB
:1031680003F0FF010391002B40F09580794B1B7809
:10317800002B00F0908008F0EDFE0128834640F017
:103188008A800DAB18EE102A0399734800F06CF989
:10319800074611A80CF078FA7A1CA7F1C80340F08A
:1031A80088806E4920466E4A039311F017FB6D49DB
:1031B8005D48FFF7D5FA039B632B7FF65CAE58E6B4
:1031C80069496A4811F034FC064698B1684A2046B5
:1031D800684911F003FBB6E4554904E7664904A8B9
:1031E80011F026FCD8B10DA811F0B4FC0D9EA5F87D
:1031F8004000D5E661495D4811F01AFCD8B9BB68B2
:10320800002B3FF4A0AC3A68494B5D49002A08BF3F
:103218001A46454811F0E2FA95E4454EC6E6594982
:1032280004A811F005FC40B30DA811F093FC0D9E05
:1032380085F84200B4E60DA904A804960D960BF093
:10324800CDFF00284AD00D9B049A4F49364811F00B
:10325800C5FA0D9A4D49204611F0C0FA0D9B049A03
:10326800204631490BF002FF0D9904980BF0E6FF58
:1032780047492046FFF774FA65E4464904A811F067
:10328800D7FB8046002834D00DA811F063FC0D9EB2
:1032980085F8430084E611A80CF0F6F92F4920467A
:1032A8003D4A11F09BFA3A463C491F4811F096FAFC
:1032B800DFE5632BF2D83A4A2046284911F08EFA06
:1032C800039B174A04A804935B4613490CF09AFB26
:1032D80048B934491448FFF743FACCE53249204647
:1032E800FFF73EFA2FE404A80DF0B6FBF1E73246EB
:1032F8002EE72E4904A811F09BFB0746002859D059
:103308000D9E3F220A492A48002E18BF314615F063
:10331800D7FA85F8838043E60CB3002064B1002017
:1033280034B200205C0C0020A09C00200C0C002073
:10333800249B0020F40E0020CFD00020D1D0002004
:10334800D4D00020040F002098220020840C0020F4
:10335800B00C0020CAD00020C80C0020DC0C0020D3
:10336800D00C0020EC0C0020480F0020ECCA0020F4
:10337800500F0020580F0020840E0020680F0020F6
:10338800E00F00208C0E0020900F0020B80F0020C6
:10339800C80F0020980E00203C0D0020440D00208E
:1033A800680B0020140D0020740F0020A00E0020D0
:1033B800A8A20020254904A811F03AFB58B10D9E97
:1033C8003F2223495046002E18BF314615F078FA9F
:1033D80085F8C370E4E51F4904A811F029FB48B13A
:1033E8000DA811F0B7FB00380D9E18BF012085F815
:1033F800C400D5E5184904A811F01AFB48B10DA876
:1034080011F0A8FB00380D9E18BF012085F8C500F3
:10341800C6E5124904A811F00BFB30B10DA811F054
:1034280099FB0D9E85F8C600BAE5094B049A0C492C
:10343800002A08BF1A460B4811F0D0F90DA811F060
:1034480041FA04A811F03EFAFFF77DBBAC0E00204C
:10345800249B0020B40E0020BC0E0020C40E0020C7
:10346800CC0E0020A09C00202DE9F04FDFF81C8333
:10347800ADF2846D98F80070002F51D01546B8F859
:103488004020002A4BD098F84240002C47D11E46D5
:103498004FF47A73824689460E934146AE4B0CA888
:1034A8000D940C9308238DF83C408DF83D304FF473
:1034B8004873ADF83E3008F0D9FD0746A8B3A749D0
:1034C80010A80A78002A00F033814FF0250E0DF17C
:1034D800410CA34F19E0392A32D82F2A1CD8A2F15F
:1034E8002D03012B18D9130902F00F0200F804E08C
:1034F800FB5CBA5C0CF80430A31C0334C25411F80A
:10350800012F12B3231D3F2B1FD85F2A04D0E2D905
:103518007A2A12D8602AE6D002550134EFE700274C
:1035280038460DF2846DBDE8F08FB8F84030424659
:103538008C498D4811F052F9F2E77E2AD3D1EBE796
:10354800A2F14103192BCED8E6E7021987490027D3
:103558000490534602914031CDF8008020A8019193
:1035680083490595096803914FF400711770814AE2
:1035780018F0A0FCB0F5007F024680F0B38020A9C7
:103588000CA808F0D9FD002E00F0898010363946C5
:1035980030460CF09DFC0346002800F0C280764AB5
:1035A8000123DFF8ECA113703A46744974488AF88D
:1035B800007011F013F9002D00F0CB803C46DFF8C5
:1035C800C491B8460CA808F0BBFE002800F0AE80F5
:1035D800FFF768FA9AF80030B5F5806F2A46A0A977
:1035E800304628BF4FF4806203F0FF07CDF81C90E7
:1035F800002B40F09F800CF06BFAB0F1000BA0A9F3
:10360800A5EB0B0540F392805A460CA808F094FDF0
:103618008345D84440F09780D9F800301B1BF92B1C
:1036280035D8002DCED1079F42465449544811F051
:10363800D5F80023504A13703C68002109A811F0FE
:1036480023F9402109A804F2DC5411F043F93B683E
:103658009C4236D90CA808F073FE00283CD00CA870
:1036680008F07CFD03460CA82BB33B68E31A002B3B
:1036780021DD08F085FDC1B20A2922D00D29EED03E
:103688000B9B3B2BEBD809A811F0C2F9E7E74246A0
:103698003A493B48D9F8004011F0A0F8C1E7394F42
:1036A800B9F1000FC8D0002DC6D02A4649460CA84B
:1036B80008F042FDC0E7012011F096FC3B689C42EF
:1036C800C8D80B9B0B2B11D800270CA808F072FD4B
:1036D80009A811F0F7F823E70CA808F03FFD002827
:1036E800BDD1EEE70CA808F065FD19E72649A0A8AA
:1036F80011F0CAF8A0A909A811F0B0F90746A0A8C6
:1037080067B111F0DFF80C23092209A9A0A811F06C
:10371800F7F9A0A811F01EFA0746A0A811F0D2F8F0
:10372800D3E70CA81F4608F045FDF9E6154F7BE7DF
:1037380002460BE70CA84FF0FF3708F03BFD0023CB
:103748000D4A1370ECE60CA808F034FD0A4B1F7004
:10375800E6E6A8460B4F67E75021002050A100205D
:1037680054230020D8110020A09C0020A8A20020EB
:10377800A4B20020F8110020D1D00020A812002007
:10378800109D00209CD00020BC12002064A20020C4
:10379800D4D00020684B1B78022BF0B5CDB003D0F5
:1037A800002420464DB0F0BD0024644A644934A882
:1037B800234634940CF026F90028F1D04FF47A759A
:1037C800604E22465D490EA80D940A960E94CDE9E6
:1037D8000B450CF01FF90028E2D05C22214635A8E1
:1037E800349417F057F91796CDE91845CDE91A44DE
:1037F80006E09DF86C3013F0700F5AD00BF044FFC0
:1038080000220EA91BA80CF02DFC03461BA8002BB8
:10381800EFD10EA80BF038FF9DF8D030002BBFD0A9
:1038280000224FF47A7334A928A82892CDE924629B
:10383800CDE926320CF0EEF80446002848D02F9D3A
:1038480034AA41492B46414810F0C8FF2F2134A81B
:1038580015F0DCF8002869D0421C2B463C493D484D
:1038680010F0BCFF3C4B1B7803F0FF07002B35D151
:103878003A4B1C78002C31D008F06CFB0128064626
:103888002CD12A4624AB39463548FFF7EDFD0546CD
:1038980028A80BF0F9FE6B1C31D132493C46324A5C
:1038A8002C4810F09BFF34AA3049284810F096FFA6
:1038B80077E724A940221BA80DF028FD24AB2C4A49
:1038C800602134A818F0F6FA1BA80BF0DDFEA0E77B
:1038D80034AA28491D4810F081FF62E728A800256E
:1038E8000BF0D2FE1F490024234A1A4810F076FF35
:1038F8002B4634AA2149154810F070FF51E7A5F16D
:10390800C803632BEED81E4A1649124810F066FF0A
:10391800334634AA0A4901A801970CF073F838B95C
:1039280034AA1849094810F059FF3AE734AA94E72D
:1039380001A80DF091F8F3E7CCD0002098130020EF
:103948000CB3002098220020A40A0020A09C00208C
:10395800B00C0020109D0020CFD00020CAD000203D
:10396800C80C0020DC0C0020D00C0020CC0A002061
:10397800D80900208C0A00203C0D0020280B0020CC
:10398800680B00200C0B00202DE9F04FCB4D91B0B7
:1039980001210D2011F0E2FBC94CCA4F40F2EE287C
:1039A8002E68DFF8789313F05DF82378002B00F089
:1039B80002843B78D80740F1FE832B68D9F80020B1
:1039C8009B1A0E2B40F2F78300224FF46121BE4868
:1039D80040F2DB5610F0A0FB4FF40062BB49BA4836
:1039E80010F008FDBA4810F023FADFF8D8822F68E3
:1039F800DFF8289313F036F82378002B00F0E783DC
:103A080098F80030D90740F1E2832B68D9F80020F4
:103A18009B1A0E2B40F2DB83AE4AD027AE49012613
:103A2800AE4810F0DBFE1421AD4812F09DFFAB4804
:103A380010F0B8FEA74AAB49A34810F0CFFEAA4C35
:103A48000BF0BCFC1B21A94812F08EFFA34810F014
:103A5800A9FE0C2011F0DCF8102011F009F903215F
:103A6800102011F07BFB0321112011F077FB452179
:103A78009F4812F079FF994810F094FE20461EF0F6
:103A880057F89C49204601F085FF6B21204684F8B1
:103A9800A57084F8306184F82F6101F00BFD0021D6
:103AA800204601F007FD3146204601F0DBFD0028E5
:103AB80040F0DF831A21204684F8A57084F830612D
:103AC80084F82F6101F0F6FC0321204601F0F2FC96
:103AD8003146204601F0C6FD2F21874812F044FFE9
:103AE8007E4810F05FFE854B01210620844C1E7035
:103AF80011F034FB0021062011F0F4FA192011F01E
:103B080073FA01210620DFF8189211F0EBFAC820A9
:103B180011F06AFA01210A2011F020FB01210A2084
:103B280011F0E0FA6168774BD9F80020A3FB023264
:103B3800920C02EB8202920063685B1A9A42FBD8ED
:103B480002210C2011F00AFB6E4B6168D9F80020A5
:103B58006B4EA3FB02323223920C03FB02F2736812
:103B68005B1A9A42FBD80C20654F11F0E5FA032145
:103B780004460C2011F0F2FA624B7168D9F8002063
:103B8800A3FB02323223920C03FB02F27B685B1A1E
:103B98009A42FBD80C2011F0CFFA002106460A20E1
:103BA80011F0A0FA7968574BD9F80020544FA3FBBD
:103BB8000232920C02EB820292007B685B1A9A42F4
:103BC800FBD802210C2011F0C9FA79684D4BD9F8BD
:103BD80000204B4FA3FB02323223920C03FB02F26C
:103BE8007B685B1A9A42FBD80C2011F0A5FA0321D6
:103BF80080460C2011F0B2FA7B68424AD9F80010CE
:103C08003F4FA2FB01213222890C02FB01F17A68A5
:103C1800D21A9142FBD80C2011F08EFA012182466B
:103C28000A2011F05FFA00210C2011F097FA4346A0
:103C3800354A28213548CDF800A0CDE9014618F0CD
:103C480039F9324A3249254810F0C8FD314801F0A7
:103C5800CBFA01210A202A4C11F080FA01210A200E
:103C680011F040FA7968274BD9F80020A3FB0232FB
:103C7800920C02EB820263685B1A9A42FBD8072314
:103C8800254A04AE2348CDE9042396E80600FEF74A
:103C980023FE00210A2011F025FA6068194BD9F893
:103CA80000201749A3FB0232920C4B681B1A9A4258
:103CB800FBD8184C002223685A6633E09CD00020B9
:103CC800E7D00020E6D00020109D0020E4C00020AE
:103CD80061020000500F0020CC960020A09C00201C
:103CE800F8960020580F0020709D002010970020A3
:103CF8002C970020801A0600A0970020C9D0002029
:103D0800001000E083DE1B43D097002078A100203C
:103D1800F0970020509C002040420F00ACD00020BB
:103D28004C9C0020DA6D12F4F81FFBD05A6F392230
:103D38005A66DA6D12F4F81FFBD05A6F00225A66E1
:103D4800DA6D12F4F81FFBD05A6F00225A66DA6D4A
:103D580012F4F81FFBD05B6F0121AE4F0A203B70B5
:103D680011F0C0F9E37CF3B1DA0704D5A16A4FF08A
:103D7800E022C2F80011980704D5E16A4FF0E0226A
:103D8800C2F80411590704D5216B4FF0E022C2F89C
:103D980008111A0704D5616B4FF0E022C2F80C1124
:103DA800D80600F12A8207239B499C48CDE90413D1
:103DB80096E80600FEF790FD00210A2011F092F91E
:103DC8009749984B4868D9F80020A3FB0232920C17
:103DD8004B681B1A9A42FBD8236800225A66DA6D90
:103DE80012F4F81FFBD05A6F39225A66DA6D12F4B2
:103DF800F81FFBD05A6F00225A66DA6D12F4F81FCA
:103E0800FBD05A6F00225A66DA6D12F4F81FFBD005
:103E180001210A20D3F8748011F064F9E37CF3B12E
:103E2800DA0704D5A16A4FF0E022C2F8001198071A
:103E380004D5E16A4FF0E022C2F80411590704D50D
:103E4800216B4FF0E022C2F808111A0704D5616B04
:103E58004FF0E022C2F80C11D80600F1C881DFF853
:103E6800C0A132206F4BDAF80410D9F80020A3FB68
:103E78000232920C00FB02F2DAF804305B1A9A4222
:103E8800FAD8072364496548CDE9041396E8060083
:103E9800FEF722FD00210A2011F024F9DAF80400C7
:103EA800604BD9F800205E49A3FB0232920C4B68A4
:103EB8001B1A9A42FBD8236800225A66DA6D12F45C
:103EC800F81FFBD05A6F39225A66DA6D12F4F81FC0
:103ED800FBD05A6F00225A66DA6D12F4F81FFBD035
:103EE8005A6F00225A66DA6D12F4F81FFBD00121CE
:103EF8000A20D3F8749011F0F5F8E37CF3B1DA07EF
:103F080004D5A26A4FF0E021C1F80021980704D532
:103F1800E26A4FF0E021C1F80421590704D5226B69
:103F28004FF0E021C1F808211A0704D5626B4FF061
:103F3800E021C1F80C21DB0600F153813B785FFAE0
:103F480089F25FFA88F1384801921A460091374998
:103F580010F044FC0A2007F0F7FF0D21344812F056
:103F680003FD4FF47A6242F21071324807F008FFFD
:103F7800044607F0FBFF032800F07581022800F0D3
:103F88004281012800F0C181DFF8E0802A4BC8F89F
:103F98000030002840F03C81284B2949294A0B6011
:103FA80011212948136012F0DFFC1F48274F10F039
:103FB800F9FB274C27492246274810F00FFC3B788D
:103FC800002B00F04581254B22689A4200F03A8187
:103FD80042F2B821224808F0F5FA002800F097814B
:103FE8000124DFF88CA0DFF87C90DFF888B01D4A48
:103FF8001D490D4810F0F2FB00212C2205A8049160
:1040080016F048FDE3237B22494615488DF8103009
:1040180032E000BF2DA9002040420F00509C002034
:10402800001000E083DE1B43A09C00200C980020B9
:1040380068980020D0110020180A002078980020E5
:1040480074A1002060A2002084980020CAD000201B
:1040580038A10020E8980020109D0020302E302E36
:10406800F8B700203C9900204C99002070A100204E
:10407800314E31347F7EAA834EF60643CDF81CA01C
:10408800ADF8123008F038FB48B330223146B0485A
:1040980008F0C2FAAE4808F0B9FA00B32F682B68E6
:1040A80007F2DC57FB1A002B19DDDFF8A48205E0C4
:1040B80010F09AFF2B68FB1A002B10DD404608F021
:1040C80083FB034605202F2BF2DD30223146A04822
:1040D80008F0CAFA0E9B1BBA5B4500F22381224600
:1040E8009C4901349C4810F079FB4FF4967010F00D
:1040F8007BFF042C80D12121984812F035FC96488A
:1041080010F050FB964B974A91481A6008F04EFA07
:10411800FEF7C0FAFEF7B2F8FEF734FB924B934A6B
:104128001B6893491278934810F058FB00224FF40B
:10413800164191480FF0F0FF322010F055FF002390
:1041480040F24C428C498D4807F0A4FB044698B9CC
:1041580002464FF4165188480FF0DEFF322010F067
:1041680043FF234640F24C428349844807F092FBC0
:104178000446002800F0AE801021814812F0F4FBBC
:10418800754810F00FFB012440F24C4201217B4896
:1041980007F082FD40F24C421921784807F01CFCD8
:1041A80040F24C422146754807F0AAFD754B1C7039
:1041B80011B0BDE8F08F2B6822789B1B6AB1B3F56C
:1041C800FA6F3FF601AC12F04DFCFFF7ECBB2B6821
:1041D800DB1BB3427FF60EAC1EE44345F3D9FFF771
:1041E800F3BBA26B4FF0E023C3F81021A6E6A26B45
:1041F8004FF0E023C3F8102131E6A26B4FF0E02323
:10420800C3F81021CFE5604BDFF8D481C8F800303F
:1042180001235E4F3B7007F09DFE012832D0022833
:104228006AD05B4BDFF8BC91C9F80030002C30D164
:104238004C485849D8F8002008605749464810F0BB
:10424800CDFAB6E603F1524362689A427FF4C0AEF3
:104258001521524812F088FB3F4810F0A3FA404B52
:104268004F4A1A6054E7DFF878814E4BC8F800309F
:10427800CEE72B214C4812F077FB3748002610F088
:1042880091FA30E4494BDFF85C91C9F80030002C12
:10429800CED0404B3046464A1A6007F077FE9DF86C
:1042A80017301021434A02939DF816304248019373
:1042B8009DF8153000939DF8143017F0FBFDD9F8E0
:1042C8000020D8F800303D49009223483A4A10F0BF
:1042D80085FA6EE635213A4812F046FB1E4810F082
:1042E80061FA22464FF4165123480FF015FF254B6B
:1042F8001C7011B0BDE8F08FDFF8E890314BC9F8B9
:104308000030002CC5D1304893E7304B7CE71621AC
:104318002F4812F029FB104810F044FA104B2D4A90
:104328001A60F5E62C4C1C44204611F0F5F920469D
:1043380000210FF05FFD22462849074810F04EFA89
:10434800074B1B4A02481A6008F030F9E0E600BF44
:10435800F8B7002064990020A09C002094990020C0
:1043680048A1002028990020C4B10020D3D0002003
:104378006C0D0020109D0020B09C0020A8CE0020CD
:10438800F0990020C8D00020C4960020CAD0002090
:10439800B096002060A2002098980020F89800208D
:1043A80010990020049A002074970020B8960020E5
:1043B800680B0020B898002038A10020C49800207D
:1043C800B89900209C960020A4960020BC96002056
:1043D80018990020309900208081557C8099002010
:1043E80070A1002074A100202DE9F04F584A594DC2
:1043F80011682B685B1AB3F5FA7F2DED0C8B8DB025
:1044080080F01284FEF74EFB534A2B6840F6B73112
:1044180010681B1A8B4215D9504B29681B781160FC
:10442800002B40F01D844E4B4E484F4900684F4AC0
:104438000968126802904E48009101904D494E4813
:1044480010F0CCF94D4F4E4EDFF85C8111E00BF0C7
:104458002BF806EE900A3368B8EE666B2A680133CB
:10446800C8F80020336097ED007B37EE067B87EDB8
:10447800007B0BF009F804460028E8D1414B1A7874
:104488004AB9414A1278002A40F0B084334B1B786D
:10449800002B40F0A5833D4B1B7833B13C4A29687B
:1044A8001368CB1A032B00F28380DFF8009199F888
:1044B8000030002B40F08581364E374FDFF8E08022
:1044C80007E00FF09DFD3B682A680133C8F800201B
:1044D8003B6030460FF042FD03463046002BF0D1DA
:1044E8002E4A2B6811685B1AB3F57A7F27D32C4FB5
:1044F800296899F800603B681160002E00F073810C
:10450800002B40F0B9839FED278A1E4629681A467A
:10451800F0EE489AB0EE489AF0EE488A9FED0AAB62
:10452800B0EE4ADBB0EE4ACBB0EE4ABB40F2DB5706
:10453800DFF86480B94294BF0227032773E10DB006
:10454800BDEC0C8BBDE8F08F0000000000000000FF
:10455800E0C000209CD00020D8C00020CAD0002095
:104568003C95002048A1002060A2002070A10020F6
:1045780038A1002044950020A09C002080B0002095
:1045880088B20020CFD00020CED00020C9D0002093
:10459800F8CA0020B09C002084B20020DCC00020B3
:1045A8009CB200200000000098B20020C8D0002073
:1045B800D94ED0230127116086F8A5303B2130461B
:1045C80086F8307186F82F7100F074FF00213046AC
:1045D80001F048F83B460E226821304601F0C2F847
:1045E8000D287FF662AF96F8A23096F8A320934282
:1045F80080F09B84D819F118C0B291F91A10824240
:104608004FEA012186F8A20040F28F843044807E70
:10461800014306EE101A991CC9B28A4286F8A21004
:1046280040F20585D81C3144C0B291F91A10824273
:104638004FEA012186F8A20040F2F9843044807ED6
:10464800014305EE901A191DC9B28A4286F8A210D4
:1046580040F2D384581D3144C0B291F91A108242F5
:104668004FEA012186F8A20040F2C7843044807ED8
:10467800014307EE901A991DC9B28A4286F8A21022
:1046880040F2C684D91DC9B28A4240F25B8403F164
:104698000801C9B28A4240F2558403F10900314445
:1046A800C0B291F91A1082424FEA012186F8A2009D
:1046B80040F2AE843044807E014307EE101A03F1C5
:1046C8000A01C9B28A4286F8A21040F24C8403F16A
:1046D8000B003144C0B291F91A1082424FEA01210D
:1046E80086F8A20040F23F843044807E014306EE03
:1046F800901A03F10C01C9B28A4286F8A21040F25E
:10470800478403F10D003144C0B291F91A10824276
:104718004FEA012186F8A20040F253843044B8EEF3
:10472800C66AF8EEE55A9FED7D4A827EF8EEE77A92
:10473800B8EEC77ADFED7A4A0A43F8EEE66A26EE63
:10474800046A0E3305EE102A65EE845A67EE847A01
:1047580086F8A230B8EEC55A27EE247A66EEA46A27
:1047680025EE245A6F4BDFF8089293ED002AD3ED1B
:10477800012A93ED023A32EE062AD3ED033A72EE9D
:10478800A52A93ED044A73EE275AD3ED054A33EE72
:10479800876A9A6934EE267A74EE857A83ED002A60
:1047A8000132C3ED012AC3ED025A83ED036A83ED9A
:1047B800047AC3ED057A9A6199F80030002B3FF42A
:1047C8007BAE0021584807F053F900283FF488AE23
:1047D8002B68564F564A296899F800603B6011606B
:1047E800002E7FF48DAE9FED538A32462968F0EE95
:1047F800489AB0EE489AC91AF0EE488A33469FEDB7
:1048080044ABB0EE4ADBB0EE4ACBB0EE4ABBDFF8C1
:10481800648140F2DB50D8F80070003F18BF0127D0
:10482800814288BF00274449444808978DED06AB6C
:104838008DED04DB8DED02CB8DED00BBCDE90A23B8
:104848000FF0CCFF0897D8F800103D4809913D4972
:10485800DDE90A238DED06AB8DED04DB8DED02CB92
:104868008DED00BB0FF0BAFF37492B6840F2EE22FE
:1048780009685B1A934200F26D82344D2B68002B55
:1048880040F0EB82324B1F88BA46102010F068F9CE
:1048980007EE100ADFED387AB8EEC77A9FED2D6A79
:1048A800DFED2D6A27EE277AC7EE067AF4EEE67A70
:1048B800F1EE10FA00F132839FED287AF4EEC77A10
:1048C800F1EE10FA00F32A83B6EE007ADFED244AFF
:1048D8009FED245AF2EE046A234B77EEC77A9FEDD8
:1048E800236AD3ED005A67EEA47A67EE857AE5EE7F
:1048F800867AA7EEA67AC3ED007A47F23053FDEE2A
:10490800C77A17EE905A9D42A8BF1D464CE000BFDB
:104918000000000000000000709D002000008038AA
:104928002D23FA3BACB20020A8CE00209CB2002078
:10493800DCC0002000000000CC950020109D002065
:10494800A09C0020F095002098B2002088B200209A
:10495800BAD00020ABAA2A3F9A99993E666696403B
:1049680000001642CDCC4C3EE4CA0020CDCC4C3FD2
:10497800C8D0002084B200206740533A0000164394
:10498800333353400050C3476A230D39D26D093B76
:1049980006236135339388436666E63F000000428C
:1049A800000020C20000C84325EAE5750FFA85F823
:1049B800112010F0D5F840F6F573421F9A4200F224
:1049C800908207EE900A5FED145A5FED146AB1EE1B
:1049D800046AF8EEE77A1FED167A67EEA57A67EEB5
:1049E800A66A77EE677A86EEA70AB4EEC60AF1EEF3
:1049F80010FA00F176825FED1D7AB4EEE70AF1EE67
:104A080010FA00F36E8212F007F95FED216A1FEDCC
:104A1800217A5FED217AA0EE267A60EE277A67EE9A
:104A2800807AA0EE277AB5EEC07AF1EE10FA40F25D
:104A38005882F7EE004A1FED295A5FED295A5FEDBB
:104A4800297AC4EE876A1FED2A6A36EEC57AE7EE40
:104A5800257AF4EEC67AF1EE10FA00F142821FEDE3
:104A68002F7AF4EEC77AF1EE10FA00F33A82C64BC9
:104A78001A78002A40F0E680C44AC2ED007A012282
:104A88001A70F2EE046AB6EE007AA7EEA67AFDEE88
:104A9800C77A17EE903A0FFA83F9CB462B4652465F
:104AA800BB49BC48CDF800B00FF098FE2B46BA4D74
:104AB8005246B749B948CDF800B00FF08FFEAB6940
:104AC800002B00F0548107EE903AF7EE006AD5ED1E
:104AD800002A0023F8EE677A95ED016A95ED025AEF
:104AE80095ED034A86EEA77A95ED043AD5ED057A59
:104AF8002B606B60AB60EB602B616B610023AB617B
:104B080067EE222A27EE066A27EE055A27EE044AA0
:104B1800C5ED072A27EE033A85ED086A27EE277ABE
:104B280085ED095A85ED0A4A85ED0B3A85ED0C7A33
:104B3800B7EEC77A9A49B7EEC33A9648B7EEC44A71
:104B4800B7EEC55AB7EEC66A8DED087BB7EEE27AC6
:104B58008DED063B53EC172B8DED044B8DED025B71
:104B68008DED006B0FF03AFE95ED087A95ED0C3A55
:104B7800B7EEC77A95ED0B4A95ED0A5AB7EEC33AE8
:104B880095ED096AB7EEC44AD5ED072AB7EEC55ABE
:104B9800B7EEC66A824981488DED007BB7EEE27AAE
:104BA8008DED083B53EC172B8DED064B8DED045B1B
:104BB8008DED026B0FF012FE7A4B1B7823B17A4B06
:104BC8001B78002B40F0A9800FF0CAF877490246FD
:104BD80070480DB0BDEC0C8BBDE8F04F0FF0FEBD7A
:104BE80007F0B8F901287FF456AC714E3368002BF2
:104BF8003FF451AC6F4A42F20F712B6810681B1AD0
:104C08008B427FF648AC2B681360FEF7C3FD002883
:104C18003FF441ACFDF7B6FD674A3368674912783F
:104C28005C480FF0DBFD36E42B680D20136010F0B4
:104C380083FA01460D20B1FA81F1490910F052FAC0
:104C4800FFF7E0BBDFED5E6A504B67EEA67A9FED9B
:104C58005D7AD3ED006AE6EE877AC3ED007A10E755
:104C680007F078F9012800F02A81574B574A0228A3
:104C780018BF1346FFF7D8BB40F24C41544806F022
:104C880031FF40F24C410646514806F04FFF40F2D2
:104C98004C4104464E4806F08DFF07EE900A40F25C
:104CA8004C414B48B8EEE79A06F062FF07EE900ACF
:104CB80040F24C414648F8EEE79A9FED468A06F0E6
:104CC8009BFF07EE900A29EE089A40F24C4169EEE4
:104CD800889A3F48B8EEE78ADFED3F7A28EE278AC0
:104CE80006F0B2FF07EE900A3A682968B7EEC9BA2B
:104CF800F8EEE78ADFED397A99F80030891AB7EECD
:104D0800E9CA324668EEA78AB7EEC8DAB7EEE8AA6B
:104D1800002B40F00781234679E5CDF80090F0EEAE
:104D2800681AB0EE481AD5ED0C4AF0EE690A95ED0E
:104D38000B4AB0EE490AD5ED0A3A95ED093A4346D1
:104D4800D5ED082A3A4695ED072A21463046FDF763
:104D580061FB39E70021224A00200023C2E9000153
:104D680020499A46204A1F460B6013808DE5D5EDF1
:104D7800072A95ED086A95ED095A95ED0A4A95EDC9
:104D88000B3A95ED0C7AD3E6DCD00020E8CA002077
:104D980024960020109D0020ACB20020A09C00208A
:104DA80034960020CED00020D0D000205896002085
:104DB800C4B10020FCCA0020D3D000206C0D002014
:104DC800CDCC4C3ECDCC4C3F9C960020409500204D
:104DD800A8CE002095BFD633A099123BACC5273783
:104DE80080B0002088B20020BAD000201A78002AAB
:104DF80073D1954E3768002F3FF44DAB934A29681D
:104E08001068091AC7297FF646AB29681B78116014
:104E1800002B6AD18E4B1B78002B66D007F09AF8CE
:104E2800012862D123463A468A498B48FEF71CFB83
:104E3800A0F1C803632B59D80023884933600B7845
:104E4800002B7FF428AB0122854B86480A701B682B
:104E580085490FF0C3FCFFF71EBB07EE903A834F5E
:104E6800B8EE677B97ED005B85EE076BFCEEC67BC3
:104E780017EE900A0AF03AFBB7EEC07AB6EE006B6E
:104E8800002300229FED6C5BC7E90023002327EE77
:104E9800057B2B6027EE067BB5EEC07BF1EE10FAA2
:104EA80008D49FED675BB4EEC57BF1EE10FA09DD1F
:104EB8004FF6FF736E4A9A461F461380E5E46D4B22
:104EC800FFF7B2BA37EE067B694BBCEEC77B17EE2D
:104ED800102A97B2BA461F80D7E45B4B1860FFF7D9
:104EE800DABA4FF0FF3BD946D8E5002002466249BE
:104EF80062480FF073FC624B01221A700022574B74
:104F08003260197800293FF4C6AA55491A705548E5
:104F18000B6855490FF062FCFFF7BDBA4FF0FF353B
:104F2800A84645E52346FFF701BB9FED566ADFED2E
:104F3800555ADFED547A9FED547ADFED536A9FEDB1
:104F4800525A0FE4B8EEC66A9FED507AF8EEE55A69
:104F580086F8A210F8EEE77A26EE076A65EE875A19
:104F680067EE877AE7E7B8EEC66ADFED486AF8EEDB
:104F7800E55A9FED475AF8EEE77AB8EEC77A26EE7B
:104F8800266A65EEA65A67EEA67A27EE057AD4E772
:104F9800B8EEC66A9FED3D5AF8EEE55ADFED3C4A99
:104FA800F8EEE77AB8EEC77AF8EEE66A26EE056A12
:104FB80065EE855A67EE857A27EE247A66EEA46A4E
:104FC800BDE7B8EEC66ADFED314AF8EEE55A9FED67
:104FD800304AF8EEE77A9FED2C5AB8EEC77AF8EE29
:104FE800E66A26EE246A65EEA45A67EEA47A27EEEE
:104FF800047A66EE846AFFF7B5BBB8EEC66ADFEDE1
:10500800237AF8EEE55A26EE276A65EEA75A90E766
:10501800B8EEC66A9FED1D7AF8EEE55AF8EEE77A23
:1050280026EE076A65EE875A67EE877A83E7BAEE57
:10503800C96A7CE7AFF300800000000000004E4022
:1050480000000000E0FFEF40D8B00020A0B2002030
:10505800CAD000201CB800207C950020D3D00020A6
:10506800C4B10020109D00206C0D002080B00020ED
:10507800BAD00020B896002084950020A09C00207B
:10508800D2D00020000080B82D23FABB0000803861
:105098002D23FA3B90F81CC04160BCF1020FC2609E
:1050A80001D1836818470EF0D1BE00BFF0B4046880
:1050B80040F201251E462561A3B121B311F8015B19
:1050C800013B6566256FAF0707D41546013E676F3C
:1050D8001AB105F8017B2A4604686569ED07F1D520
:1050E800002BEAD16EB10368196F8907FAD411460B
:1050F800013E5B6F002AF5D001F8013B0A46002EFD
:10510800F1D1F0BC704790F83C50D9E7324B3349A5
:1051180030B5D3E911542079C8771A6C95F804C0D2
:1051280081F81CC0087752B1B2F5004F23D32C493F
:1051380011442A4A1964D07682F81BC030BD196818
:105148000F24D86C8C6540F20134CA610C614FF4AD
:105158007C544C6103210468246883F83D10214B7A
:105168009C4226D1037F4260022BC26026D183680D
:10517800BDE8304018472D68E98B090422D492B263
:10518800EA832168EC8BA4B2EC82CC8B240405D58D
:10519800CC8BC2F3080204F47E442243CA83CA8B30
:1051A80092B2CA8200210D4A1964D07682F81BC0D7
:1051B80030BD23461146BDE830401847BDE83040B1
:1051C8000EF044BEE98BC2F3080E92B201F47E41A0
:1051D80041EA0E01E983D4E7509C002000800E408C
:1051E8000180FFFF452F000043682DE9F04FD3E908
:1051F8000041814D4FF0B80A22684FF0020822EAB8
:1052080001027E492260AA6911407D4A0A43AA61C7
:1052180090F810E07B4A03EB0E0603EB8E0E317C10
:1052280002EB01118968C1F800A090F811C003EBE6
:105238000C050CF10A0C95F8241002EB0111896891
:10524800C1F800A0817C03EB010903EB810199F807
:1052580038B002EB0B1BDBF808B0CBF800A0D4F891
:1052680000A05F684AEA070AC4F800A0347CDEF8A8
:1052780014E002EB04146468C4F800E095F82440D4
:1052880053F82CC002EB04146468C4F800C0C96B5E
:1052980099F8384002EB0412526811609A6C99F838
:1052A800441011601A6A317F5B6B116095F83020E9
:1052B8001A600F220368C3F810809A65C27C002A1E
:1052C80031D072B6C37CDC0708D54FF0E0214469C1
:1052D800D1F8802122408262C1F88021990708D53F
:1052E8004FF0E0218469D1F884212240C262C1F8DC
:1052F80084215A0708D54FF0E021C469D1F88821E4
:1053080022400263C1F888211F0708D54FF0E02129
:10531800046AD1F88C2122404263C1F88C21DE0650
:1053280055D462B60368384C8268A24259D0324AD2
:10533800846092693549C2F30116C2F38262344D22
:1053480051F826100132B1FBF2F2AA4231D80022FC
:10535800C260002403211C610724596201211A64D8
:105368001C661961C37C13B3DD0704D5816A4FF04D
:10537800E022C2F800119C0704D5C16A4FF0E02270
:10538800C2F80411590704D5016B4FF0E022C2F8A6
:1053980008111A0704D5416B4FF0E022C2F80C112E
:1053A800DB0604D5826B4FF0E023C3F81021BDE87B
:1053B800F08F1849A1FB0251090DB2FBF1F2A2428C
:1053C80088BF0131B1F5817F0DD3134AC0E74FF093
:1053D800E022416AD2F890310B408363C2F89031E1
:1053E8009FE7C268B5E70229B1D902394C08220201
:1053F80042EA04420A43ABE700C00F40CFFFFFE395
:1054080010000008A491002000093D006823002036
:10541800FF083D0083DE1B43FF7F7F000BB1FFF7D2
:1054280045BE70474368D3E900120968114200D1AC
:10543800704710B502680446002005211061227CDF
:105448001344187C0FF08AFE627C636805211344BC
:1054580093F824000FF082FE6368A27C05211344B0
:10546800BDE8104093F838000FF078BE90F8A320FC
:1054780090F8A200101A704790F8A23090F8A32074
:105488009A4205D95A1C034480F8A220987E704796
:105498004FF0FF30704700BF90F8A23090F8A3207B
:1054A8009A4202D91844807E70474FF0FF30704707
:1054B800704700BF0346B0F8300178B193F82F2148
:1054C800882A03D9012200205A60704702F1010C92
:1054D80001201A4483F82FC182F8A510704700BF35
:1054E80038B5B0F830410CB9204638BD90F82F31A6
:1054F8000546C3F18904A2420DD8144605F1A5005A
:10550800224618440FF06AFF95F82F3120462344AD
:1055180085F82F3138BD01224260EFE72DE9F04FC1
:10552800D0F814A01524017E8146437E83B00AEB8F
:105538000111384A0AEB0313374F097A93F82830D8
:1055480002EB01150901E86852F8018002EB03112A
:10555800D5F804B01B01CE68D558CBF80040C8F880
:105568008400D8F804304A6803432C490192C8F8EB
:1055780004301460C5F884606B6833436B60284B53
:105588004C683A68A3FB0232920C02EB820252008A
:105598004B681B1B9A42FBD84FF0090C1F4ADFF8D7
:1055A80080E0D8F80830034202D0AB6833422FD1EC
:1055B800C5F8886054683968AEFB0131890C01EB85
:1055C800810153681B1B9942FBD8C5F88460546855
:1055D8003968AEFB0131890C01EB810153681B1B53
:1055E8009942FBD8BCF1010CDBD1604699F8183020
:1055F800019A0AEB0313DB68CBF8003099F81930ED
:105608000AEB031ADAF82C30136003B0BDE8F08F08
:105618000120EBE7A49100204C9C0020001000E042
:1056280083DE1B430E4A10B51168046905E0DB01EF
:1056380007D413685B1A102B08D8636913F0007F2E
:10564800F5D14FF4FE430120636110BDFFF766FFFB
:105658000028FAD04FF4FE4301206361F5E700BF4C
:105668009CD000202DE9F04790F82FA10569BAF1E8
:10567800000F4FD081468846FFF7D4FF002849D055
:10568800374E0024376818E06B69190551D4DA04DD
:1056980055D4580559D4990441D43268D21B322ABA
:1056A8003DD8544507D9EA6D520704D19B0555D416
:1056B800B8F1000F52D011F0D5F95445E4D8EA6D8D
:1056C800500702F00703DFD413E099F8A52001334F
:1056D800022442F48062042B2A661ED08A4503F114
:1056E800010309EB01020ED992F8A520042B2A66C2
:1056F800CAD00121002CE8D02146013301348A4563
:1057080009EB0102F0D8B8F1000FBDD04FF40073D7
:105718002B66B9E70420BDE8F0870124B4E72B69BC
:105728004FF40072042043F440732B612A66BDE8ED
:10573800F0872B69042043F440732B61EBE72B6956
:10574800052043F440732B61E5E72B694FF40072A1
:10575800022043F440732B612A66DCE70020DAE775
:105768009CD000202DE9F84F83460C4615461F466D
:10577800D0F810A0FFF756FF002800F09E806100C7
:10578800012DDFF83C8140F20146CBB24FF0000119
:1057980038BF0125D8F800900C461E43ABF8A2107C
:1057A80020E09BF8A330872B3FD9DAF814201005A6
:1057B8005AD412F4105F70D1D8F80030A3EB090363
:1057C800322B6AD89BF8A330AB4209D3022C07D9F5
:1057D800DAF85C30590703D193054BD4002F49D030
:1057E80011F040F9022CDCD8DAF85C3003F007023B
:1057F8005B07D6D4681E224440F480704CB9CAF8BE
:1058080060600134131B032BCBD8022CC9D8002CA1
:10581800F5D0012C37D01FB14FF40073CAF86030AF
:105828009BF8A3300324872BBFD8DAF85C2012F446
:10583800E02FC2F3024CB8D0591C9C441933C9B2AA
:105848005FFA8CFC5BFA83F3DAF870004A1C614556
:105858008BF8A310D1B203F8010FA6D08929F3D190
:10586800DAF814201005A4D5DAF8103043F44073A0
:10587800CAF81030DAF85C3013F4E02F06D19BF840
:10588800A300BDE8F88FCAF86000BAE7DAF810306C
:1058980043F40073CAF81030F1E7DAF810304FF427
:1058A800007243F44073CAF81030CAF86020DAF87E
:1058B8005C3013F4E02FE2D0E8E70420BDE8F88F6D
:1058C8009CD00020F8B506690446D6F8145115F4A2
:1058D800706301D0C6F81431A8070BD5D6F870212B
:1058E80011043ED50023012184F8A230234484F812
:1058F800A3109A76EB0710D594F83071FFB194F89D
:105908002E7194F82F31BB4227D97B1C274484F889
:105918002E3197F8A530C6F8603115F4407F0DD0C8
:1059280094F8A30018B1D4F83C3103B19847002388
:10593800A4F8A230A4F82E3184F83031F8BDD4F898
:10594800383103B19847002384F82E31012384F8B5
:10595800303194F82F31BB42D7D80023C6F86031D4
:10596800DBE794F8A330872BC4D8591CC9B2BDE72C
:105978000148FFF7A7BF00BF709D00200148FFF74F
:10598800A1BF00BFB09E00200148FFF79BBF00BF2A
:10599800F09F002010B4144C00220369A1421A6140
:1059A80014D8124C012012494FF430329C645862CA
:1059B8009962DA629C6C00204FF0011101221C658B
:1059C80018625DF8044B99651A617047094881426D
:1059D80007D9094C09480A499C645A629862D962F5
:1059E800E8E7084C0848F6E77F1A06003B3728190D
:1059F800B80B05053F420F000A09070460090101B9
:105A0800007F05001C1A120C100E0202D0F8D800F4
:105A180010B103681B681847704700BF704700BF84
:105A280069B170B5054608460C4616F091F92B6821
:105A38000246214628465B68BDE870401847704713
:105A480038B5044649B108460D4616F081F9236871
:105A5800024629465B68204698472046BDE83840FC
:105A68000EF0A0BE10B43E4C00223E4940F6641C25
:105A780004604FF4005484804224C0E90222C0E943
:105A88000422C0E90622C0E90822C0E90A22C0E9C6
:105A98000C22C0E90E22C0E91022C0E91222C0E996
:105AA8001422C0E91622C0E91822C0E91A22C0E966
:105AB8001C22C0E91E22C0F8F0404FF40044C0F890
:105AC800D820A0F8104100F1FC04C0F8E020C0F88C
:105AD8001C4100F1FE04C0E92022C0E92222C0E9ED
:105AE8002422C0E92622C0E92822C0E92A22C0E9E6
:105AF8002C22C0E92E22C0E93022C0E93222C0E9B6
:105B08004022C0E94222C0E94522C0E94812C0E962
:105B18004A24154CC0F85C21A0F858C180F86C21C3
:105B2800C0F87021A0F8742180F88021C0F8842181
:105B3800A0F87A21A0F87C21C0E95414C0E94C12DD
:105B4800C0E9501258215DF8044B80F86511012115
:105B5800C0E94E22C0E95222C0E93D21704700BF8A
:105B6800B4210020000002020002646438B5044633
:105B7800D0F8700168B194F8F130002B40F0D98367
:105B88000FF0CAFC0023C4F87031A4F87431A4F8EB
:105B98007A31A06820B103210FF0C0FC0023A36074
:105BA800E06820B134210FF0B9FC0023E360A06C59
:105BB80020B12C210FF0B2FC0023A364236963B148
:105BC800586A002800F0E08214210FF0A7FC23692E
:105BD800002B40F0D98200232361636963B1186AFE
:105BE800002800F0DB8210210FF098FC6369002B7D
:105BF80040F0D48200236361A36963B1586A002826
:105C080000F0C78214210FF089FCA369002B40F033
:105C1800C0820023A361236A63B1186B002800F0D7
:105C2800E58220210FF07AFC236A002B40F0DE8207
:105C380000232362636AFBB1186F002800F0D18249
:105C48005C210FF06BFC94F8F130002B40F082835C
:105C5800636A002B40F0C582002294F8F13062623A
:105C680053B1D4F8DC502522A0492B6828465B683C
:105C7800984728460EF096FDA36A63B1586A002833
:105C880000F0AA8214210FF049FCA36A002B40F00F
:105C9800A3820023A362236B63B1586A002800F033
:105CA800968214210FF03AFC236B002B40F08F8270
:105CB80000232363636B63B1586B002800F0828272
:105CC80024210FF02BFC636B002B40F07B82002318
:105CD8006363A36B63B1D86A002800F06E821C214D
:105CE8000FF01CFCA36B002B40F067820023A3631A
:105CF800E36B63B1586B002800F05A8224210FF03F
:105D08000DFCE36B002B40F053820023E363236C0C
:105D18006BB1D3F88800002800F0458274210FF099
:105D2800FDFB236C002B40F03E8200232364E36AD2
:105D380063B1186A002800F0CE8214210FF0EEFB40
:105D4800E36A002B40F0C7820023E362636C63B10F
:105D5800586A002800F0BA8214210FF0DFFB636C48
:105D6800002B40F0B38200236364E36C63B1586B8B
:105D7800002800F0A68228210FF0D0FBE36C002B4E
:105D880040F09F820023E364236D73B1D3F80C0CB9
:105D9800002800F0908240F6FC310FF0BFFB236D25
:105DA800002B40F0888200232365636D63B1186D72
:105DB800002800F07B8240210FF0B0FB636D002BC0
:105DC80040F0748200236365A36D63B1186A0028EC
:105DD80000F0678210210FF0A1FBA36D002B40F0AB
:105DE80060820023A365E36963B11869002800F0A5
:105DF800538204210FF092FBE369002B40F04C82A0
:105E08000023E361E36D6BB19868002800F03F82DE
:105E18004FF404710FF082FBE36D002B40F03782E2
:105E28000023E365236E6BB19868002800F07C823C
:105E38004FF406710FF072FB236E002B40F0748252
:105E480000232366636E5BB19868002800F06782C0
:105E58000FF062FB636E002B40F0618200236366E3
:105E6800A36E63B19868002800F054820C210FF0EB
:105E780055FBA36E002B40F04D820023A366E36E12
:105E880063B1986D002800F0408248210FF046FB6E
:105E9800E36E002B40F039820023E366236F73B171
:105EA800D3F89C0B002800F02A824FF439610FF0D8
:105EB80035FB236F002B40F0228200232367A06F5D
:105EC80020B10C210FF02AFB0023A367D4F88030FF
:105ED8008BB1D86A002800F00D821C210FF01EFB40
:105EE800D4F88030002B40F0058201E0481E0020E5
:105EF8000023C4F88030E36F6BB1D3F8A800002802
:105F080000F0F3819C210FF009FBE36F002B40F0B8
:105F1800EC810023E367D4F8843073B1186A002851
:105F280000F0DE8110210FF0F9FAD4F88430002B4C
:105F380040F0D6810023C4F88430D4F8943073B18B
:105F4800D86B002800F07B812C210FF0E7FAD4F8F9
:105F58009430002B40F073810023C4F89430D4F8B7
:105F6800883073B1586B002800F0648124210FF049
:105F7800D5FAD4F88830002B40F05C810023C4F8AF
:105F88008830D4F88C307BB1D3F89400002800F026
:105F98004C8188210FF0C2FAD4F88C30002B40F0E5
:105FA80044810023C4F88C30D4F8903083B1D3F8FE
:105FB8004402002800F033814FF40E710FF0AEFA5E
:105FC800D4F89030002B40F02A810023C4F8903098
:105FD800D4F8A40028B182210FF0A0FA0023C4F855
:105FE800A430D4F8A80030B14AF2FA710FF096FA4A
:105FF8000023C4F8A830D4F89C3073B1186B00287B
:1060080000F0088120210FF089FAD4F89C30002B89
:1060180040F000810023C4F89C30D4F8A03073B15C
:10602800586B002800F0F18024210FF077FAD4F89B
:10603800A030002B40F0E9800023C4F8A030D4F849
:10604800983073B1986D002800F0DA8048210FF07D
:1060580065FAD4F89830002B40F0D2800023C4F8B9
:106068009830D4F8AC307BB1D3F8D400002800F0D5
:10607800C28065210FF052FAD4F8AC30002B40F002
:10608800BA800023C4F8AC30D4F8B0307BB1D3F870
:10609800D400002800F0F68065210FF03FFAD4F80C
:1060A800B030002B40F0EE800023C4F8B030D4F8B4
:1060B800B4307BB1D3F8D400002800F0DE8065212D
:1060C8000FF02CFAD4F8B430002B40F0D68000231F
:1060D800C4F8B430D4F8B8307BB1D3F8D400002871
:1060E80000F0C68065210FF019FAD4F8B830002BFB
:1060F80040F0BE800023C4F8B830D4F8BC307BB17F
:10610800D3F8D400002800F0AE8065210FF006FA1D
:10611800D4F8BC30002B40F0A6800023C4F8BC3073
:10612800D4F8C0307BB1D3F8D400002800F09680B2
:1061380065210FF0F3F9D4F8C030002B40F08E80C1
:106148000023C4F8C030D4F8C43063B1186F0028F5
:106158007FD033210FF0E2F9D4F8C430002B78D186
:106168000023C4F8C430D4F8C83063B1186F0028CD
:106178006AD033210FF0D2F9D4F8C830002B63D19C
:106188000023C4F8C83038BD282118460FF0C6F9D6
:1061980021E5282118460FF0C1F93AE524211846CF
:1061A8000FF0BCF926E58C2118460FF0B7F9BCE5CD
:1061B800382118460FF0B2F9A7E5302118460FF03C
:1061C800ADF993E5382118460FF0A8F97FE52821A5
:1061D80018460FF0A3F96BE5282118460FF09EF931
:1061E80057E5742118460FF099F935E5342118461A
:1061F8000FF094F91CE5D82118460FF08FF940E705
:106208005C2118460FF08AF928E7382118460FF064
:1062180085F911E7342118460FF080F9FAE64FF4B2
:10622800127118460FF07AF9CFE6982118460FF048
:1062380075F9B6E6382118460FF070F99EE6402148
:1062480018460FF06BF987E6742118460FF066F9C7
:1062580096E7742118460FF061F981E7D8211846AE
:106268000FF05CF96CE7D82118460FF057F954E79E
:10627800D82118460FF052F93CE7D82118460FF0FC
:106288004DF924E7D82118460FF048F90CE70C21FE
:1062980018460FF043F9C3E5142118460FF03EF9EC
:1062A800AEE5242118460FF039F99AE5542118462D
:1062B8000FF034F986E54FF4416118460FF02EF9D6
:1062C80071E5382118460FF029F95BE528211846B1
:1062D8000FF024F947E5242118460FF01FF933E59C
:1062E800242118460FF01AF924E6AC2118460FF0BD
:1062F80015F90EE6302118460FF010F9F8E54FF4BD
:106308003A6118460FF00AF9D7E55C2118460FF0F4
:1063180005F9C1E50C2118460FF000F9ADE50C218F
:1063280018460FF0FBF899E50C2118460FF0F6F81F
:1063380086E5D4F8DC5071220C492B6828465B6846
:10634800984728460EF02EFAD4F8700100283FF43A
:1063580019AC15E4D4F8DC50332205492B682846DB
:106368005B68984728460EF01DFA71E4A01D0020CE
:10637800141E00200E4B10B504460360FFF7F6FB11
:10638800D4F8040120B10FF0C7F80023C4F8043191
:10639800D4F8080120B10FF0BFF80023C4F8083181
:1063A800D4F80C0108B10FF0B7F8204610BD00BFB3
:1063B800B421002010B50446FFF7DCFF4FF4C47188
:1063C80020460FF0ABF8204610BD00BFF8B50446D4
:1063D8000D46E9B9D0F80401B0B30FF09DF894F870
:1063E800F130C4F80451C4F83C51C4F8005113B951
:1063F80094F8F23033B3D4F8DC402A2217492368E2
:1064080020465B68984720460EF0CCF90120F8BD7D
:10641800D0F80431C3B108460FF07CF8D4F8002155
:10642800D4F804710646AA42394628BF2A460EF017
:10643800D5FF38460FF070F8C4F80461C4F83C6121
:10644800C4F800510120F8BD28460FF063F8C4F8DD
:106458003C01C4E940500120F8BD00BF741D002074
:106468000139272932D8DFE811F03300FB00310069
:10647800310031000A0131003100310031003100B2
:1064880031001501310031002001310031004F0188
:10649800310031003100310031003100310031006C
:1064A800310031003100310031003100310031005C
:1064B80031003100310031002800012A00F0D58177
:1064C800022A00F0CC81002A00F0358100207047B4
:1064D800013A602AFAD801A353F822F0E3460000F3
:1064E8007D430000D9460000CF460000C5460000A5
:1064F8007D430000BB4600007D430000B14600001C
:106508007D4300007D4300007D4300007D43000083
:106518007D4300007D4300007D430000A746000046
:106528009D46000093460000894600007D43000018
:106538007D4300007F4600007D4300007D4300004E
:106548007D4300007D4300007D4300007D43000043
:106558007D4300007D4300007D4300007546000038
:106568006B4600007D4300007D4300007D43000032
:10657800614600007D4300007D4300007D4300002C
:106588007D4300007D4300007D4300007D43000003
:106598007D4300007D4300007D4300007D430000F3
:1065A8007D4300007D4300007D4300005746000006
:1065B8007D4300007D4300007D4300007D430000D3
:1065C8007D4300004D460000434600007D43000027
:1065D8007D4300007D4300007D4300007D430000B3
:1065E8007D4300007D4300007D4300007D430000A3
:1065F8007D4300007D4300007D4300007D43000093
:106608007D4300007D4300007D4300007D43000082
:106618007D4300007D4300007D4300007D43000072
:106628007D4300007D4300007D4300007D43000062
:106638007D4300007D4300007D4300007D43000052
:106648007D4300007D4300007D4300007D43000042
:106658007D4300007D430000394600002F460000BE
:10666800342A00F008815BD8132A00F00D81152A1E
:106678007FF42CAF006F003818BF01207047002A44
:1066880000F0E280082A7FF421AF806F003818BF3D
:1066980001207047032A00F0D180132A7FF416AF37
:1066A800C06F003818BF01207047023A132A3FF61E
:1066B8000DAF01A353F822F023460000174600004F
:1066C8007D4300007D4300007D4300007D430000C2
:1066D8007D4300007D4300007D4300007D430000B2
:1066E8007D4300007D4300007D4300007D430000A2
:1066F8000B4600007D4300007D4300007D43000001
:10670800FF450000F3450000602A00F0A280802ABF
:106718007FF4DCAED0F8A800003818BF012070471D
:10672800722A00F0AD80732A7FF4D0AE406E003834
:1067380018BF01207047D0F89800003818BF012012
:106748007047D0F88800003818BF01207047D0F88B
:106758008400003818BF01207047D0F89400003832
:1067680018BF01207047D0F89000003818BF0120EA
:106778007047D0F88C00003818BF01207047C069F6
:10678800003818BF01207047806D003818BF0120FD
:106798007047406D003818BF01207047C06C003842
:1067A80018BF01207047006D003818BF01207047DE
:1067B800806C003818BF01207047406C003818BF43
:1067C80001207047C06A003818BF01207047006C6C
:1067D800003818BF01207047C06B003818BF01206F
:1067E8007047806B003818BF01207047406B003835
:1067F80018BF01207047006B003818BF0120704790
:10680800806A003818BF01207047406A003818BFF6
:1068180001207047006A003818BF0120704780695E
:10682800003818BF012070474069003818BF0120A0
:1068380070470069003818BF01207047D0F8800001
:10684800003818BF01207047406F003818BF01207A
:106858007047D0F8A400003818BF01207047D0F85E
:10686800A000003818BF01207047D0F89C000038FD
:1068780018BF01207047806E003818BF012070478C
:10688800C36D33B101207047C06E003818BF0120B6
:106898007047006E003818BF01207047013927295A
:1068A80015D8DFE801F01C241414142F1414141440
:1068B80014143514143C1414441414141414141417
:1068C8001414141414141414141414141416002086
:1068D8007047022AFBD8244B33F812007047013A5C
:1068E800D2B2602AF3D8214B33F812007047342A09
:1068F80037D023D8132A29D0152A14BF00204FF4E3
:10690800396070473AB3082A14BF00200620704740
:10691800032A24D0132A14BF00209C207047023A6F
:10692800D2B2132AD3D8124B33F812007047602A18
:1069380013D0802A14BF0020A4207047722A07D0E1
:10694800732A14BF00204FF48470704748207047A2
:106958004FF40470704714207047082070471C20BB
:1069680070470C20704700BF04060020180500205F
:10697800DC05002090F8F410CB0721D4D0F868315A
:10698800624A23F0FF03934217D090F86921472AFF
:106998001ED05F4A934265D05E4A934253D05E4A06
:1069A800934255D05D4A934257D05D4A93425ED197
:1069B80090F8F600C0F30010704711F0020201D001
:1069C8000120704790F869C1BCF1470F40F09B80E7
:1069D800B0F86A2145F2411C624550D045F2421C8C
:1069E80062454FD045F2423C62454ED044F2471CC6
:1069F80062456DD044F64C4C624549D045F24C1C7A
:106A0800624549D045F24E118A4249D045F24E318D
:106A18008A424BD045F250118A424DD045F251116D
:106A28008A424FD045F252318A4255D044F253112E
:106A38008A4257D045F253418A4259D190F8F520FD
:106A48005206A6D5BCE790F8F600C0F340007047A0
:106A580090F8F600C0F38000704790F8F600C0F395
:106A6800C000704790F8F60000F0010070472D4A0A
:106A7800934248D190F8F600C0F3401070474A0797
:106A880087D59DE7090784D59AE7CA0681D597E790
:106A98004A067FF57EAF93E709067FF57AAF8FE761
:106AA80090F8F520D2077FF574AF89E790F8F520C4
:106AB80091077FF56EAF83E790F8F52052077FF5D1
:106AC80068AF7DE790F8F52011077FF562AF77E7AB
:106AD80089067FF55EAF73E790F8F520D2067FF55B
:106AE80058AF6DE790F8F52091067FF552AF67E74C
:106AF80045F253618A427FF44CAF90F9F520002AA1
:106B0800BFF647AF5CE70020704700BF0044544D14
:106B180000524C4D00524D430054585400564C57A7
:106B280000565447005A444190F866312A2B03D145
:106B380090F86731472B01D000207047D0F86831B2
:106B4800344A23F0FF0393423AD090F86921472A48
:106B580022D031483149324A8B4218BF834201F171
:106B680004210CBF0120002001F5E021934208BF59
:106B780040F001002B4A10B42B4CA34208BF40F050
:106B880001005DF8044B8B4208BF40F001009342BE
:106B980008BF40F001007047B0F86A2145F2411182
:106BA8008A420DD045F2511082420BD88A4221D830
:106BB80044F253118A4203D044F64C418A4223D10D
:106BC8000120704745F252318A420CD845F24131D2
:106BD8008A42BED915491648114489B2C84010F0F6
:106BE8000100B6D0704722F4007245F253418A4240
:106BF800AFD1E5E70F494DF20140114489B2C840D1
:106C080010F00100A5D0704744F247118A42D7D04E
:106C18009FE700BF0044544D00524C4D00524D4375
:106C280000545854005A444100564C57BEACFFFF1C
:106C380001100100BEAEFFFF90F8F810CB0721D479
:106C4800D0F86831624A23F0FF03934217D090F8D6
:106C58006921472A1ED05F4A934265D05E4A934213
:106C680053D05E4A934255D05D4A934257D05D4A0D
:106C780093425ED190F8FA00C0F30010704711F00B
:106C8800020201D00120704790F869C1BCF1470F9A
:106C980040F09B80B0F86A2145F2411C624550D013
:106CA80045F2421C62454FD045F2423C62454ED007
:106CB80044F2471C62456DD044F64C4C624549D0BD
:106CC80045F24C1C624549D045F24E118A4249D0E2
:106CD80045F24E318A424BD045F250118A424DD08E
:106CE80045F251118A424FD045F252318A4255D06D
:106CF80044F253118A4257D045F253418A4259D13E
:106D080090F8F9205206A6D5BCE790F8FA00C0F32F
:106D18004000704790F8FA00C0F38000704790F880
:106D2800FA00C0F3C000704790F8FA0000F00100C4
:106D380070472D4A934248D190F8FA00C0F34010AA
:106D480070474A0787D59DE7090784D59AE7CA0699
:106D580081D597E74A067FF57EAF93E709067FF569
:106D68007AAF8FE790F8F920D2077FF574AF89E7FB
:106D780090F8F92091077FF56EAF83E790F8F92036
:106D880052077FF568AF7DE790F8F92011077FF586
:106D980062AF77E789067FF55EAF73E790F8F92071
:106DA800D2067FF558AF6DE790F8F92091067FF588
:106DB80052AF67E745F253618A427FF44CAF90F9CE
:106DC800F920002ABFF647AF5CE70020704700BFF4
:106DD8000044544D00524C4D00524D4300545854F9
:106DE80000564C5700565447005A4441026810B4A4
:106DF8009268084CA2420AD1D0F8D80020B10368A2
:106E08005DF8044B1B6818475DF8044B70475DF844
:106E1800044B1047BD38000030B5454B044683B0DD
:106E2800052204F2671593E8030000906846ADF860
:106E38000410294613F038FD28B9D4F8AC3013B142
:106E4800012003B030BD3B4B052293E803000090BE
:106E58006846ADF80410294613F026FD18B9D4F891
:106E6800B030002BECD1344B052293E8030000909E
:106E78006846ADF80410294613F016FD18B9D4F881
:106E8800B430002BDCD12D4B052293E80300009091
:106E98006846ADF80410294613F006FD18B9D4F871
:106EA800B830002BCCD1264B052293E80300009084
:106EB8006846ADF80410294613F0F6FC18B9D4F862
:106EC800BC30002BBCD11F4B052293E80300009077
:106ED8006846ADF80410294613F0E6FC08B31A4BCF
:106EE800052293E8030000906846ADF8041029468F
:106EF80013F0DAFC18B9D4F8C430002BA0D1134B26
:106F0800052293E8030000906846ADF8041029466E
:106F180013F0CAFC50B9D4F8C800003818BF0120D3
:106F28008FE7D4F8C030002B8AD1D8E7002088E753
:106F3800441800204C180020541800205C18002029
:106F4800641800206C180020741800207C18002099
:106F580030B5714B044683B0052204F2671593E8F7
:106F6800030000906846ADF80410294613F09CFC15
:106F780078B9D4F8AC3063B1D3F8D4204AB1D3F897
:106F8800CC2012B1012003B030BDD3F8D030002B93
:106F9800F8D1624B052293E8030000906846ADF8EB
:106FA8000410294613F080FC68B9D4F8B03053B106
:106FB800D3F8D4203AB1D3F8CC20002AE2D1D3F8C0
:106FC800D030002BDED1564B052293E80300009009
:106FD8006846ADF80410294613F066FC68B9D4F881
:106FE800B43053B1D3F8D4203AB1D3F8CC20002A26
:106FF800C8D1D3F8D030002BC4D14A4B052293E82E
:10700800030000906846ADF80410294613F04CFCC4
:10701800002868D0444B052293E803000090684696
:10702800ADF80410294613F03FFC68B9D4F8BC3019
:1070380053B1D3F8D4203AB1D3F8CC20002AA1D147
:10704800D3F8D030002B9DD1384B052293E80300AC
:1070580000906846ADF80410294613F025FC68B97D
:10706800D4F8C03053B1D3F8D4203AB1D3F8CC20F7
:10707800002A87D1D3F8D030002B83D12C4B05229E
:1070880093E8030000906846ADF80410294613F011
:107098000BFC60B9D4F8C4304BB11A6F3AB19A6E90
:1070A800002A7FF46FAFDB6E002B7FF46BAF214BB0
:1070B800052293E8030000906846ADF804102946BD
:1070C80013F0F2FB10BBD4F8C80000283FF45BAF04
:1070D800036FF3B1836E002B7FF454AFC06E0028AA
:1070E8007FF450AF4FE7D4F8B830002B92D0D3F8E4
:1070F800D420002A8ED0D3F8CC20002A7FF442AFC7
:10710800D3F8D030002B7FF43DAF83E7002003B0E5
:1071180030BD184637E700BF441800204C1800203F
:10712800541800205C180020641800206C180020F7
:10713800741800207C18002030B5474B044683B0F3
:10714800052204F2671593E8030000906846ADF83D
:107158000410294613F0A8FB002860D03F4B0522F5
:1071680093E8030000906846ADF80410294613F030
:107178009BFB00284ED03A4B052293E80300009071
:107188006846ADF80410294613F08EFB00284FD04E
:10719800344B052293E8030000906846ADF80410CC
:1071A800294613F081FB00283ED02F4B052293E897
:1071B800030000906846ADF80410294613F074FBEC
:1071C80000283AD0294B052293E80300009068462E
:1071D800ADF80410294613F067FBA0B3244B052231
:1071E80093E8030000906846ADF80410294613F0B0
:1071F8005BFB60B31F4B052293E8030000906846D1
:10720800ADF80410294613F04FFBD0B9D4F8C800E4
:10721800013002E0D4F8B000013003B030BDD4F83A
:10722800AC00013003B030BDD4F8B8000130F4E749
:10723800D4F8B400013003B030BDD4F8BC0001303C
:10724800EBE70020E9E7D4F8C0000130E5E7D4F81F
:10725800C4000130E1E700BF441800204C180020AA
:10726800541800205C180020641800206C180020B6
:10727800741800207C18002030B5474B044683B0B2
:10728800052204F2671593E8030000906846ADF8FC
:107298000410294613F008FB002860D03F4B052254
:1072A80093E8030000906846ADF80410294613F0EF
:1072B800FBFA00284ED03A4B052293E803000090D1
:1072C8006846ADF80410294613F0EEFA00284FD0AE
:1072D800344B052293E8030000906846ADF804108B
:1072E800294613F0E1FA00283ED02F4B052293E8F7
:1072F800030000906846ADF80410294613F0D4FA4C
:1073080000283AD0294B052293E8030000906846EC
:10731800ADF80410294613F0C7FAA0B3244B052290
:1073280093E8030000906846ADF80410294613F06E
:10733800BBFA60B31F4B052293E803000090684630
:10734800ADF80410294613F0AFFAD0B9D4F8C80044
:10735800023002E0D4F8B000023003B030BDD4F8F7
:10736800AC00023003B030BDD4F8B8000230F4E706
:10737800D4F8B400023003B030BDD4F8BC000230F9
:10738800EBE70020E9E7D4F8C0000230E5E7D4F8DD
:10739800C4000230E1E700BF441800204C18002068
:1073A800541800205C180020641800206C18002075
:1073B800741800207C18002030B5474B044683B071
:1073C800052204F2671593E8030000906846ADF8BB
:1073D8000410294613F068FA002860D03F4B0522B4
:1073E80093E8030000906846ADF80410294613F0AE
:1073F8005BFA00284ED03A4B052293E80300009030
:107408006846ADF80410294613F04EFA00284FD00C
:10741800344B052293E8030000906846ADF8041049
:10742800294613F041FA00283ED02F4B052293E855
:10743800030000906846ADF80410294613F034FAAA
:1074480000283AD0294B052293E8030000906846AB
:10745800ADF80410294613F027FAA0B3244B0522EF
:1074680093E8030000906846ADF80410294613F02D
:107478001BFA60B31F4B052293E80300009068468F
:10748800ADF80410294613F00FFAD0B9D4F8C800A3
:10749800343002E0D4F8B000663003B030BDD4F820
:1074A800AC00663003B030BDD4F8B8006630F4E7FD
:1074B800D4F8B400663003B030BDD4F8BC006630F0
:1074C800EBE70020E9E7D4F8C0006630E5E7D4F838
:1074D800C4003430E1E700BF441800204C180020F5
:1074E800541800205C180020641800206C18002034
:1074F800741800207C18002030B5474B044683B030
:10750800052204F2671593E8030000906846ADF879
:107518000410294613F0C8F9002860D03F4B052213
:1075280093E8030000906846ADF80410294613F06C
:10753800BBF900284ED03A4B052293E8030000908F
:107548006846ADF80410294613F0AEF900284FD06C
:10755800344B052293E8030000906846ADF8041008
:10756800294613F0A1F900283ED02F4B052293E8B5
:10757800030000906846ADF80410294613F094F90A
:1075880000283AD0294B052293E80300009068466A
:10759800ADF80410294613F087F9A0B3244B05224F
:1075A80093E8030000906846ADF80410294613F0EC
:1075B8007BF960B31F4B052293E8030000906846EF
:1075C800ADF80410294613F06FF9D0B9D4F8C80003
:1075D800353002E0D4F8B000673003B030BDD4F8DD
:1075E800AC00673003B030BDD4F8B8006730F4E7BA
:1075F800D4F8B400673003B030BDD4F8BC006730AD
:10760800EBE70020E9E7D4F8C0006730E5E7D4F8F5
:10761800C4003530E1E700BF441800204C180020B2
:10762800541800205C180020641800206C180020F2
:10763800741800207C18002030B54A4B044683B0EB
:10764800052204F2671593E8030000906846ADF838
:107658000410294613F028F9002862D0424B05226D
:1076680093E8030000906846ADF80410294613F02B
:107678001BF900284FD03D4B052293E803000090EA
:107688006846ADF80410294613F00EF9002853D0C7
:10769800374B052293E8030000906846ADF80410C4
:1076A800294613F001F9002841D0324B052293E80E
:1076B800030000906846ADF80410294613F0F4F86A
:1076C80000283FD02C4B052293E803000090684621
:1076D800ADF80410294613F0E7F8002839D0274BF5
:1076E800052293E8030000906846ADF80410294687
:1076F80013F0DAF890B3224B052293E803000090C8
:107708006846ADF80410294613F0CEF8F8B9D4F855
:10771800C830186F03E0D4F8B030D3F8D40003B001
:1077280030BDD4F8AC30D3F8D40003B030BDD4F8B1
:10773800B830D3F8D400F2E7D4F8B430D3F8D40092
:1077480003B030BDD4F8BC30D3F8D400E7E700204C
:10775800E5E7D4F8C030D3F8D400E0E7D4F8C43073
:10776800186FDCE7441800204C180020541800203B
:107778005C180020641800206C1800207418002081
:107788007C18002030B54E4B044683B0052204F225
:10779800671593E8030000906846ADF80410294681
:1077A80013F082F8002864D0464B052293E80300C2
:1077B80000906846ADF80410294613F075F80028C3
:1077C80050D0414B052293E8030000906846ADF87D
:1077D8000410294613F068F8002857D03B4B0522BF
:1077E80093E8030000906846ADF80410294613F0AA
:1077F8005BF8002844D0364B052293E8030000903C
:107808006846ADF80410294613F04EF8002844D015
:10781800304B052293E8030000906846ADF8041049
:10782800294613F041F800283FD02B4B052293E856
:10783800030000906846ADF80410294613F034F8A8
:10784800C8B3264B052293E8030000906846ADF8BC
:107858000410294613F028F828BBD4F8C830186F4C
:10786800013004E0D4F8B030D3F8D400013003B0CC
:1078780030BDD4F8AC30D3F8D400013003B030BDFB
:10788800D4F8B830D3F8D4000130F0E7D4F8B430E5
:10789800D3F8D400013003B030BDD4F8BC30D3F8ED
:1078A800D4000130E3E70020E1E7D4F8C030D3F892
:1078B800D4000130DBE7D4F8C430186F0130D6E7C4
:1078C800441800204C180020541800205C18002090
:1078D800641800206C180020741800207C18002000
:1078E80010B5374B044682B0052204F2671493E8BA
:1078F800030000906846ADF80410214612F0D4FF4A
:10790800002858D02F4B052293E8030000906846C2
:10791800ADF80410214612F0C7FF00284BD02A4BBF
:10792800052293E8030000906846ADF8041021464C
:1079380012F0BAFF00283ED0244B052293E803003A
:1079480000906846ADF80410214612F0ADFF90B3E0
:107958001F4B052293E8030000906846ADF8041019
:10796800214612F0A1FF30B31A4B052293E8030019
:1079780000906846ADF80410214612F095FFD0B18A
:10798800154B052293E8030000906846ADF80410F3
:10799800214612F089FF88B1104B052293E80300B5
:1079A80000906846ADF80410214612F07DFF28B11A
:1079B800002002B010BD642002B010BD3220FBE7E9
:1079C800441800204C180020541800205C1800208F
:1079D800641800206C180020741800207C180020FF
:1079E80030B5424B044683B0052204F2671593E88C
:1079F800030000906846ADF80410294612F054FFC1
:107A080000285DD03A4B052293E8030000906846B1
:107A1800ADF80410294612F047FF00284CD0354B2A
:107A2800052293E8030000906846ADF80410294643
:107A380012F03AFF00284AD02F4B052293E80300A2
:107A480000906846ADF80410294612F02DFF002872
:107A58003AD02A4B052293E8030000906846ADF817
:107A68000410294612F020FFA8B3254B052293E8FD
:107A7800030000906846ADF80410294612F014FF80
:107A880070B3204B052293E8030000906846ADF8D8
:107A98000410294612F008FF28B31B4B052293E86F
:107AA800030000906846ADF80410294612F0FCFE69
:107AB800A0B9D4F8C80001E0D4F8B00003B030BDD4
:107AC800D4F8AC0003B030BDD4F8B800F6E7D4F869
:107AD800B40003B030BDD4F8BC00EFE70020EDE7F8
:107AE800D4F8C000EAE7D4F8C400E7E74418002057
:107AF8004C180020541800205C180020641800203E
:107B08006C180020741800207C1800200368034AB1
:107B18001B69934200D17047184700BFCD38000059
:107B280038B5138814460D4D012B11D0022B0AD0FD
:107B380001332380FFF7EAFF20882B88984214BF7F
:107B48000320002038BD2A880A4306322A80EFE73E
:107B58000A0202F440722A80EAE700BFBCD0002083
:107B6800036870B5DB68134DAB421AD1138886469B
:107B78008C461446012B104D0ED0022B14D0013325
:107B8800704661462380FFF7C1FF20882B88984202
:107B980014BF0320002070BD0A0202F440722A803C
:107BA800EDE7BDE8704018472A880A4306322A8064
:107BB800E5E700BFD1590000BCD000200A7848781A
:107BC800104410B5C0B24C8803190244DBB21A4401
:107BD80003EB1423DBB21A440B73D2B24A737CB1A1
:107BE800886804F1FF3E10FA8EFE013810F801CFC4
:107BF80063448645DBB21A440B73D2B24A73F5D19B
:107C080010BD00BF2DE9F04FB1F8029083B0824655
:107C180009F108091FFA89F30193002B44D04FF0AA
:107C280000080D46019F44469AF80560BE4228BFE9
:107C38003E46BF1BBFB2012F02D1013E0227B6B29A
:107C48009AF8F0200121DAF8D0308A4083F8301110
:107C580083F82F1183F8A520002C3AD0FEB1C14635
:107C68004FF0000B11E0DAF8D0000BF1010BA96816
:107C7800013402681FFA8BFB11F80910A4B21268CC
:107C880009F1010990475E4502D06A884A45EADC55
:107C9800019BD844023B1FFA88F89C4270D0019B94
:107CA8009C420AD3002FBFD10121DAF8D000FDF79A
:107CB800D9FC50B903B0BDE8F08F9AF87C11DAF816
:107CC800D000FDF7CFFC0028ECD00C2003B0BDE8B5
:107CD800F08FDAF8D000B52103681B689847DAF806
:107CE800D000622103681B689847DAF8D000297829
:107CF80003681B689847DAF8D000697803681B683E
:107D08009847DAF8D000A97803681B689847DAF82A
:107D1800D00069880368090A1B6898476B88002B9C
:107D280040D0062E3ED9C346062401E0A64211D90A
:107D3800DAF8D000AA68036812F80B100BF1010BEF
:107D48001B68984723466A880134053BA4B29BB256
:107D58009A42EBD8434422461FFA83F8023E9642E1
:107D68009DD1DAF8D0000234297B0368A4B21B68DD
:107D78009847DAF8D000697B03681B6898478EE754
:107D8800023EB3458BD1DAF8D000297B0368BDF8F1
:107D980004401B689847DAF8D000697B03681B68C1
:107DA80098477CE706221446D8E700BF70B5064618
:107DB800D0F8D4000D46B52103681B689847D6F85B
:107DC800D400622103681B689847D6F8D400297844
:107DD80003681B689847D6F8D400697803681B685D
:107DE8009847D6F8D400A97803681B689847D6F84E
:107DF800D40069880368090A1B6898476B886BB1C7
:107E08000024D6F8D400A2B2A96801340368895CBA
:107E18001B6898476A88A3B29A42F2D8D6F8D40069
:107E2800297B03681B689847D6F8D400697B0368E8
:107E3800BDE870401B681847D0F8E4301A685166EE
:107E4800D36D13F4F81FFBD090F8101190F811C1FE
:107E5800536F8C450AD9DBB2FF2B08D0D0F80C2120
:107E6800535490F81031013380F81031704702797B
:107E7800002AFBD0F2E700BF2DE9F041072382B0CA
:107E88000025044601930E46D0F8EC3080F81051D6
:107E9800009302ABD0F8E40013E90600FAF71CFDE2
:107EA800294694F8E8000DF01DF92046B521FFF7A2
:107EB800C3FF6221FFF7C0FF3178FFF7BDFF71787C
:107EC800FFF7BAFFB178FFF7B7FF7188090AFFF724
:107ED800B3FF94F8F130002B40F0888073882BB3FF
:107EE8000025DFF8B48103E07288ABB29A421DD94D
:107EF800B368AFB220460135D95DFFF79DFF94F80E
:107F0800F130002BF0D0D4F8DC00012241460368A0
:107F18005B689847B16800231022C95DD4F8DC007B
:107F28000CF06AFC7288ABB29A42E1D82046317BE9
:107F3800FFF782FF717BFFF77FFF012194F8E800CC
:107F48000DF0D0F8D4F8E420D37CEBB1DF0704D5EA
:107F5800906A4FF0E021C1F800019D0704D5D06A6E
:107F68004FF0E021C1F80401580704D5106B4FF019
:107F7800E021C1F80801190704D5506B4FF0E02142
:107F8800C1F80C01DB0605D494F8F1305BB902B0F6
:107F9800BDE8F0814FF0E023926BC3F8102194F80C
:107FA800F130002BF3D0D4F8DC0001223A49036801
:107FB8005B689847317B00231022D4F8DC000CF072
:107FC8001BFCD4F8DC000122334903685B6898473E
:107FD800D4F8DC4000231022717B20460CF00CFC06
:107FE800204602B0BDE8F0410CF0DCBBD4F8DC0060
:107FF80010222A4903685B6898472B461022B5214E
:10800800D4F8DC000CF0F8FBD4F8DC00012222499B
:1080180003685B6898472B4610226221D4F8DC007D
:108028000CF0EAFBD4F8DC0001221B4903685B680A
:1080380098472B4631781022D4F8DC000CF0DCFB92
:10804800D4F8DC000122144903685B6898472B4682
:1080580071781022D4F8DC000CF0CEFBD4F8DC00E8
:1080680001220D4903685B6898472B46B1781022B6
:10807800D4F8DC000CF0C0FBD4F8DC00012206497F
:1080880003685B68984771882B461022090AD4F860
:10809800DC000CF0B1FB21E7041600208418002056
:1080A800F8B590F8F13003B9F8BD0446D0F8DC0013
:1080B8000D4616460368042259495B6894F85471C2
:1080C80098472B78D4F8DC00012B00F08880052B2A
:1080D80000F09180062B00F09C800A2B00F0858030
:1080E800036802224F495B689847002310222978C9
:1080F800D4F8DC000CF080FBD4F8DC0004224A49F8
:1081080003685B6898472B8840F2017293425ED0FF
:1081180040F60602934274D040F60612D4F8DC000A
:1081280093424ED0036802223E495B689847002379
:1081380010226978D4F8DC000CF05EFBD4F8DC007F
:1081480008223A4903685B68984700231022698827
:10815800D4F8DC000CF050FB012FD4F8DC000BD174
:1081680056B90368112232495B689847D4F8DC0095
:10817800BDE8F8400CF016BB036809222D495B687E
:1081880098476B88002BF1D000262B4FD4F8DC00E1
:108198000122394603685B689847A868B1B201367E
:1081A80000231022415CD4F8DC000CF025FB6A881F
:1081B800B3B29A42EAD8D4F8DC00BDE8F8400CF033
:1081C800F1BA036804221D495B689847B6E7D4F8FA
:1081D800DC0003221A4903685B689847AEE7036826
:1081E800032218495B68984786E703680322164903
:1081F8005B68984780E70368032214495B689847DF
:108208007AE7D4F8DC000422114903685B689847D0
:1082180094E7036803220F495B6898476CE700BF3F
:10822800201600206C140020381600205416002058
:108238006C16002060160020041600204C16002042
:108248004016002028160020341600202C16002086
:10825800441600203016002038B5B0F87451044692
:1082680035B1D0F87031A3B190F8F10000BB38BD3A
:1082780090F8F1000028FAD0D4F8DC4050221C49CC
:10828800236820465B68984720460CF08BFA2846FE
:1082980038BD28460DF03EF994F8F130C4F8700165
:1082A8009BB900230120A4F87631A4F8783138BDB1
:1082B800D4F8DC4042220F49236820465B6898477F
:1082C80020460CF06FFA002038BDD4F8DC002522D7
:1082D800094903685B689847D4F8DC50B4F874110E
:1082E80028460CF053FA28460CF05CFAD9E700BF90
:1082F8004019002094190020D81900202DE9F041D8
:10830800B0F876319046B0F874610546D0F870013F
:108318000F46F61A1844B6B2964228BF1646A8EB7E
:10832800060432460DF05AF8A4B20CBBB5F8763103
:1083380098441FFA88F4B5F87831A5F87641A34235
:1083480009D8E41AB5F87A31A4B2A34238BFA5F81F
:108358007A41BDE8F081B5F87421D31A1C44B5F808
:108368007A31A4B2A34238BFA5F87A41BDE8F081BA
:108378002246B919D5F870010DF030F8DBE700BFD7
:10838800D0F8703130B5044683B0002B59D0B0F81E
:108398007431002B55D0B0F876210D46B0F878012D
:1083A8004988824201F1080138BFD21889B2121AED
:1083B80092B29B1A9BB2994214D994F8F1301BB926
:1083C80094F8F20000283AD0D4F8DC403D22214944
:1083D800236820465B68984720460CF0E3F90020A4
:1083E80003B030BD46F2B523022269462046ADF8F7
:1083F8000030FFF783FF012229462046FFF77EFF62
:1084080001222046A918FFF779FF6B88022201A9EB
:108418002046ADF80430FFF771FF6A88A968204646
:10842800FFF76CFF012205F10C012046FFF766FFFC
:108438002046012205F10D01FFF760FF012003B07E
:1084480030BD94F8F1000028F9D0D4F8DC40272298
:108458000149BDE720170020F8160020D0F8703138
:1084680010B55BB3B0F8743143B3B0F876C1B0F867
:1084780078E1F44538BF9C44ACEB0E0C1FFA8CFC39
:10848800A3EB0C039BB29A4213D990F8F13013B9BD
:1084980090F8F23083B1D0F8DC4040220C492368D0
:1084A80020465B68984720460CF07CF90023184664
:1084B80010BDFFF723FF0123184610BD90F8F130D7
:1084C800002BF9D0D0F8DC402A220249E7E700BFA8
:1084D800FC180020D018002083685A18595C93783B
:1084E80092F801C01B04D07843EA0C230B4343EAFB
:1084F800006070472DE9F84F0B780C460546013BA4
:10850800272B57D8DFE813F02800A40056005600A0
:1085180056006B015600560056005600560056008D
:108528009001560056001D0256005600A002560043
:108538005600560056005600560056005600560083
:108548005600560056005600560056005600560073
:1085580056005600560058000B68AE4A23F0FF0339
:10856800934200F0DA84AC4A934200F03E86AB4A6C
:10857800934240F0E1828369E3B18A684FF0FF30AB
:108588001168596091881981D18859811189998117
:108598005189D98191891982D1895982118A5A6A56
:1085A80099829861197812B10E0741F190804B07B2
:1085B80000F11C83BDE8F88F0B6823F0FF03B3F5C7
:1085C800900F00F00F84964A934200F0D185954AA7
:1085D8009342EFD1D0F8A030002BEBD08A684FF04F
:1085E800FF30116859609168D960D16819611169C3
:1085F8005961516999619169D961D1691962116AA1
:108608005A6B596298621978002AD0D00807CED4DC
:10861800191D2433D1F800C0103151F80C7C1032E8
:1086280051F8086C51F8040C994242F810CC42F801
:108638000C7C42F8086C42F8040CEBD10B68136010
:10864800D5F8A020137843F0080319461370AEE755
:108658004B78722B00F0C884732B00F0F485342B10
:1086680000F02F83132B00F0A586152BA2D1026FE3
:10867800002A9FD0002300E02A6FA1681A44C95C31
:108688000133082B9170F7D1A2684FF0240E2B6F9D
:108698004FF0000C11895981927A1A73A2682B6FD6
:1086A800D27A5A73A2682B6F117B9973527BDA7353
:1086B800296F4A7B5FFA8CF39A4278D963884FEA2C
:1086C8004C17103BB3EB4C1F71DDAEF10C000126CB
:1086D800002210E02B6F00F10808A1683B441FFA44
:1086E80088F8134411F8081083F822100136013273
:1086F8000130296FF6B2A3683944032A03441144B0
:1087080013F8083C8B742B6FA1683B44095C134435
:108718009976DFD9082EE9D12B6F0CF1010CA268EC
:1087280003EB4C13BCF15C0F12F80E209A71A3688E
:1087380073445A782B6F03EB4C13DA71A3687344B4
:108748009A782B6F03EB4C131A72A3687344DA7888
:108758002B6F03EB4C135A72A3682A6F73443A4485
:108768005879197941EA002151859B7982F82C3092
:10877800A3687344DA792B6F3B4483F82D20A368F0
:1087880073441A7A2B6F3B4483F82E202B6FA26810
:108798003B447244527A83F82F20A368296F7344AC
:1087A8000EF1200E0F449B7A87F8303081D10123D7
:1087B800D1F89C0B81F8923B0B78002800F01382CB
:1087C8001E0700F110824FF4396202310CF006FEE8
:1087D800296F0A7842F0080213460A7003E20B6810
:1087E80023F0FF03B3F5A01F00F0E683B3F5C12F14
:1087F8007FF4E0AE836F002B3FF4DCAE8A684FF065
:10880800FF31108858805088988092889960DA8063
:10881800D0E600BF0001140000031000000412009D
:1088280000012000000224000B68844A23F0FF03A3
:10883800934200F034834B78132B7FF4BBAE4B8804
:108848009C2B3FF6B7AEC36F002B3FF4B3AE8A68DC
:1088580012781A718A68C36F52785A71D4F808C0AE
:10886800C16FDCF804308B604B79002B5BD00C2691
:10887800002707EB47021CF80630013701EBC2015D
:108888000B74A168EB6F314403EBC203487858744A
:1088980089789974A3683344D978EB6F03EBC203E2
:1088A800D974D4F808C0E96F0CEB0603183601EB4D
:1088B800C20293F805E0187940EA0E2093F806E022
:1088C80040EA0E4093F807E040EA0E60506193F8E2
:1088D80009E0187A40EA0E2093F80AE040EA0E40D0
:1088E80093F80BE040EA0E60906193F811E0187C71
:1088F80040EA0E2093F812E040EA0E4093F813E0A5
:1089080040EA0E60106293F815E0187D40EA0E20E8
:1089180093F816E0DB7D40EA0E4040EA03635362B9
:108928004B79BB42A5DC4FF0FF33D1F8A800C1F862
:10893800A03018B10B781B0740F1DB86EB6F1B7872
:1089480051E10B683E4A23F0FF03934200F0118384
:108958003C4A934200F0CA834B78022B00F04C81CA
:10896800032B00F0D484102B7FF424AED0F894109D
:1089780000293FF41FAEA0681A46002306684E601F
:1089880000790872A068D5F89410007B0874A06874
:10899800D5F89410C07BC874D5F89470FE7C98B252
:1089A80099008642394418D960881038B0EB830F93
:1089B80013DDA068865C10440E7546784E75807885
:1089C8008875A168D5F8947011440432C87807EB0B
:1089D80083010133C875072BE0D14FF0FF33FA6BE1
:1089E8003B633B78002A00F0FE80190700F1FB800A
:1089F800391D07F12403D1F800C0103151F80C7C5F
:108A0800103251F8086C51F8040C994242F810CC15
:108A180042F80C7C42F8086C42F8040CEBD10E6862
:108A28008B684868936016605060D5F894100A788F
:108A380042F0080213460A70D5E000BF00031C008C
:108A480000141000001524000B6823F0FF03B3F591
:108A5800062F00F054814B78802B7FF4ABAD4B8808
:108A6800A42B3FF6A7ADD0F8A830002B3FF4A2AD59
:108A780018785A789042C0F0F985821AD2B2F82A4A
:108A880000F2E785AC27B52207FB00339A70D5F8CA
:108A9800A8301A7807FB02336222DA70D5F8A830BA
:108AA8001A7807FB023313221A71D5F8A8301A78FE
:108AB80007FB023380225A71D5F8A8301A7807FBD1
:108AC800023362889A71D5F8A8301A7807FB023306
:108AD8006288120ADA7163887BB10022D5F8A8305F
:108AE80091B2A06801321E78405C07FB06330B4444
:108AF800187293B261889942F0D8D5F8A830AC22A0
:108B0800217B187802FB003383F8AC10D5F8A83025
:108B1800617B187802FB003383F8AD10D5F8A820E4
:108B2800137801331370D5F8A8301A78FA2A7FF42D
:108B380041AD00221A703DE59D4A934200F08D84B4
:108B48009C4A934200F0CE849B4A934200F05085A1
:108B58009A4A934200F08F85994A934200F0D4854F
:108B6800984A934200F01186974A934200F0518642
:108B7800964A934200F0B686954A934200F073876E
:108B8800944A934200F0B287934A934200F0E787F1
:108B9800924A934201F011804A78352A01F00E81F9
:108BA8003C2A01F07980B3F5831F01F085818C4A56
:108BB80093427FF4FFACEE69002E3FF4FBAC00213A
:108BC8002046FFF789FC4FF0FF337060B3603369CC
:108BD80043B13278120705D41860EE69337843F050
:108BE8000803337033785F077FF5E4AC21462846E5
:108BF800BDE8F84FFFF7C4BBD0F88C1000293FF44C
:108C0800D9ACD4F8089001F10800B4F802A06FF0CC
:108C18000706D9F800304A46761A01F1840E4B60EF
:108C2800AAF1080CB9F804300B8191F80980B9F859
:108C380006304FEAD8084B8100EB880714E09C45C2
:108C480016DD937A043292F805B01B0443EA0B232D
:108C580092F804B043EA0B0392F807B043EA0B63B7
:108C680040F8043F864503D0874206EB0003E6D16F
:108C780008F10208BAEB880F4FEA88030ED909EB0E
:108C8800030219F80300937856781B04D27843EA54
:108C98000623034343EA0263C1F88830D1F89400FD
:108CA8000B7800289FD01F079DD4882204310CF030
:108CB80095FBD5F88C100A7842F0080213460A7022
:108CC80091E7836E002B3FF475AC9B68002B3FF453
:108CD80071AC8A6812781A70836E8A689B685278B9
:108CE8005A708868AB6E446899681A784C60048931
:108CF80042F008020C81408948811A705AE4D0F881
:108D0800A430002B3FF456AC18785A789042C0F043
:108D1800F982821AD2B20E2A00F2DF82A26803EB2D
:108D2800C00312789A70D5F8A430A26819785278DE
:108D380003EBC103DA70D5F8A430A26819789278E9
:108D480003EBC1031A71D5F8A430A2681978D27858
:108D580003EBC1035A71D5F8A430A26819781279C7
:108D680003EBC1039A71D5F8A430A2681978527937
:108D780003EBC103DA71D5F8A430A26819789279A7
:108D880003EBC1031A72D5F8A430A2681978D27916
:108D980003EBC1035A72D5F8A4201378013313707A
:108DA800D5F8A4301A78102A7FF404ACC1E600BFC5
:108DB8000005200000075C000009140000111400E1
:108DC8000012240000131C00001424000017740073
:108DD800002114000022140000261800003B28007F
:108DE80000610400D0F89830002B3FF4E3AB8A68A8
:108DF800116859609188198192799A72A268D0F89D
:108E08009830D279DA72A268D0F89830127A1A7348
:108E1800A268D0F89830527A5A73A268D0F898307D
:108E2800927A9A73A268D0F89830D17AD973D168B7
:108E38001961127C1A75D0F89810A368886D5A7C4D
:108E48004A755A698A619A69CA61DA690A621A6A4C
:108E58004A625A6A8A629A6ACA62DA6A0A631A6B48
:108E68004A635A6B8A639A6BCA63DA6B0A644FF077
:108E7800FF321B6CCA644B640B7800283FF4B3AE16
:108E88001A073FF5B0AE482204310CF0A7FAD5F81E
:108E980098100A7842F0080213460A70A3E6D0F840
:108EA8008030002B3FF486AB8A6811781971D0F8AE
:108EB80080304FF0FF30517859715188D9809188AE
:108EC8001981D18859819168D960D168196111696E
:108ED8005961516999619169DA6AD9611862197899
:108EE800002A3FF464AB08073FF561AB5E689868F9
:108EF800D9681F69166050609160D760D9695E694A
:108F08009869916116615061D5F88020137843F013
:108F1800080319461370FFF74ABB0369002B3FF497
:108F280049AB8A684FF0FF30116859605168996001
:108F38009168D960D168196111695A6A5961986153
:108F48001978002A3FF433AB08073FF530AB59686E
:108F58009F68DE681869116057609660D06059692B
:108F680011612A69137843F0080319461370FFF753
:108F78001EBBD0F88430002B3FF41CAB8A68116804
:108F8800596011791972D0F88430517959729179F0
:108F980099729168D960918919824FF0FF31D2890D
:108FA8005961196A5A821A7811B1170740F110836A
:108FB80056077FF5FFAA19E6436F002B3FF4FAAA7C
:108FC8008A6801211078187050886B6F5880506833
:108FD80058609068986090899881D089D881128A61
:108FE80019751A82FFF7E6BAC36D002B47D09B6844
:108FF800002B44D08A6812781A708A68C36D518829
:109008009B6859805168596091689960D168D960A6
:10901800118A1982927C9A74C36DA2689B68D27C6B
:10902800DA74C36D9B681A78002A40F05682A268E9
:10903800B2F80C12998292F80E229A75EB6D996823
:109048000A78002A40F0438214204FF4FC7701226A
:1090580040F2F71603E0B3420CD8EB6D9968A368A9
:1090680011441344034413F8013CCB7593B2013205
:109078009F42F0D8EB6D1A7842F008021A702B6EF6
:10908800002B3FF497AA9B68002B3FF493AAB521C5
:109098006222197002212B6E9B685A7072222B6E05
:1090A8009B6899702B6E9B68DA702B6E62889B6840
:1090B8001A712A6E638892681B0A53712B6E628834
:1090C8009868A16806300CF089F92B6E227B9B68A2
:1090D80083F816222B6E627B9B6883F817222A6E10
:1090E800137843F008031370FFF764BAD0F8883098
:1090F800002B3FF45FAA8A684FF0FF30116859606F
:109108009168D960D168196111695961516999618A
:109118009169D961D1691962116A5A6B5962986269
:109128001978002A3FF443AA08073FF540AA191DF9
:109138002433D1F800C0103151F80C7C103251F8AA
:10914800086C51F8040C994242F810CC42F80C7C97
:1091580042F8086C42F8040CEBD10B681360D5F8A0
:109168008820137843F0080319461370FFF71FBAD5
:10917800D0F89C30002B3FF41DAA8A68116859600A
:1091880012791A72A268D0F89C304FF0FF309168BB
:10919800D960D168196111695961516999619169F9
:1091A800D961D1691A6B196258621978002A3FF49B
:1091B800FEA90E073FF5FBA95F689E68D868196984
:1091C800176056609060D160196A5F699E69D869B6
:1091D800D161176156619061D5F89C20137843F0EE
:1091E800080319461370FFF7E2B94369002B3FF4EF
:1091F800E1A98A681168596011791972436951792E
:10920800597291799972D179D9729168D9604FF070
:10921800FF31D2685961196A1A611A7800293FF436
:10922800C7AE17073FF5C4AEDA685E6898681B6971
:109238000E608A60CB60486069690B7843F0080368
:109248001A460B70B4E6416E0B78C3F3C102C3F340
:10925800C0001B0740F1DA8252087FF4ABA902274D
:109268004FF488768B68B5229A5562226B6E9B689C
:1092780033445A7002226B6E9B6833449A7073228F
:109288006B6E9B683344DA706B6E62889B683344FC
:109298001A716B6E62889B68120A33445A716B6E3E
:1092A80062889868A168304406300CF097F86B6EB5
:1092B800227B9B68334483F80E216B6E627B9B682C
:1092C800334483F80F216A6E1378C3F3C1010F4347
:1092D80067F3C4031370FFF76DB995F8F13023B93C
:1092E80095F8F230002B3FF465A9D5F8DC403C2214
:1092F800B649236820465B6898472046BDE8F84F82
:109308000BF050BA00F110018A1AD2B203E5D0F876
:109318009020002A3FF44EA949880B1F48BFCB1C58
:10932800DB1082F8383204226688D0F890100336B1
:109338000846F608F600043623E0A36808309F18AC
:1093480013F802C00832BB7897F801E0B2F50D7F38
:109358004FEA034343EA0E2343EA0C0397F803C09A
:1093680043EA0C63036097F805C03B7943EA0C2392
:1093780097F806C0FF7943EA0C4343EA0763436062
:1093880001D0B242D9D1D1F84402002800F05E8160
:109398000B781E073FF527AC4FF40E7208310430E6
:1093A8000CF01CF8D5F890100A7842F00802134621
:1093B8000A7018E4C36E002B3FF4FCA88A686FF0AB
:1093C800070611781971C36E51785971C36ED17837
:1093D800D971C36E11791972C36E51795972C36EFE
:1093E80091799972C16E01F108000F7A761A01F12C
:1093F800480C00EB8707874206EB000E16D06388FF
:10940800083B734512DD937A043292F805E01B0499
:1094180043EA0E2392F804E043EA0E0392F807E0C9
:1094280043EA0E6340F8043F6045E4D10123886DA8
:1094380081F84C30002800F009810B781F073FF5B0
:10944800D2AB482204310BF0C9FFE96E0A7842F02A
:10945800080213460A70FFF7C6BB036A002B3FF4E5
:10946800A9A88A681168596012791A72A268036AF1
:109478004FF0FF309168D960D1681961116959615D
:10948800516999619169D961D1691A6B19625862F8
:109498001978002A3FF48BA808073FF588A85F6869
:1094A8009E68D8681969176056609060D160196A1B
:1094B8005F699E69D869D1611761566190612A6AAE
:1094C800137843F0080319461370FFF770B84F88F4
:1094D800002F3FF4D0AD1820B9E5A268918A99828F
:1094E800927DAAE5436A002B3FF464A88A68116854
:1094F80059609188198192799A72A268436AD279DF
:10950800DA72A268436A127A1A73A268436A527AB4
:109518005A73A268436A927A9A73A268436AD17AA4
:10952800D973D168196111695961127D1A76A268D7
:10953800436A517D5976917D9976D27DDA76A36812
:10954800416A9A69CA61DA690A621A6A4A625A6A97
:109558008A629A6ACA62DA6A0A631A6B4A635A6B3F
:109568008A639A6BCA63DA6B0A641A6C4A645A6C27
:10957800086F8A649A6CCA64B3F84C20A1F850202A
:1095880093F84E2081F852205A6D8A65B3F8582016
:10959800A1F85C204FF0FF32B3F85A30C1E9182225
:1095A800A1F85E300B7800283FF41DAB1A073FF591
:1095B8001AAB5C2204310BF011FF696A0A7842F099
:1095C800080213460A70FFF70EBB00BF001A0020FE
:1095D800DA685E6898681B690E608A60CB604860CC
:1095E800D5F884100B7843F008031A460B70DFE4B3
:1095F800836A002B3EF4DEAF8A6812781A718A6893
:10960800836A4FF0FF30516899609168D960D168DA
:10961800196111695A6A596198611978002A3EF4EA
:10962800C6AF0F073EF5C3AF59689F68DE68186973
:10963800116057609660D06059691161AA6A137801
:1096480043F0080319461370FEF7B1BF0B78FFF714
:10965800CABA95F8F13023B995F8F230002B3EF4E8
:10966800A9AFD5F8DC4041229D4942E6811F8A1AFC
:10967800D2B2FFF704BA036B002B3EF49BAF8A68A3
:109688004FF0FF3011685960516899609168D9604E
:10969800D168196111695A6A596198611978002A63
:1096A8003EF485AF0E073EF582AF59689F68DE68C5
:1096B8001869116057609660D060596911612A6B0A
:1096C800137843F0080319461370FEF770BF596802
:1096D8009F68DE681869116057609660D0605969A4
:1096E8001161AA69137843F0080319461370FEF74D
:1096F8005EBF9C2204310BF071FEEB6F1A7842F0CA
:1097080008021A70FFF71BB9436B002B3EF452AFE7
:109718008A684FF0FF301168596051689960916804
:10972800D960D16819611169596151699961916963
:10973800D961D1691962116A5A6B98625962002A13
:109748003FF4FDA8197808073FF5F9A8191D243337
:10975800D1F800C0103151F80C7C103251F8086C67
:1097680051F8040C994242F810CC42F80C7C42F8AB
:10977800086C42F8040CEBD10B6813606B6B1A7819
:1097880042F008021A70FFF7DAB8836B002B3EF438
:1097980011AF8A6812781A718A68836B5168996068
:1097A8009168D960D168196111695961127D1A7679
:1097B800A268836B527D5A76A268836B927D9A76F3
:1097C800A268836B4FF0FF30D17DD9769169DA6A50
:1097D8001862D961002A3FF4B2A8197809073FF541
:1097E800AEA85E689868D9681F6916605060916075
:1097F800D7605E699869D969166150619161AB6BF0
:109808001A7842F008021A70FFF799B8012706463D
:1098180028E5C36B002B3EF4CDAE8A6812781A7126
:109828008F680421C66B2046FB78F371FEF754FE5F
:109838000821B0602046FEF74FFE0C21F06020465C
:10984800FEF74AFE102130612046FEF745FE14213E
:1098580070612046FEF740FEB0613B7E1C21204629
:109868003377A268EB6B527E5A77A268EB6B927ED5
:109878009A77A268EB6BD27EDA77FEF72DFEEE6B55
:10988800202130622046FEF727FE4FF0FF33C6E95D
:109898000903736B002B3FF4A5A9327812073FF533
:1098A800A1A9321D2436D2F800C0103252F80C7C1F
:1098B800103352F8080C52F8041CB24243F810CC8A
:1098C80043F80C7C43F8080C43F8041CEBD11268ED
:1098D8001A60EE6B337843F008033370FFF782B9F0
:1098E800401A0020066C002E3EF464AE002120468B
:1098F800FEF7F2FDA368706020461B793372A268F8
:109908002B6C51795972D18859811021127A1A73A6
:10991800A2682B6C527A5A73A2682B6C927A9A734B
:10992800A2682B6CD27ADA73A2682B6C127B1A7439
:10993800FEF7D2FD2E6C142170612046FEF7CCFD97
:10994800A368B06120461B7E3377A2682B6C517EDA
:109958005977917E99771C21D27EDA772E6CFEF7A3
:10996800BBFD202130622046FEF7B6FD242170623F
:109978002046FEF7B1FD2821B0622046FEF7ACFD77
:109988002C21F0622046FEF7A7FD302130632046E7
:10999800FEF7A2FD342170632046FEF79DFD3821B5
:1099A800B0632046FEF798FD3C21F0632046FEF7A1
:1099B80093FD402130642046FEF78EFD44217064FB
:1099C8002046FEF789FD4821B0642046FEF784FD55
:1099D8004C21F0642046FEF77FFD5021306520467B
:1099E800FEF77AFD542170652046FEF775FDA368E1
:1099F800B0656421B3F858202046A6F85C20B3F877
:109A08005A20A6F85E20B3F85C20A6F86020B3F8C8
:109A18005E20A6F86220B3F86020A6F86420B3F8A8
:109A28006230A6F86630FEF757FD6821B06620461A
:109A3800FEF752FD4FF0FF33F066D6F88800C6E90E
:109A48001E3300283FF4CEA833781F073FF5CAA875
:109A5800311D74220BF0C2FC2E6C337843F00803DE
:109A68003370FFF7BFB8C66A002E3EF4A3AD0021DD
:109A78002046FEF731FD042170602046FEF72CFDDC
:109A88000821B0602046FEF727FDA268F0604FF07D
:109A9800FF3093893382937BB374D17BEB6AD9749B
:109AA800117CEB6A1975517CEB6A5975917CEB6AEC
:109AB8009975EB6AD17C1A6A9861D975002A3EF4C7
:109AC8003EAF197809073EF53AAF59689F68DE68D6
:109AD8001869116057609660D06059691161EB6A26
:109AE8001A7842F008021A70FEF729BF466C002E59
:109AF8003EF460AD00212046FEF7EEFC04217060C4
:109B08002046FEF7E9FC0821B0602046FEF7E4FC99
:109B18000C21F0602046FEF7DFFC10213061204662
:109B2800FEF7DAFC4FF0FF33C6E90503736A002B32
:109B38003FF458A8327812073FF554A87268B768FE
:109B4800F06831691A605F609860D96072691A615B
:109B58006E6C337843F008033370FFF743B8866CB4
:109B6800002E3EF427AD00212046FEF7B5FCA36881
:109B780070600C211B7920463372A268AB6C127A94
:109B88001A73A268AB6C527A5A73A268AB6C927A59
:109B98009A73A268AB6CD27ADA73FEF79DFCA2685E
:109BA800AB6C4FF0FF311861108A9882508AD882C6
:109BB800D27DD961DA76FEF7FDBCC36C002B3EF48A
:109BC800F9AC8A68042112781A71C66C2046FEF72F
:109BD80083FC0821B0602046FEF77EFC0C21F06073
:109BE8002046FEF779FC102130612046FEF774FC10
:109BF800142170612046FEF76FFCA368B0611C2138
:109C08001B7E20463377A268EB6C527E5A77A26897
:109C1800EB6C927E9A77FEF75FFCEE6C2021306247
:109C28002046FEF759FCA36870624FF0FF3293F8A4
:109C3800243086F82830A168EB6C91F8251083F859
:109C48002910EB6CDA625A6B002A3EF478AE197868
:109C58000F073EF574AE191D2433D1F800C010313A
:109C680051F80C7C103251F8086C51F8040C9942E8
:109C780042F810CC42F80C7C42F8086C42F8040C0C
:109C8800EBD14B68086853601060EB6C1A7842F0AF
:109C980008021A70FEF753BE4A88282A02D0402AC2
:109CA8007EF481AF6B6D002B3EF484ACA268042176
:109CB800204612781A71D4F808806E6DB8F8023010
:109CC800F380FEF709FC0821B0602046FEF704FC8B
:109CD8000C21F0602046FEF7FFFB10213061204682
:109CE800FEF7FAFB63887061282B00F00E811421BF
:109CF8002046FEF7F1FB1821B0612046FEF7ECFB89
:109D0800F06198F820302421204686F82430A26893
:109D18006B6D92F8212083F82520A2686B6D92F86C
:109D2800222083F82620A2686B6D92F8232083F8FE
:109D38002720FEF7D1FB6E6D2821B0622046FEF782
:109D4800CBFB2C21F0622046FEF7C6FB30213063A6
:109D58002046FEF7C1FB342170632046FEF7BCFBAA
:109D68003C21B0632046FEF7B7FB30644FF0FF326A
:109D7800336D7264002B3EF435AF327810073EF530
:109D880031AF321D4436D2F800C0103252F80C7C84
:109D9800103352F8080C52F8041CB24243F810CCA5
:109DA80043F80C7C43F8080C43F8041CEBD16E6DA7
:109DB800337843F008033370FEF714BF066D002EA6
:109DC8003EF4F8AB00212046FEF786FBA3687060DE
:109DD80000271B794FF00C0833720826A2682B6DF8
:109DE80052795A72D5F850903AE06288083A9A4205
:109DF80045DDA268925D8CF80C20A268324492F886
:109E080001C02A6D1A4482F80DC0A268324492F843
:109E180002C02A6D1A4482F80EC0A268324492F831
:109E280003C02A6D1A4482F80FC0A268D5F8509072
:109E380032440C3609EB030A92F805C0137943EA59
:109E48000C23AAF8103092F807C0937943EA0C2340
:109E5800AAF81230FEF740FBFF2FCAF814000ED004
:109E6800BAB299F809E008FB07F306F1080196452C
:109E7800204609EB030C89B207F10107B5D8012385
:109E8800D9F80C0C89F8003C18B199F800301E0775
:109E980003D599F80030FEF7A6BE09F1040140F693
:109EA800FC320BF09BFAD5F8509099F8003043F04B
:109EB800080389F80030ECE7AE6D002E3EF47AAB6B
:109EC80000212046FEF708FBA36870604FF0FF31C1
:109ED8001A7932725B797372AB6D1A6A5961002A0A
:109EE8003EF42DAD197809073EF529AD5E689868EE
:109EF800D9681B69166050609160D360AB6D1A78A1
:109F080042F008021A70FEF71ABD002718212046F1
:109F1800C6E9067798F8143086F82430A2686B6D85
:109F2800527D83F82520A2686B6D927D83F82620E8
:109F38006B6D83F827706E6DFEF7CEFA1C21B06248
:109F48002046FEF7C9FA2021F0622046FEF7C4FA3F
:109F5800242130632046C6E90D77FEF7BDFA306448
:109F680004E700BF2DE9F84F994690F855310446AB
:109F7800884615469DF828B0DBB9B0F800A16B8873
:109F8800AE8803333746B3420CDB94F8623194F859
:109F980063214344DBB284F86231134484F86331AB
:109FA800AE88374656B985F800800137AF80BDE8DE
:109FB800F88F032B39D04FF0020AE0E7012E2ED09C
:109FC800022E65D0032E6B885ED01A1D964200F0D3
:109FD800A48005339E4200F0A3806A782046297841
:109FE800FCF73EFAEB88002858D094F85431002B3F
:109FF800DBD1043EF31A534580F22781AA6802F8A0
:10A008000380AE8837460AF10603B342CDD194F8EF
:10A018005431002B4ED00137AF80BDE8F88F01379F
:10A0280085F80180AF80BDE8F88F52782978FCF771
:10A0380035FC82460028A2D194F8F1301BB994F877
:10A04800F230002B9BD0D4F8DC003722AF490368EC
:10A058005B689847297800230A22D4F8DC000AF0C4
:10A06800CBFBD4F8DC000722A94903685B68984752
:10A07800D4F8DC6000230A22697830460AF0BCFB79
:10A0880030460AF08FFB7AE743EA08236B808CE7B7
:10A098000137A5F80280AF80BDE8F88F94F8542105
:10A0A800002A82D1F21E9A42A3DC0AF106039E42DC
:10A0B8007FF47BAF0023237194F8F13023B994F82F
:10A0C800F2300BB9374670E7D4F8DC0031229149F9
:10A0D80003685B689847D4F8DC0015228E4903684A
:10A0E8005B68984794F85511D4F8DC000AF04EFBE9
:10A0F800D4F8DC001722894903685B689847D4F8CC
:10A10800DC40514620460AF041FB20460AF04AFB53
:10A11800AF880137AF80BDE8F88F85F80C8072E70B
:10A12800002385F80D80B4F862212371A989914232
:10A1380065D0AB732B784B4500F0CE80052B00F033
:10A14800D28094F8F1301BB994F8F230002B44D047
:10A15800D4F8DC001022724903685B689847D4F889
:10A16800DC000C226F4903685B68984700230A22C9
:10A17800297BD4F8DC000AF03FFBD4F8DC000C2281
:10A18800694903685B68984700230A22697BD4F809
:10A19800DC000AF031FBD4F8DC00132263490368C1
:10A1A8005B68984700230A2294F86211D4F8DC000F
:10A1B8000AF022FBD4F8DC0013225D4903685B68CF
:10A1C800984700230A2294F86311D4F8DC000AF0B7
:10A1D80013FBD4F8DC000AF0E5FA94F85531032BA8
:10A1E8007FF40FAFD4F8080108B10BF095F9AE88E9
:10A1F80000233746C4F80831C4F84C3103E701237B
:10A20800AB7384F87F31297849452DD02B8840F2EB
:10A218000512934271D0052B04D1AB681A784A45D0
:10A2280000F0B1806A782046FCF71AF908B394F870
:10A23800F130002B40F0868094F85431002BCCD1BB
:10A2480029462046FEF756F9C7E70023237194F8FC
:10A25800F130002B00F0D380D4F8DC0024223549FB
:10A2680003685B68984736E76B785B45CED1012376
:10A27800EB7394F8F130002BDED0D4F8DC00102218
:10A288002D4903685B6898476988D4F8DC000AF0B0
:10A298007DFAD4F8DC000B22284903685B689847EC
:10A2A800002229462046FDF7FBFEAB7B012B00F080
:10A2B800A08094F82231012B00F09580EB7B012BD4
:10A2C80000F08B8094F82331012BB5D11C49D4F8C8
:10A2D800DC00FBF7B5FBAFE76A785A457FF42EAF91
:10A2E8000023EB732DE7AB681A784A457FF429AF52
:10A2F8005B785B457FF425AFF2E7AB681A784A458F
:10A3080090D15B785B458DD1B1E700BF0014002088
:10A3180038140020BC150020F01500200816002075
:10A32800381500204C1500205C1500206C15002005
:10A338008015002094150020B8140020CC140020AB
:10A348001C150020D4F8DC003322304903685B6810
:10A358009847297800231022D4F8DC000AF04CFA38
:10A36800D4F8DC0007222A4903685B689847D4F8C8
:10A37800DC6000231022697830460AF03DFA304646
:10A388000AF010FA75E75B785B457FF44BAF032260
:10A3980094F8F130EA73002B3FF44EAFD4F8DC00A8
:10A3A8001C49FBF73DFBAA680023D4F8DC001178B0
:10A3B80010220AF021FAD4F8DC001749FBF730FB29
:10A3C800D4F8DC60AB6810223046597800230AF0D4
:10A3D80013FA30460AF0E6F94BE71049D4F8DC00E6
:10A3E800FBF72EFB6EE70E49D4F8DC00FBF728FBE1
:10A3F80064E70C49D4F8DC00FBF722FB59E794F832
:10A40800F230002B3FF4D1AD26E700BF84140020C2
:10A41800381400204014002070140020001500207B
:10A42800EC140020D81400202DE9F04F044685B024
:10A43800D0F8E00017469DF838601D468DF80F10DB
:10A4480018B10368C9B21B689847207901281BD93D
:10A45800022805D0032800F06A8205B0BDE8F08F15
:10A46800B4F86031002B00F0BF80012B00F0F980B8
:10A47800023B052B00F2AF81DFE813F04A0100022E
:10A48800FB01F001BC015C019DF80F10B52900F03B
:10A49800CB80242900F09E80D32900F02781012851
:10A4A800DBD194F96431002B00F0D080012B00F04F
:10A4B800CB80DAB2052A40F2E4802046FCF7ACFCF7
:10A4C80038B32046FCF738FE05462046FCF7D4FE94
:10A4D80006462046FDF704FA2B78834219D29DF8E8
:10A4E8000F20F2542B780133DBB283422B7010D14A
:10A4F80094F8F13013B994F8F23053B1D4F8DC5031
:10A508001D22B7492B6828465B68984728460AF0F9
:10A5180049F92046FCF72EFA002840F0018220462F
:10A52800FCF78AFB9DF80F10002840F0F5812A29D6
:10A5380000F09E8094F8642194F96531013255B297
:10A54800AB4284F864516CD0002D86D12046FCF7CC
:10A5580063FC002839D02046FCF7EEFD074620466C
:10A56800FCF78AFE06462046FDF7BAF900F1FF3CE3
:10A578008046BCF1010F17DD2A4601233D781046BD
:10A588001946043D0BE02A2A00F01382F25C0133DD
:10A598002A2ADBB218BF50406345194601DA8D42BA
:10A5A800F1DC2A2A00F0058294F8F13013B994F806
:10A5B800F23053B1D4F8DC5020228A492B6828465F
:10A5C8005B68984728460AF0EDF80023237105B028
:10A5D800BDE8F08F00220120134684F86421207121
:10A5E800234483F86611A2E79DF80F80B8F1B50FF0
:10A5F80025D0237194F85531012B65D04BB3022B2C
:10A608006BD02B4604F5A272414620460096FFF710
:10A61800A9FCB4F860310133A4F8603105B0BDE895
:10A62800F08F002323718FE70023A4F86031A4F88A
:10A6380028314FF40073A4F854310223237194F89D
:10A6480055314FF0B508D7E74729C9D00023237102
:10A658006DE72B463A46414620460096FFF782FCB6
:10A66800D7E79DF80F80B8F1620FC3D00023C0E789
:10A6780094F96531FC22043384F864217FF4EDAE4B
:10A68800A3E7E218052B82F866117FF450AF94F81F
:10A698007F31BBB32046FCF7BFFB002840F0708138
:10A6A8002046FCF767F9002840F063812046FCF754
:10A6B800C3FA002840F03E8194F86431052B3FF638
:10A6C800FCAE9DF80F1032E72B4604F58A7241461E
:10A6D80020460096FFF746FC9BE72B4604F592724E
:10A6E800414620460096FFF73DFC92E700220323EF
:10A6F800A4F8CC20237104F1CC022046FDF730FAEF
:10A708002071AAE62046FCF70FFA84F87F01C1E71A
:10A7180000239DF80F80A4F86231A4F828310223A1
:10A7280084F8248184F83231FB88A4F82A3194F81B
:10A73800553161E7B4F82631002B40F085819DF84A
:10A748000F8084F8318194F85531022B7FF454AF8F
:10A7580094F82421052AC0D1D4F82C110878A842ED
:10A76800BBD14878B042B8D1B4F82601022800F02D
:10A778004E8294F8F1301BB994F8F230002BACD02B
:10A788001949D4F8DC00FBF74BF9D4F82C31102226
:10A79800D4F8DC00197800230AF02EF81349D4F80D
:10A7A800DC00FBF73DF9D4F82C311022D4F8DC009A
:10A7B800597800230AF020F80D49D4F8DC00FBF79B
:10A7C8002FF9D4F8DC80B4F82611404609F0DEFFF2
:10A7D800404609F0E7FF94F855319DF80F800BE7E4
:10A7E8000420002058200020CC1F0020381400200E
:10A7F800FC1F0020B4F82631002B40F02F8194F87C
:10A80800F13013B994F8F2300BB3D4F8DC002F22EE
:10A81800BD4903685B6898470023102294F8241107
:10A82800D4F8DC0009F0E8FFD4F8DC000722B749C7
:10A8380003685B689847D4F8DC800023102294F8FA
:10A848002511404609F0D8FF404609F0ABFF9DF8B6
:10A858000F8094F8553184F83081CDE6B4F826316C
:10A868009DF80F8043EA0823A4F8263194F855315F
:10A87800C2E69DF80F80A4F82681BBE694F82491DF
:10A888009DF80F80B9F1050F84F825813FF4B2AE29
:10A89800B04502D1A94500F0AC8142464946204660
:10A8A800FBF7DEFD002800F0E380424649462046DB
:10A8B800FBF7F4FF8046002840F0508194F8F1300F
:10A8C800002B40F0298194F8F230002B40F02481CD
:10A8D800D4F8080130B10AF01FFE0023C4F808318B
:10A8E800C4F84C3140460AF015FE0323C4F80801A9
:10A8F80084F85531B4F82431C4F84C01A4F8443133
:10A90800D4F82831C4F8483194F8F130002B40F0DD
:10A9180049819DF80F8074E62046FCF767FAD0E677
:10A9280001220DF10F012046FDF798FDF7E59DF88E
:10A938000F10E0E694F866112046FCF757FA94F8F1
:10A9480067112046FCF752FA94F868112046FCF784
:10A958004DFA94F869112046FCF748FA94F86A1100
:10A968002046FCF743FA94F86B112046FCF73EFAB0
:10A97800A2E6062204F5B3712046FDF76FFD95E6C1
:10A988002046FCF7D9FB06462046FCF775FC054631
:10A998002046FCF7A5FF062302460021337028460F
:10A9A80010F078F8D4F866312B60B4F86A31AB80CF
:10A9B80076E6020902F13005EDB2392D01D93732B8
:10A9C800D5B200F00F00F25C06EB030A00F1300983
:10A9D800B9F1390F88BF00F13709AA424CD094F871
:10A9E800F13023B994F8F230002B3FF4EEADD4F8EF
:10A9F800DC002A22464903685B689847D4F8DC00E3
:10AA0800294603681B689847D4F8DC004946036860
:10AA18001B689847D4F8DC0005223E4903685B6848
:10AA28009847D4F8DC009AF8001003681B68984728
:10AA3800D4F8DC009AF8011003681B689847D4F82A
:10AA4800DC0009F0AFFEC0E5012B00F0A680D4F8C9
:10AA58002C319DF80F8083F8018074E6D4F82C31EE
:10AA68009DF80F201A7094F855319DF80F80C3E5B2
:10AA7800012384F85431BDE59AF801304B45AED135
:10AA88002046FCF799FC05462046FCF735FD814633
:10AA9800424600210FF0FEFF48463A7831460AF058
:10AAA8009DFC3B7820462B70FCF79AFF8146204698
:10AAB80099F8005025F0030545F0010A89F800A02F
:10AAC800FCF746FA00283FF480AD1AF004017FF441
:10AAD8007CAD20460291FCF7AFFD8346204645F049
:10AAE8000505FCF74FFE4246804602990FF0D2FF5B
:10AAF800314640463A780AF071FC3B788BF80030D2
:10AB080089F8005061E500BF9C1F00203814002020
:10AB18002420002050200020D4F8DC0034224B49A7
:10AB280003685B68984700230A2294F82411D4F834
:10AB3800DC0009F061FED4F8DC0007224449036810
:10AB48005B689847D4F8DC9000230A2294F8251112
:10AB5800484609F051FE484609F024FED4F8080199
:10AB680000283FF4BFAE94F8F12022B994F8F220FF
:10AB7800002A3FF4B0AED4F8DC9041223549D9F828
:10AB8800003048465B689847484609F00BFED4F801
:10AB9800080100283FF4A1AE9DE69DF80F8084F8D7
:10ABA8003081D0E5D4F8DC0030222B4903685B689B
:10ABB80098470023102294F82411D4F8DC0009F0F7
:10ABC8001BFED4F8DC000722214903685B6898471C
:10ABD800D4F8DC800023102294F82511404609F0AF
:10ABE8000BFE404609F0DEFD94F855319DF80F80C4
:10ABF80002E5002384F8553187F8009094F8253150
:10AC08007B70B4F82831BB8094F85531F4E4A4F88B
:10AC1800163194F8253184F8142184F81531B4F8E4
:10AC28002831A4F81831012384F85531D4F81C319F
:10AC38000A781A70D4F82C21D4F81C3152789DF86F
:10AC48000F805A7094F85531D6E400BFEC1E0020EE
:10AC580038140020241F0020681F00202DE9F04F21
:10AC6800994690F8F030012690465B00D0F8D02045
:10AC7800044683B082F8A5300F4682F83061FD2182
:10AC880082F82F61D0F8D00003681B68984700212C
:10AC9800D4F8D000FAF7E6FCE0B194F8F1300546B4
:10ACA80013B994F8F2308BB1D4F8DC0033227C4924
:10ACB80003685B689847D4F8DC4000230A222946D9
:10ACC800204609F099FD204609F06CFD002003B0EC
:10ACD800BDE8F08F3346022294F8F010D4F8D00083
:10ACE800FAF740FD022805460BD094F8F1301BB95D
:10ACF80094F8F230002BE9D0D4F8DC00342269490A
:10AD0800D6E7D4F8D000DFF8B8A103685B695345EB
:10AD180040F0988090F8A23090F8A3209A4240F230
:10AD28008C805A1C80F8A2201844857ED4F8D00064
:10AD380003685B69534540F0888090F8A2202B0295
:10AD480090F8A3101BB2914240F2A880511C80F8E1
:10AD5800A2101044827E13431FFA83FBBBF1000F3D
:10AD680044D0002B6BDBBBF1640F94F8F13047D96A
:10AD7800002B7BD16679012394F8F0105E45D4F856
:10AD8800D00028BF5E46F2B2FAF7ECFCB0429DD183
:10AD98000EB3002516E090F8A23090F8A3209A424E
:10ADA80003F1010203441FD980F8A220997E0135DE
:10ADB80043463A462046CDF80090FFF735FBABB244
:10ADC8009E4208D9D4F8D00003685B695345E2D0A5
:10ADD8009847C1B2EBE7ABEB060B1FFA8BFBBBF155
:10ADE800000FC7D1012072E7FF21E0E794F8F130A6
:10ADF800002B2FD12C4B00201B68C4F85C3166E770
:10AE0800002BECD0D4F8DC001722284903685B68D3
:10AE180098475946D4F8DC0009F0B8FCD4F8DC505F
:10AE2800062223492B6828465B689847284609F07C
:10AE3800B9FCBBF1000F9DD1D4E74FF6FF7BCBF3F4
:10AE48000E0B90E79847054670E798472B02C2B269
:10AE58001BB280E7D4F8DC50272216492B68284615
:10AE68005B689847284609F09DFCC3E7D4F8DC00E6
:10AE78001F22114903685B6898475946D4F8DC00DB
:10AE880009F084FCD4F8DC500F220C492B682846C2
:10AE98005B689847284609F085FC6BE7FF225AE76C
:10AEA80060170020941700209CD000202418002050
:10AEB8003C180020CC170020F4170020141800209C
:10AEC800293300002DE9F041044682B08846174630
:10AED8001E460BE0D4F8D40003685B6998473B46EC
:10AEE800C1B2424620460096FFF79EFAD4F8D40035
:10AEF80003681D69A8470028ECD1012002B0BDE80D
:10AF0800F08100BF2DE9F047984690F8103184B0E1
:10AF180006460F4692468BB100242046D6F80C11FF
:10AF2800013453463A46095C3046CDF80080FFF7B5
:10AF38007BFA96F81031E0B28342EFD8D6F8EC30BD
:10AF48000024D6F8E4000293072386F810410393FF
:10AF580004AB13E90600F7F7BFFC214696F8E800B2
:10AF68000AF0C0F8D6F8E4301A68FF235366D36DA8
:10AF780013F4F81FFBD0516FC9B2FF2948D04FF026
:10AF8800FF09FF2901D1337993B153463A46304638
:10AF9800CDF80080FFF748FAD6F8E4301D68C5F808
:10AFA8006490EC6D14F4F81FFBD0696FC9B2E8E740
:10AFB800012196F8E8000AF095F8D6F8E420D37C49
:10AFC80013B3DD0704D5906A4FF0E021C1F8000102
:10AFD8009C0704D5D06A4FF0E021C1F80401580756
:10AFE80004D5106B4FF0E021C1F80801190704D50A
:10AFF800506B4FF0E021C1F80C01DB0604D5926BD1
:10B008004FF0E023C3F81021012004B0BDE8F08719
:10B018003379002BB3D1012196F8E8000AF062F8E1
:10B02800D6F8E430DA7C12B3D50704D5986A4FF025
:10B03800E021C1F80001940704D5D86A4FF0E02157
:10B04800C1F80401500704D5186B4FF0E021C1F88E
:10B058000801110704D5586B4FF0E021C1F80C0125
:10B06800D70604D59A6B4FF0E023C3F8102196F861
:10B07800590109F0B9FFC7E730B490F8CF4034B1AF
:10B08800012C16D0022C11D0002030BC70470A4C7D
:10B09800D0F85C51246890F856C1641B644502D30B
:10B0A80030BCFFF7DBBD012030BC704730BCFFF778
:10B0B80029BF30BCFFF706BF9CD000202DE9F84F10
:10B0C8007D4D99460223BDF828702E6804468B737F
:10B0D80080F8223180F8323180F85231CB7380F811
:10B0E800233180F8333180F853312B689B1BBB42E6
:10B0F8006CD28B46904640F2011A0AE0012B4DD0E3
:10B10800022B52D0012009F06FFF2B689B1BBB421A
:10B118005CD294F8CF30002BF0D12B68D4F85C11B6
:10B1280094F856215B1A934207D34B464246594638
:10B138002046FFF793FD0028E4D0BBF80E205245C7
:10B148001FD09BF80F30012B0CD0002BDAD140F226
:10B1580001239A42D6D094F8F130002B73D1022003
:10B16800BDE8F88F9BF80030434503D19BF80130C8
:10B178004B45C7D094F8F130002B48D10D20BDE8DD
:10B18800F88F9BF80030434516D09BF80F30012B01
:10B19800DBD194F8F130002BF0D038E04B46424632
:10B1A80059462046FFF78EFEC5E74B4642465946AC
:10B1B8002046FFF7A7FEBEE79BF801304B45E4D1D8
:10B1C80094F8F130002B5AD10B2003E094F8F130B9
:10B1D80013B90320BDE8F88FD4F8DC0024223749DE
:10B1E80003685B689847296800230A22891BD4F8FA
:10B1F800DC0009F001FBD4F8DC401A22304923684E
:10B2080020465B689847204609F0CCFAE1E7D4F875
:10B21800DC0033222B4903685B68984729680023C0
:10B228000A22891BD4F8DC0009F0E6FAD4F8DC40DD
:10B2380005222549236820465B689847204609F07F
:10B24800B1FA0D20C6E7D4F8DC0038221F4903689C
:10B258005B689847296800230A22891BD4F8DC0018
:10B2680009F0CAFAD4F8DC400522174923682046B9
:10B278005B689847204609F095FA0220AAE7D4F8B7
:10B28800DC003922124903685B6898472968002363
:10B298000A22891BD4F8DC0009F0AEFAD4F8DC40A5
:10B2A80005220949236820465B689847204609F02B
:10B2B80079FA0B208EE700BF9CD00020301D0020BB
:10B2C800581D0020C01C0020B81C0020F41C0020C1
:10B2D8007C1C00202DE9F047A24E82B0994602233B
:10B2E800D6F800A00446BDF828700D468B7390462A
:10B2F80080F82231574480F8323180F85231CB73CC
:10B3080080F8233180F8333180F853313368BB42F9
:10B318000BD38FE1012871D0022876D0012009F0E3
:10B3280063FE3368BB4280F0998094F8CF00002810
:10B33800F0D13368D4F85C1194F856215B1A934223
:10B3480007D34B46424629462046FFF787FC00288C
:10B35800E4D0EB7B012B12D0022B94F8232141D1AE
:10B36800012A00F0DC80032A00F082801343D5D143
:10B3780094F8F120002A40F00581012075E094F846
:10B388002331012B48D0032B72D0002BC6D1AA7BC6
:10B39800012AC3D12A784245C0D16A784A45BDD12D
:10B3A80094F8F120002A00F0B880D4F8DC003E229E
:10B3B8006D49056801936D68A8473168019BA1EB49
:10B3C8000A010A22D4F8DC0009F016FAD4F8DC40A5
:10B3D80005226649236820465B689847204609F09D
:10B3E800E1F99AE0012ABED1EB89002B96D194F8B5
:10B3F800F130002B40F00181022036E04B464246F6
:10B4080029462046FFF75EFDA1E74B4642462946FE
:10B418002046FFF777FD9AE7AB7B012B2B780AD004
:10B42800434502D16B784B45DED094F8F130002BC0
:10B438007BD10D2019E04345F7D16A784A45EFD111
:10B4480094F8F130002B68D0D4F8DC003C2248494D
:10B4580003685B68984731680023B0E7EB7B012BF2
:10B4680049D094F8F1303BBB032002B0BDE8F08727
:10B4780094F8F1301BB9042002B0BDE8F087D4F885
:10B48800DC003A223B4903685B689847316800232F
:10B498000A22A1EB0A01D4F8DC0009F0ADF9D4F8CE
:10B4A800DC4005223149236820465B6898472046DE
:10B4B80009F078F90420D8E7D4F8DC0022222E49D4
:10B4C80003685B689847316800230A22A1EB0A01E8
:10B4D800D4F8DC0009F090F9D4F8DC4006222749BA
:10B4E800236820465B689847204609F05BF90320EB
:10B4F80002B0BDE8F08794F82331022BB1D1AB7BC1
:10B50800012BAED12B784345ABD16B784B45A8D1F5
:10B5180094F8F130002B40F092800B20A5E794F8C6
:10B52800F130002B4CD10A209FE7D4F8DC003122FF
:10B53800134903685B689847316800230A22A1EB26
:10B548000A01D4F8DC0009F057F9D4F8DC400522E8
:10B558000649236820465B689847204609F022F987
:10B568000D2082E79CD00020901B0020B81C0020F2
:10B57800841A0020541B0020501C0020741C00203A
:10B58800F81A0020D4F8DC004022374905680193F6
:10B598006D68A8473168019B0A22A1EB0A01D4F81B
:10B5A800DC0009F029F9D4F8DC4005222F4923688A
:10B5B80020465B689847204609F0F4F8012054E7D4
:10B5C800D4F8DC0030222A4903685B689847316860
:10B5D80000230A22A1EB0A01D4F8DC0009F00CF9D7
:10B5E800D4F8DC4005222149236820465B68984747
:10B5F800204609F0D7F80A2037E7D4F8DC002522DE
:10B608001C4903685B689847316800230A22A1EB4C
:10B618000A01D4F8DC0009F0EFF8D4F8DC40052280
:10B628001249236820465B689847204609F0BAF813
:10B6380002201AE7CB7B012B7FF413AF5FE70E499B
:10B64800D4F8DC00FAF7ECF9316800230A22A1EB00
:10B658000A01D4F8DC0009F0CFF8D4F8DC00074977
:10B66800FAF7EEF90B2000E7D01B0020B81C0020E9
:10B67800C41A00202C1B0020141C0020481C002089
:10B688002DE9F041044682B098461646FCF796FA32
:10B6980094F8F1300D46002B39D194F8CF30F3B13E
:10B6A800012B64D0022B4BD0A6B12A7894F8F13044
:10B6B800062A02D0B8F1000F36D0002B4AD16B7899
:10B6C800294620460096FFF705FE0746384602B091
:10B6D800BDE8F0813746384602B0BDE8F081324611
:10B6E80029462046FCF78EFA07460028DCD094F855
:10B6F800F130002BEFD0D4F8DC4017222E49236814
:10B7080020465B689847204609F04CF8E3E7D4F8F0
:10B71800DC000A22294903685B6898470122294608
:10B728002046FCF7BDFCB8E743BB6B7829462046AA
:10B738000096FFF7C3FC0746384602B0BDE8F08123
:10B74800D4F80C313BB329462046FCF795FB002E74
:10B75800C0D0AAE7D4F8DC70252219493B683846DE
:10B768005B689847384609F01DF82A78A7E7294604
:10B778002046FCF71BFB002EACD096E7D4F8DC7013
:10B78800282210493B6838465B689847384609F0D4
:10B7980009F82A78C9E794F8F1301BB994F8F2301F
:10B7A800002B81D0D4F8DC003422074903685B6899
:10B7B8009847002E8ED078E78C160020801600203F
:10B7C800A4160020CC1600209818002070B5456FEC
:10B7D80082B004460E46F5B10023D4F8041112488D
:10B7E800A4F83A31C4F8340120460E7004F59A7171
:10B7F800FFF746FF636F0B2818BF0D280CBF012504
:10B8080000251BB11821184609F088FE0023284698
:10B81800636702B070BD1820019209F079FE019AA1
:10B8280060670575D8E700BF0600010070B590F89D
:10B83800CF6004460D4676B1012E2A4605D0204633
:10B848000421BDE87040FFF7C1BF31462046BDE87E
:10B858007040FFF7BBBF90F8F0200121D0F8D0303E
:10B86800520083F8301183F8A52083F82F11D0F8FF
:10B87800D000F9F7F7FE50B994F8CF60002EDBD16D
:10B888002A4631462046BDE87040FFF79FBF304644
:10B8980070BD00BF2DE9F843914698460122C0F8D3
:10B8A800D410D0F800310021044680F8CF2080F869
:10B8B8007F11002B00F083802046FCF7CDFC04E0CC
:10B8C800D4F8D40003685B699847D4F8D4000368B7
:10B8D8001B6998470028F3D1B8F1000F18D03A4DEA
:10B8E8002E6809EB06072B68BB4206D310E0D4F894
:10B8F800D40003685B6998472E68D4F8D4000368BD
:10B908001B6998470028F2D12B68B21C9A42EAD2E8
:10B9180049462046FFF78AFFA8BB94F8F130002B70
:10B9280041D194F8F230002B3DD149462046FFF72B
:10B938007DFF40BB94F8F1304BBB94F8F23033BB39
:10B9480049462046FFF772FF80F001030546DBB247
:10B95800D3B1B8F1000F17D094F87F51A5B194F87E
:10B96800F13013B994F8F2306BB1D4F8DC403022DE
:10B978001649236820465B689847204608F012FF5E
:10B988002846BDE8F88301252846BDE8F883D4F8A1
:10B99800DC5022220E492B6828465B6898472846C7
:10B9A80008F000FFCCE7D4F8DC50232209492B68C3
:10B9B80028465B689847284608F0F4FEB5E74FF438
:10B9C8008A71FAF703FD77E79CD00020B81E0020A3
:10B9D800941E0020701E002009B9002070472829F5
:10B9E80028BF28212DE9F0410D464FF47A788900C7
:10B9F80090F85831002782B004461646A0F83A71EC
:10BA0800B8FBF1F1C9B28B4280F8571128BF0B4639
:10BA180000F59A7180F8563140F606030191C0F896
:10BA280034313B46FFF72CFE0B28019903D0002048
:10BA380002B0BDE8F081B8FBF5F8D4F8043132461D
:10BA4800204683F800804FEA1828D4F8043183F898
:10BA580001803B46FFF714FEA0F10A00A36FB0FA7D
:10BA680080F04009002BE3D09F6002B0BDE8F08170
:10BA780070B5456A04460E46E5B12B7803F003031A
:10BA8800032B22D0012B13D0002340F20170324641
:10BA980004F59A71C4F834012046A4F83A31FFF746
:10BAA800EFFD0D2818BF0B280CBF0120002070BD2A
:10BAB800002070BD742009F02BFD606205700567D9
:10BAC800C0E91A55C0E91855DEE70723012204F535
:10BAD8009A71FFF7D1FA636A93F8600000F00100E9
:10BAE80070BD00BF70B5446A05460E466CB194F847
:10BAF80061305B0613D5B4F86030207E23F48043B0
:10BB080023F00103A4F8603070BD742009F000FD33
:10BB1800686204700467C0E91A44C0E918443146F1
:10BB28002846FFF7A5FF6C6AE5E700BF70B5446AD1
:10BB380005460E464CB194F96230002B0FDA226E9E
:10BB48000A4BE07E1340236670BD742009F0E0FCC8
:10BB5800686204700467C0E91A44C0E918443146B1
:10BB68002846FFF785FF6C6AE9E700BFFEFF7FFF05
:10BB780070B5446A05460E464CB194F86330DB074D
:10BB88000FD5226E0A4BE0691340236670BD7420FE
:10BB980009F0BEFC686204700467C0E91A44C0E991
:10BBA800184431462846FFF763FF6C6AE9E700BF8F
:10BBB800FEFFFFFE70B5446A05460E464CB194F888
:10BBC80063309B070FD5226E0A4B206A1340236609
:10BBD80070BD742009F09CFC686204700467C0E9B9
:10BBE8001A44C0E9184431462846FFF741FF6C6AF9
:10BBF800E9E700BFFEFFFFFD70B5446A05460E4643
:10BC08008CB194F864309B0717D594F8642094F8A5
:10BC180060306FF34102206C6FF3000384F86420F6
:10BC280084F8603070BD742009F072FC686204709A
:10BC38000467C0E91A44C0E9184431462846FFF7AA
:10BC480017FF6C6AE1E700BF70B5446A05460E4607
:10BC58008CB194F864305B0717D594F8642094F895
:10BC680060306FF38202606C6FF3000384F8642025
:10BC780084F8603070BD742009F04AFC6862047072
:10BC88000467C0E91A44C0E9184431462846FFF75A
:10BC9800EFFE6C6AE1E700BFF0B50E461649D0F832
:10BCA80004310025C0F83411012183B0A0F83A51BD
:10BCB800197000F59A712B46044617460191FFF753
:10BCC800DFFC0B2802D0284603B0F0BDD4F80401ED
:10BCD8002B46A4F83A513A46084D0199C4F8345114
:10BCE80086732046FFF7CCFCA0F10A00B0FA80F07A
:10BCF800400903B0F0BD00BF0600010006001400B3
:10BD080070B5456A82B004460E4655B31B480023F9
:10BD1800D4F80411C4F834010120A4F83A310870A9
:10BD28000720D4F8041148702046D4F804118E7006
:10BD380004F59A71FFF7A4FC0A28636A0CBF012076
:10BD4800002007D093F860206FF3000283F860208A
:10BD580002B070BD1A7866F3000242F002021A704F
:10BD6800F0E77420019209F0D3FB019A6062057034
:10BD78000567C0E91A55C0E91855C7E70601030069
:10BD8800694B2DE9F0471C6882B006460F4614F04F
:10BD980001059046654C0FD14FF47A72E56484F83A
:10BDA80054502265624AE565A264624AA265082287
:10BDB80084F8642001221A605F4D2C6002F0FCF9BF
:10BDC800044618B9204602B0BDE8F087DFF86CC118
:10BDD8000723DFF86C91EA46CDE900C348469AE8A4
:10BDE8000600F6F779FD06223146092001F094FE97
:10BDF800504B04220F20009300230DEB0201019306
:10BE080001F08AFE99F813303BB3DC0705D5D9F861
:10BE180028104FF0E022C2F80011980705D5D9F88C
:10BE28002C104FF0E022C2F80411590705D5D9F8B3
:10BE380030104FF0E022C2F808111A0705D5D9F8DA
:10BE480034104FF0E022C2F80C11DB0605D5D9F802
:10BE580038204FF0E023C3F8102143463A463146D4
:10BE6800286802F0D1FD01280446ABD10723334FDF
:10BE78003348CDE900739AE80600F6F72DFD2968E6
:10BE8800504602F063FA04220F200DEB020101F084
:10BE980043FE2968504602F07DFA042220460DEB45
:10BEA800020101F039FE2968504602F061FA01A941
:10BEB8000422052001F030FE99F813303BB3DE0769
:10BEC80005D5D9F828104FF0E022C2F800119807DC
:10BED80005D5D9F82C104FF0E022C2F80411590703
:10BEE80005D5D9F830104FF0E022C2F808111A072A
:10BEF80005D5D9F834104FF0E022C2F80C11DB0652
:10BF080005D5D9F838204FF0E023C3F81021296867
:10BF1800504602F051FA019A0A4B5A6009F0B8F8F3
:10BF280080B200F07DFD4DE7D4B0002000CB0020AA
:10BF3800FC2000205023002030C00020809FD50026
:10BF4800509C002028C00020014B1870704700BF8B
:10BF58002EA9002008B502F039F9012805D0A0F172
:10BF68000200B0FA80F04009400008BD054B1B787C
:10BF7800333BDBB2042B02D8034AD05C7047002065
:10BF8800704700BFD8D000200C06002070B5204AAA
:10BF98000646002382B00260044646F8043F0723A1
:10BFA8001C4A1D4DCDE9002302AB284613E90600C3
:10BFB800F6F792FC042231460F2001F077FEEB7C65
:10BFC80013B3DE0704D5A96A4FF0E022C2F80011C6
:10BFD800980704D5E96A4FF0E022C2F8041159071E
:10BFE80004D5296B4FF0E022C2F808111A0704D5CE
:10BFF800696B4FF0E022C2F80C11DB0604D5AA6B7E
:10C008004FF0E023C3F81021204602B070BD00BFF6
:10C0180050230020809FD500509C0020024B002216
:10C028000249C3E90012704728C0002050230020AD
:10C03800704700BF407B07288CBF00200120704755
:10C0480081F00100704700BF08467047C181704702
:10C05800427B4B7B42EA0300072898BF9A4214BFF1
:10C068000120002080F00100704700BFF0B50023D8
:10C0780091B01F4D044609930E468DF82C30174693
:10C088000293407B01950728CDE90553CDE90C5370
:10C098004FF47A730A93174B08934FF008038DF8FF
:10C0A8003C301AD9144B03A905A803955B6804937F
:10C0B80002F0C4FC314605A841F2883301AA02F017
:10C0C80075FE40B123682046029C3A46DB6903A905
:10C0D80003950494984711B0F0BD00F04DFF10B9D6
:10C0E80008236373DEE7607B01F02AF8F8E700BFF6
:10C0F80050230020FC20002028C00020407B072877
:10C1080001D90020704708B501F016FB08BD00BF33
:10C1180010B504460BE000F02FFF172801D01C28AB
:10C1280008D1607B01F008FBB0F5006F02D2607B9C
:10C138000728F0D910BD00BF38B50446407B072852
:10C1480001D9002038BD154692B201F0C3F910B9E3
:10C158000123636038BD284638BD00BF407B0728EF
:10C1680001D90020704708B501F014F908BD00BFD7
:10C17800407B072801D90020704712B201F01EB891
:10C1880000B583B00122407B0DF1070101F016F8DC
:10C198000028CCBF9DF807004FF0FF3003B05DF8D2
:10C1A80004FB00BF10B50446102109F0B7F920467A
:10C1B80010BD00BF70B50446407B072800D970BD8C
:10C1C8000D4D00F0BDFF2E6806E008F00DFF2B684E
:10C1D800E2899B1B934209D2607B00F0CDFE0346A7
:10C1E8000120002BF1D10823637370BD607B00F040
:10C1F8000BFF08236373F8E79CD00020F8B50446CA
:10C20800407B0D46174607282BD96B68013B033343
:10C2180001D90020F8BD0021212000F00BFC0728DF
:10C228006073F6D8174E3A46291D00F02BFF376881
:10C238000EE0A3F11705B5FA85F56D097DB9002B58
:10C24800E7D03368E289DB1B934214D808F0CCFEB0
:10C25800607B00F091FE034601201C2BE9D10120F0
:10C26800F8BD00F089FE10B908236373CDE7607B41
:10C2780000F066FFF8E7607B00F0C6FE082328465A
:10C288006373F8BD9CD0002038B504680A4D646C0F
:10C29800AC420BD10A46417B537B41EA0300072895
:10C2A80098BF994214BF0120002038BDA04780F0F4
:10C2B8000100C0B238BD00BF019F00000368114AE9
:10C2C8005B6810B5934282B08DF8071010D1044610
:10C2D800407B072802D9002002B010BD01220DF1D1
:10C2E800070101F0F7F848B90123636002B010BDF7
:10C2F80001220DF10701984702B010BD012002B0DC
:10C3080010BD00BFE99F0000437B072B13D80268CC
:10C318000A4912698A4210B5044607D1184601F045
:10C3280039F828B1607B01F081F810BD9047F8E733
:10C338004FF0FF3010BD4FF0FF3070470DA00000E8
:10C3480010B50446407B072801D9002010BD00F035
:10C3580013FE182803D91C2807D0012010BD0B4B49
:10C3680043FA00F000F0010010BD2368084A1B6979
:10C37800934208D1607B0728E7D801F00BF8003812
:10C3880018BF012010BD20469847F8E7FEFFEFFED2
:10C398000DA00000437B072B01D90020704770B522
:10C3A80082B00723204D04466E46204A2846CDE930
:10C3B800002396E80600F6F78FFA1D49637B0222F0
:10C3C800087831460002043000EB032080B201F007
:10C3D8006DFCBDF80000EB7C40BA80B213B3DE07F9
:10C3E80004D5A96A4FF0E022C2F800119C0704D5D1
:10C3F800E96A4FF0E022C2F80411590704D5296B05
:10C408004FF0E022C2F808111A0704D5696B4FF003
:10C41800E022C2F80C11DB0604D5AA6B4FF0E0232A
:10C42800C3F8102102B070BD509C0020809FD50039
:10C43800D7D00020F0B54B7B83B00446072B06D934
:10C44800254A0023C0E90023204603B0F0BDDFF8E9
:10C4580094C00723214E6F460D463046CDE900C3F0
:10C4680097E80600F6F738FA1D4A6B7B39461078CC
:10C47800042200020C3000EB032080B201F016FC0D
:10C48800F37C13B3DD0704D5B16A4FF0E022C2F89C
:10C498000011980704D5F16A4FF0E022C2F80411A0
:10C4A800590704D5316B4FF0E022C2F808111A077A
:10C4B80004D5716B4FF0E022C2F80C11DB0604D5ED
:10C4C800B26B4FF0E023C3F81021034A2046009BCB
:10C4D800C4E9002303B0F0BD50230020509C002085
:10C4E800D7D00020809FD500437B072B01D900209F
:10C4F800704770B582B00723204D04466E46204A27
:10C508002846CDE9002396E80600F6F7E5F91D4927
:10C51800637B0222087831460002103000EB0320CA
:10C5280080B201F0C3FBBDF80000EB7C40BA80B2DA
:10C5380013B3DE0704D5A96A4FF0E022C2F8001150
:10C548009C0704D5E96A4FF0E022C2F804115907A4
:10C5580004D5296B4FF0E022C2F808111A0704D558
:10C56800696B4FF0E022C2F80C11DB0604D5AA6B08
:10C578004FF0E023C3F8102102B070BD509C00209A
:10C58800809FD500D7D0002010B4034C4A69C0E979
:10C5980000425DF8044B704750230020008B704721
:10C5A800C0897047C08B7047704700BF10B50446FC
:10C5B800007F072800D910BD00F026FD0823237747
:10C5C80010BD00BF38B50446007F0D4607280DD9B9
:10C5D8002946022000F02EFA0728207704D80023E5
:10C5E8000120E581E38338BD002038BD00F00CFD53
:10C5F800EEE700BF08B54FF0000C03460431007F9A
:10C60800A3F81AC001F03AF908BD00BF08B5007FC9
:10C6180001F0A8F908BD00BF13460A46418B9BB23A
:10C6280010B50446007F01F0DBF8638B0344638395
:10C6380010BD00BFC38BA3B1012210B582B0044660
:10C64800007F0DF1070100F0B9FD002806DDE38B3E
:10C658009DF80700013BE38302B010BD4FF0FF30A7
:10C66800FAE74FF0FF307047C38B93B1934210B590
:10C6780098BF1AB2044688BF12B2007F00F09EFD30
:10C68800002803DDE38B1B1AE38310BD4FF0FF3056
:10C6980010BD4FF0FF30704708B5037F072B05D852
:10C6A800C28B1AB1184600F0C1FE08BD4FF0FF302A
:10C6B80008BD00BF70B50446007F82B00E4607284B
:10C6C800154614D973682A460A498220CDE9001311
:10C6D800694600F0DBFA0728207705D800230120F7
:10C6E800E581E38302B070BD002002B070BD00F0A8
:10C6F8008BFCE7E750230020204B2DE9F04190B058
:10C708005B6800241E4D04934FF47A730F46064667
:10C718000A9303A91B4B05A890460595089308237F
:10C7280006948DF83C3009948DF82C400395CDE99A
:10C738000C54CDE9015402F081F9394605A841F2BB
:10C74800883301AA02F032FB01280DD1029A33681E
:10C758009B6A04920C4A03959342424607D104A966
:10C76800307F748301F08AF810B0BDE8F08103A926
:10C778003046984710B0BDE8F08100BF28C00020BF
:10C7880050230020FC200020A5A4000003680D4AC7
:10C798005B6810B5934282B08DF807100CD104463F
:10C7A800418B01230DF10702007F01F019F8638B1B
:10C7B8000344638302B010BD01220DF107019847BD
:10C7C80002B010BDC9A40000C38B70B5044682B086
:10C7D8008BB11D4E20681AB20021856BB54210D16D
:10C7E800207F00F0EBFC0028E38B02DD1B1A9BB2D4
:10C7F800E383002BEED1207F00F0CCFD48B902B0D6
:10C8080070BD1A4600212046A847E38B002BE1D1D2
:10C81800F1E708226946207F00F0D0FC0028EEDD11
:10C828009DF806109DF807309DF8040003EB0123DE
:10C838009DF8052000999BB202EB00226161184621
:10C84800E383228302B070BD19A5000070B50568A6
:10C858000D4EAD6BB54210D11346C28B044682B162
:10C868009342007F2CBF12B21AB200F0A7FC002836
:10C8780007DDE38B1B1AE38370BD2B46BDE87040D0
:10C8880018474FF0FF3070BD19A5000070B5124C65
:10C8980082B005020222237801A91B02263303EB8A
:10C8A800002080B201F002FABDF8046076BAB6B290
:10C8B8002078022201A905EB0020263080B201F081
:10C8C800F5F9BDF80400334640BA86B2B342EFD159
:10C8D800304602B070BD00BFD7D00020F0B5144C70
:10C8E800064683B002222378350201A918022030B7
:10C8F80000EB062080B201F0D9F9BDF804707FBAC8
:10C90800BFB22378022201A905EB0323203398B292
:10C9180001F0CCF9BDF804303A465BBA9FB2BA428E
:10C92800EFD1044B384603EBC6039F8003B0F0BD3C
:10C93800D7D00020B8B700202DE9F04FDFF8D88015
:10C9480085B08A46064698F800C09146050202223C
:10C958004FEA0C2C03A91F46DFF8C0B00CF1240CD9
:10C968000CEB002C1FFA8CF001F0A0F9BDF80C407C
:10C978009BF8003064BA332B1AFA84F41FFA84FA4D
:10C98800C4F30A0420D006F11000372B04EBC020B2
:10C9980080B203D0E319B3F5006F1EDC49463A466E
:10C9A80001F0BAF898F80030BA44022203A905EB5E
:10C9B80003209AFA9AFA2430ADF80CA080B201F05C
:10C9C800ABF805B0BDE8F08F06F10800E31904EBF9
:10C9D800C020B3F5006F80B2E0DDC4F500624946BF
:10C9E80092B2019201F098F89BF80030019A332B2B
:10C9F8000CD006F11000C00280B2A7F5006309EB65
:10CA08000201E21892B201F087F8CBE706F10800BC
:10CA1800C00280B2F1E700BFD7D00020D8D00020F4
:10CA2800034BC0F30D001A8850401880704700BFB0
:10CA38002AA900208B4B2DE9F04F87B01B78CDE950
:10CA48000010002B00F0DC80332B87494FF00702E1
:10CA58000DF10F0A4FF00004844814BF4FF0080886
:10CA68004FF00408D346DFF82092CDE90412F5F719
:10CA780033FFA446250299F80000012203A9ADB2AC
:10CA880066462746144405EB0020033080B201F0C7
:10CA98000DF99DF80C305FFA84FC0BF8013FD3B117
:10CAA800E045E7D800236FF034541A4602E0904579
:10CAB80040F2A3801AF8011F1F46013316461D29AC
:10CAC80044FA01F0DAB2F2D8C507F0D410213046A2
:10CAD800350201F017FC6649FA24664A664B486835
:10CAE8001268A3FB0232654B920C04FB02F200248D
:10CAF80023F817404B681B1A9A42FBD899F8000094
:10CB08000122019B03A905EB00208DF80C3000F4ED
:10CB18007F4001F001F899F80000FF23012205EB9E
:10CB2800002003A98DF80C30023080B200F0F4FF29
:10CB3800009B002B5CD1524A138801339BB2B3F59A
:10CB4800404F62D313805FFA83FB1A0A8DF80C20DA
:10CB58008DF80DB099F80000022203A9494C05EBA5
:10CB68000020043080B200F0D7FF0121304601F0E8
:10CB7800C9FB99F80030022203A905EB0320002520
:10CB8800283024F8375080B201F090F8BDF80C2016
:10CB980004EBC703354952BA9D719D805A80CB7CFE
:10CBA80013B3DD0704D5886A4FF0E022C2F800010C
:10CBB8009C0704D5C86A4FF0E022C2F80401580760
:10CBC80004D5086B4FF0E022C2F808011A0704D513
:10CBD800486B4FF0E022C2F80C01DB0604D58A6BE3
:10CBE8004FF0E023C3F81021304607B0BDE8F08FBE
:10CBF80093FA93FBADF80CB0ACE71C49CB7C5BB95E
:10CC08000826304607B0BDE8F08F4FF44043DDF802
:10CC180000B01380C02299E7DC0704D5886A4FF07A
:10CC2800E022C2F80001980704D5C86A4FF0E02254
:10CC3800C2F804015A0704D5086B4FF0E022C2F885
:10CC480008011F0704D5486B4FF0E022C2F80C0119
:10CC5800DE06D5D58A6B4FF0E0230826C3F81021ED
:10CC6800C2E700BFD8D00020809FD500509C00208C
:10CC7800001000E04C9C002083DE1B4334C00020E1
:10CC88002AA90020B8B70020D7D00020AF4B2DE943
:10CC9800F04F8BB01B78CDE902010192002B00F018
:10CCA8002481332B4FF00703A94A0DF11F0A09937A
:10CCB8000AAB4FF000050892A64814BF4FF00809C8
:10CCC8004FF00409D346DFF8AC8213E90600F5F704
:10CCD80003FEAC462C0298F80000012206A9A4B273
:10CCE80066462F46154404EB0020033080B200F05E
:10CCF800DDFF9DF818305FFA85FC0BF8013FD3B1D2
:10CD0800E145E7D800236FF034541A4602E0914514
:10CD180040F2E8801AF8011F1F46013316461D2904
:10CD280044FA01F0DAB2F2D8C507F0D4102130463F
:10CD3800340201F0E7FA8849FA25884A884B48689E
:10CD48001268A3FB0232874B920C05FB02F2002506
:10CD580023F817504B681B1A9A42FBD898F8000022
:10CD68000122029B06A904EB00208DF8183000F47C
:10CD78007F4000F0D1FE98F80000FF23012204EB69
:10CD8800002006A98DF81830023080B200F0C4FEE9
:10CD9800019B002B40F09380734A138801339BB2A8
:10CDA800B3F5404FC0F0A68013801A0ADBB298F89A
:10CDB80000004FF000098DF8182006A904EB0020A8
:10CDC8004D4602228DF81930043080B200F0A4FEDE
:10CDD80098F80030654A04EB03230C3392E803000B
:10CDE8009BB2039A069018465379111D03F07F03EE
:10CDF8008DF81B3093798DF81C30D37904228DF887
:10CE08001D3000F089FE98F80000022205A98DF86F
:10CE1800145004EB00208DF815900025103080B2D6
:10CE280000F07AFE98F80000062206A904EB00201C
:10CE3800063080B200F070FE0121304601F062FA3F
:10CE480098F8003005A9022204EB0320484C28304A
:10CE580024F8375080B200F029FFBDF8142004EB05
:10CE6800C7033C4952BA9D719D805A80CB7C13B34D
:10CE7800DD0704D5886A4FF0E022C2F800019C075C
:10CE880004D5C86A4FF0E022C2F80401580704D557
:10CE9800086B4FF0E022C2F808011A0704D5486B66
:10CEA8004FF0E022C2F80C01DB0604D58A6B4FF084
:10CEB800E023C3F8102130460BB0BDE8F08F98F896
:10CEC80000001D465BBA022204EB002006A9ADF85B
:10CED80018302B4604302D0A5FFA83F980B200F02F
:10CEE8001BFE75E71B49CB7C53B9082630460BB0AF
:10CEF800BDE8F08F4FF44041019B1180C02256E7F6
:10CF0800DC0704D5886A4FF0E022C2F800019807D0
:10CF180004D5C86A4FF0E022C2F804015A0704D5C4
:10CF2800086B4FF0E022C2F808011F0704D5486BD0
:10CF38004FF0E022C2F80C01DE06D6D58A6B4FF01E
:10CF4800E0230826C3F81021B5E700BFD8D0002099
:10CF5800809FD500509C0020001000E04C9C0020D1
:10CF680083DE1B4334C000202AA90020B804002017
:10CF7800B8B70020D7D0002070B582B007231F4C67
:10CF880005466E461E4A2046CDE9002396E806006F
:10CF9800F5F7A2FC1B4B012231461B781B02033319
:10CFA80003EB052080B200F081FEE37C9DF80000D1
:10CFB80013B3DE0704D5A16A4FF0E022C2F80011CE
:10CFC8009D0704D5E16A4FF0E022C2F80411590721
:10CFD80004D5216B4FF0E022C2F808111A0704D5D6
:10CFE800616B4FF0E022C2F80C11DB0604D5A26B8E
:10CFF8004FF0E023C3F8102102B070BD509C002010
:10D00800809FD500D7D0002030B51C4A83B00723B5
:10D018001B4C05462046CDE9002302AB13E9060068
:10D02800F5F75AFC1021284601F06CF9E37C13B39C
:10D03800DD0704D5A16A4FF0E022C2F80011980775
:10D0480004D5E16A4FF0E022C2F80411590704D56B
:10D05800216B4FF0E022C2F808111A0704D5616B62
:10D068004FF0E022C2F80C11DB0604D5A26B4FF09A
:10D07800E023C3F8102103B030BD00BF809FD50066
:10D08800509C00202DE9F0472A4B82B02A4F0546D4
:10D098000093E8460723DFF8A4908A4616460193D2
:10D0A80038462C0276BA98E80600F5F715FC99F888
:10D0B8000030514604221B020C3303EB052398B2BF
:10D0C80000F02AFD99F800304146022204EB0324BF
:10D0D800ADF800601034A0B200F01EFD042128460F
:10D0E80001F010F9FB7C13B3DC0704D5B96A4FF0E3
:10D0F800E022C2F80011980704D5F96A4FF0E0223F
:10D10800C2F80411590704D5396B4FF0E022C2F870
:10D1180008111A0704D5796B4FF0E022C2F80C11F8
:10D12800DB0604D5BA6B4FF0E023C3F8102102B038
:10D13800BDE8F087809FD500509C0020D7D0002004
:10D1480030B51C4A83B007231B4C05462046CDE961
:10D15800002302AB13E90600F5F7BEFB08212846B9
:10D1680001F0D0F8E37C13B3DD0704D5A16A4FF0D2
:10D17800E022C2F80011980704D5E16A4FF0E022D6
:10D18800C2F80411590704D5216B4FF0E022C2F808
:10D1980008111A0704D5616B4FF0E022C2F80C1190
:10D1A800DB0604D5A26B4FF0E023C3F8102103B0CF
:10D1B80030BD00BF809FD500509C00202DE9F04F66
:10D1C80085B06F4FDFF8C8C107230DF1080A37F89B
:10D1D80030601546044689466A48CDE902C39AE894
:10D1E8000600F5F779FBB54264DC002E6DD0B54238
:10D1F80007EBC4034FEAC40BA8BF3546B3F8028057
:10D20800AEB2B9F1000F16D05F4AC8F30A0312781C
:10D21800332A00F0A48004F11800372A03EBC02059
:10D2280080B204D013FA85F2B2F5006F7CDC49466F
:10D23800324600F03BFD07EB0B0237F83430B044C0
:10D2480091799B1B1FFA88F80E449BB2A2F80280C2
:10D25800B6B227F83430F92E4ED8002B4CD0967140
:10D26800484AD37C13B3DE0704D5906A4FF0E02117
:10D27800C1F800019C0704D5D06A4FF0E021C1F83D
:10D288000401580704D5106B4FF0E021C1F80801DC
:10D29800190704D5506B4FF0E021C1F80C01DB06EB
:10D2A80004D5926B4FF0E023C3F81021284605B04F
:10D2B800BDE8F08F2046FFF7E9FA07EBC4039B7936
:10D2C800C61A27F83460002E91D1304B01225146FE
:10D2D80018780002033000EB042080B200F0E6FC6E
:10D2E8009DF8083003F0F705002B18BF142D0CBF6C
:10D2F80001250025013DB3E7244BBB4498FA98F873
:10D308005146187800230222ADF8088000028BF8F5
:10D318000630283000EB042080B200F0FDFB4021ED
:10D32800204600F0EFFF9BE7C3F5006249460193F2
:10D3380092B2009200F0BAFC009A134B09EB02017A
:10D348001A78019B332A16D004F11800C00280B263
:10D35800A3F5006333449AB200F0A8FC6BE704F12C
:10D368000C0013FA85F203EBC020B2F5006F80B20F
:10D378007FF75DAFD8E704F10C00C00280B2E7E7A1
:10D38800B8B70020509C0020D8D00020D7D000206B
:10D39800809FD50070B5224C054682B034F8300025
:10D3A80008B102B070BD1F4A07231F4ECDE9002304
:10D3B80002AB304613E90600F5F78EFA2846FFF768
:10D3C80065FAF27C034612B3D00704D5B06A4FF071
:10D3D800E021C1F80001910704D5F06A4FF0E0217F
:10D3E800C1F80401500704D5306B4FF0E021C1F8B3
:10D3F8000801110704D5706B4FF0E021C1F80C014A
:10D40800D20604D5B16B4FF0E022C2F8101104EB3C
:10D41800C50292799B1A98B224F8350002B070BD03
:10D42800B8B70020809FD500509C002030B583B04D
:10D438000723244A04466D462348CDE9002395E88E
:10D448000600F5F749FA214A214B2946127803EBE1
:10D45800C403332A4FF0010258880CBF0C34183427
:10D46800C0F30A00E402A4B2204480B200F01EFC1B
:10D47800154AD37C13B3DD0704D5906A4FF0E02139
:10D48800C1F800019C0704D5D06A4FF0E021C1F82B
:10D498000401580704D5106B4FF0E021C1F80801CA
:10D4A800190704D5506B4FF0E021C1F80C01DB06D9
:10D4B80004D5926B4FF0E023C3F810219DF80000CB
:10D4C80003B030BD809FD500509C0020D8D00020EC
:10D4D800B8B70020B2F5006F2DE9F04F28BF4FF420
:10D4E8000062924D814607029246DFF848824FF06B
:10D4F800070B2DED028B83B008EE101A6C4603E083
:10D5080009F0B0FA564542D2894B2846CDE9003B8E
:10D5180094E80600F5F7E0F94846FFF7DFF998F8D0
:10D5280000300646012207EB03202146033080B273
:10D5380000F0BCFBEB7C9DF8002013B3D90704D5A1
:10D54800A86A4FF0E021C1F80001980704D5E86AFD
:10D558004FF0E021C1F80401590704D5286B4FF0BA
:10D56800E021C1F80801180704D5686B4FF0E021E5
:10D57800C1F80C01D90604D5A96B4FF0E023C3F814
:10D588001011172ABCD01C2ABAD04FF0000A072362
:10D59800674E6648CDE9006394E806008346F5F7D0
:10D5A8009BF94846534618EE102A0021FFF7C4F9A4
:10D5B8004846202100F0A6FE3CE098F80000012231
:10D5C800214607EB0020033080B200F06FFB9DF886
:10D5D8000030002B74D0EB7C13B3D90704D5A96AAB
:10D5E8004FF0E022C2F800119A0704D5E96A4FF01B
:10D5F800E022C2F80411580704D5296B4FF0E02245
:10D60800C2F80811190704D5696B4FF0E022C2F877
:10D618000C11DA0604D5AA6B4FF0E023C3F81021E9
:10D6280009F020FA072300965846019394E806006B
:10D63800F5F752F998F800000122214607EB00207F
:10D64800023080B200F032FB9DF80030DB06B4D522
:10D6580098F800302146012207EB032010230230FE
:10D668008DF8003080B200F057FAEB7C13B3DC077A
:10D6780004D5A96A4FF0E022C2F80011980704D532
:10D68800E96A4FF0E022C2F80411590704D5296B62
:10D698004FF0E022C2F808111A0704D5696B4FF061
:10D6A800E022C2F80C11DB0604D5AA6B4FF0E02388
:10D6B800C3F81021504603B0BDEC028BBDE8F08FD3
:10D6C800EB7C53B3DA0704D5A96A4FF0E022C2F81D
:10D6D80000119F0704D5E96A4FF0E022C2F804114F
:10D6E8005E0704D5296B4FF0E022C2F808111C0729
:10D6F80004D5696B4FF0E022C2F80C11D8060CD59E
:10D708004FF0000AAA6B4FF0E0235046C3F81021EF
:10D7180003B0BDEC028BBDE8F08F4FF0000A504615
:10D7280003B0BDEC028BBDE8F08F00BF509C002019
:10D73800809FD500D7D00020F0B583B00723254EB1
:10D7480005466F46244A3046CDE9002397E806008F
:10D75800F5F7C2F82846FFF7C1F8204B01223946F1
:10D768001B7804461B02033303EB052398B200F031
:10D778009DFAF37C9DF80020EBB1DF0704D5B06A71
:10D788004FF0E021C1F800019D0704D5F06A4FF081
:10D79800E021C1F80401580704D5306B4FF0E021AF
:10D7A800C1F80801190704D5706B4FF0E021C1F8E2
:10D7B8000C01DB0607D4172A02D01C2A18BF002444
:10D7C800204603B0F0BDB16B4FF0E023C3F8101151
:10D7D800F1E700BF509C0020809FD500D7D00020E3
:10D7E8002DE9F041234D82B004469846009502ABDE
:10D7F8000720214D0E4617460190284613E90600DA
:10D80800F5F76AF82046FFF769F8404503462046D1
:10D8180028BF43463A4631469CB22346FFF78CF868
:10D82800EB7C13B3DE0704D5A96A4FF0E022C2F8F7
:10D838000011980704D5E96A4FF0E022C2F80411F4
:10D84800590704D5296B4FF0E022C2F808111A07CE
:10D8580004D5696B4FF0E022C2F80C11DB0604D541
:10D86800AA6B4FF0E023C3F81021204602B0BDE8B0
:10D87800F08100BF809FD500509C00202DE9F04723
:10D888000B7882B00D46064614462BB94B781BB967
:10D898008B780BB9C87808B11CB9204602B0BDE82E
:10D8A800F0870723DFF8B480EA462B4FDFF8B09003
:10D8B800404664BACDE900739AE80600F5F70CF81B
:10D8C80099F8000029460422000237020C3000EBC8
:10D8D800062080B200F020F999F800305146022263
:10D8E80007EB0320ADF80040103080B200F014F9C7
:10D8F80098F813305BB3DC0705D5D8F828104FF03B
:10D90800E022C2F80011980705D5D8F82C104FF07E
:10D91800E022C2F80411590705D5D8F830104FF0A5
:10D92800E022C2F808111A0705D5D8F834104FF0CC
:10D93800E022C2F80C11DB0609D5D8F838204FF0E0
:10D94800E0230120C3F8102102B0BDE8F0870120D0
:10D9580002B0BDE8F08700BF809FD500509C002032
:10D96800D7D000202DE9F04182B00723DFF8A48149
:10D9780005466C4665482E02654FCDE9008394E85C
:10D988000600F4F7A9FF28462021604D00F0BAFCF4
:10D998003CE038782146012206EB0020023080B2B4
:10D9A80000F084F99DF80030190775D4EB7C13B3A7
:10D9B800D90704D5A96A4FF0E022C2F800119A07E6
:10D9C80004D5E96A4FF0E022C2F80411580704D5DB
:10D9D800296B4FF0E022C2F80811190704D5696BCA
:10D9E8004FF0E022C2F80C11DA0604D5AA6B4FF00A
:10D9F800E023C3F8102109F035F80723CDF800809B
:10DA08002846019394E80600F4F766FF3878012267
:10DA1800214606EB0020023080B200F047F99DF85D
:10DA28000030DB06B5D53A781023214606EB0220F4
:10DA380001228DF80030023080B200F06DF8EB7CE6
:10DA48001BB9012002B0BDE8F081DC0704D5A96A42
:10DA58004FF0E022C2F80011980704D5E96A4FF0A8
:10DA6800E022C2F80411590704D5296B4FF0E022CF
:10DA7800C2F808111A0704D5696B4FF0E022C2F802
:10DA88000C11DB06DDD5AA6B4FF0E0230120C3F8AB
:10DA9800102102B0BDE8F081387818232146012210
:10DAA80006EB00208DF80030023080B200F034F828
:10DAB800EB7C33B3DA0704D5A96A4FF0E022C2F849
:10DAC80000119F0704D5E96A4FF0E022C2F804115B
:10DAD8005E0704D5296B4FF0E022C2F808111C0735
:10DAE80004D5696B4FF0E022C2F80C11D80608D5AE
:10DAF800AA6B4FF0E0230020C3F8102102B0BDE864
:10DB0800F081002002B0BDE8F08100BF509C0020E9
:10DB1800D7D00020809FD500614B2DE9F0471B78B6
:10DB280082B082460C46332B15464CD05D4E342BC2
:10DB38004FF0000130782CD007F0D4FABAF1FF0F7B
:10DB48007ED85FFA8AF200210423052D8DF8001093
:10DB58008DF801208DF8023000F287805DB1002336
:10DB68001A46581CE15C0832C3B26A44AB4202F858
:10DB7800051C1A46F5DB6A46EB1C4B481146F7F7BD
:10DB88004DFC0121307807F0ADFA284602B0BDE817
:10DB9800F08707F0A7FA6A462B0A9AFA9AFA11460A
:10DBA800414863F07F038DF80350ADF800A08DF86D
:10DBB80002300423F7F732FC2B46214600223A486C
:10DBC800F7F72CFCDDE7002ADFD087184C1E354E0E
:10DBD8004FF0F008BFB2DFF8D0900021307807F09E
:10DBE80081FAD9F80030C3F86480DA6D12F4F81FAE
:10DBF800FBD04FEA1A22596F5A66DA6D12F4F81FF1
:10DC0800FBD05FFA8AF2596F5A66DA6D12F4F81F80
:10DC1800FBD00AF1010A14F8012F596F1FFA8AFA8A
:10DC28005A66D96D11F4F81FFBD0012130785B6F6B
:10DC380007F058FA5745D0D1284602B0BDE8F0871A
:10DC48001AF4004F1BD14FEADA0300215FFA8AF277
:10DC5800052D03F0E0038DF800108DF8012043F046
:10DC68000C038DF802307FF679AF6A4603230E481D
:10DC78001146F7F7D3FB2B46002221469FE74FEAD0
:10DC88009A13BAF5404F4FEA1A2103F0E0035FFAFE
:10DC98008AF234BF43F0140343F01C0355E700BF76
:10DCA800D8D000202EA90020509C0020524B2DE9EE
:10DCB800F04F1B7883B083460C46332B16463ED074
:10DCC8004E4D342B4FF00001287827D007F00AFA80
:10DCD800BBF1FF0F73D800225FFA8BF113468DF862
:10DCE800051001A98DF804208DF806300A46032393
:10DCF8004348F7F793FB3246002120460CF0CAFE52
:10DD080021463F4833462246F7F788FB0121287809
:10DD180007F0E8F9304603B0BDE8F08F07F0E2F904
:10DD28009BFA9BFBC6F3062301A935488DF80630FC
:10DD38000A460423ADF804B08DF80760D9E7002A35
:10DD4800E8D087184C1E2D4D4FF00009BFB2DFF800
:10DD5800B0A04FF00F080021287807F0C3F9DAF8CF
:10DD68000030C3F86480DA6D12F4F81FFBD04FEA74
:10DD78001B22596F5A66DA6D12F4F81FFBD05FFA4E
:10DD88008BF2596F5A66DA6D12F4F81FFBD00BF15B
:10DD9800010B5A6FC3F864901FFA8BFBDA6D12F40B
:10DDA800F81FFBD05B6F012104F8013F287807F0CA
:10DDB80099F95F45CFD1304603B0BDE8F08F1BF429
:10DDC800004F09D14FEADB0300225FFA8BF103F021
:10DDD800E00343F0080382E74FEA9B13BBF5404F8B
:10DDE8004FEA1B2203F0E0035FFA8BF134BF43F0E4
:10DDF800100343F0180372E7D8D000202EA90020A2
:10DE0800509C002010B582B08023012200200DF123
:10DE1800070114248DF80730FFF77EFE04E0013C6B
:10DE280007F0E2F8A4B26CB101220DF1070100205D
:10DE3800FFF73CFF9DF807300120002BEFD10120B0
:10DE480002B010BD204602B010BD00BF224B3322E5
:10DE580010B582B01A70FFF7D5FF10B9002002B0D4
:10DE680010BD102301220DF1070100208DF80730A5
:10DE7800FFF752FE01220DF107010020FFF716FF00
:10DE88009DF80730102BE9D1122301220DF107016B
:10DE980000208DF80730FFF73FFE01220DF1070142
:10DEA8000020FFF703FF9DF80730122BD6D100247E
:10DEB80001220DF1070120468DF80740FFF72CFEDF
:10DEC80001220DF107012046FFF7F0FE9DF807003B
:10DED800B0FA80F04009C2E7D8D00020284B34229D
:10DEE80010B582B01A70FFF78DFF10B9002002B08C
:10DEF80010BD082301220DF1070100208DF807301D
:10DF0800FFF70AFE01220DF107010020FFF7CEFE00
:10DF18009DF80730082BE9D1102301220DF10701E4
:10DF280000208DF80730FFF7F7FD01220DF10701FA
:10DF38000020FFF7BBFE9DF80730102BD6D1002438
:10DF480001220DF1070120468DF80740FFF7E4FD97
:10DF580001220DF107012046FFF7A8FE9DF80730C2
:10DF6800002BC3D101220DF107011F20FFF79EFEF0
:10DF78009DF80700A0F10300B0FA80F04009B6E769
:10DF8800D8D00020284B372210B582B01A70FFF77E
:10DF980039FF10B9002002B010BD082301220DF18D
:10DFA800070100208DF80730FFF7B6FD01220DF1BB
:10DFB80007010020FFF77AFE9DF80730082BE9D10A
:10DFC800102301220DF1070100208DF80730FFF71B
:10DFD800A3FD01220DF107010020FFF767FE9DF860
:10DFE8000730102BD6D1002401220DF1070120465D
:10DFF8008DF80740FFF790FD01220DF1070120463B
:10E00800FFF754FE9DF80730002BC3D101220DF114
:10E0180007013920FFF74AFE9DF80700A0F1040028
:10E02800B0FA80F04009B6E7D8D000202DE9F041D9
:10E038005B4F82B04FF40C705A4C06F0D5FF38464F
:10E04800F7F7D2F8012120786D4607F087F801210B
:10E05800207807F047F8544A07233846CDE90023CB
:10E0680095E80600F4F738FCFFF738FF00284ED093
:10E0780040204E4E00244FF00208307000E0307807
:10E0880004EB0020294601228DF800801E3080B262
:10E09800FFF742FD30780122294604EB002004F501
:10E0A80080748DF800801F30A4B280B2FFF734FD71
:10E0B800B4F5006FE3D1FB7C13B3DC0704D5B96A70
:10E0C8004FF0E022C2F80011980704D5F96A4FF022
:10E0D800E022C2F80411590704D5396B4FF0E02249
:10E0E800C2F808111A0704D5796B4FF0E022C2F87C
:10E0F8000C11DB0604D5BA6B4FF0E023C3F81021EE
:10E1080001232B4A1846137002B0BDE8F081FFF7CF
:10E1180039FF30B1254B10221A70FB7C002BEFD051
:10E12800CBE7FFF793FE90B1204B042255242946F4
:10E138001A701B2001228DF80040FFF7EDFC012228
:10E1480029461A208DF80040FFF7E6FCB3E7194A84
:10E15800FB7C1070002BD7D0DC0704D5B96A4FF0D0
:10E16800E022C2F80011990704D5F96A4FF0E022BD
:10E17800C2F804115A0704D5396B4FF0E022C2F8EF
:10E1880008111E0704D5796B4FF0E022C2F80C1174
:10E19800DD06B9D5BA6B4FF0E023C3F81021B3E719
:10E1A800509C00202EA90020809FD500D7D00020A9
:10E1B800DDD00020D8D00020034B1B780BB1012004
:10E1C8007047FFF733BF00BFDDD00020494B1B78F5
:10E1D80030B583B0002B46D0474B1B78342B4AD040
:10E1E800372B02D0002003B030BD0723434C6D46C7
:10E1F800434A2046CDE9002395E80600F4F76CFB76
:10E20800012229462E20FFF751FDE37C9DF80000EE
:10E2180013B3DA0704D5A16A4FF0E022C2F800115F
:10E228009D0704D5E16A4FF0E022C2F804115907AE
:10E2380004D5216B4FF0E022C2F808111A0704D563
:10E24800616B4FF0E022C2F80C11DB0604D5A26B1B
:10E258004FF0E023C3F8102100F00100C0F10200E4
:10E26800C0B203B030BDFFF7E1FE0028BBD0224B9F
:10E278001B78342BB4D10723204C6D46204A204606
:10E28800CDE9002395E80600F4F726FB012229468C
:10E298003520FFF70BFDE37C9DF8002013B3D90769
:10E2A80004D5A06A4FF0E021C1F800019D0704D50C
:10E2B800E06A4FF0E021C1F80401590704D5206B4A
:10E2C8004FF0E021C1F808011D0704D5606B4FF03D
:10E2D800E021C1F80C01D90604D5A16B4FF0E02369
:10E2E800C3F8101112F0200F0CBF0220012003B058
:10E2F80030BD00BFDDD00020D8D00020509C0020C9
:10E30800809FD50030B5104C83B0050201222378D8
:10E318008DF807100DF107011B02013303EB0020F4
:10E3280080B2FFF7F9FB207801220DF1070105EB18
:10E338000020104480B2FFF7B9FC9DF80730002B8D
:10E34800F1D103B030BD00BFD7D000200A7C91F8CE
:10E3580012C00271CA7C80F806C0C27110B5034CA5
:10E3680091F811E0046080F805E010BD502300200A
:10E378000A7D91F816C00271CA7D80F806C0C27184
:10E3880010B5034C91F815E0046080F805E010BD65
:10E39800502300200A7E91F81AC00271CA7E80F8C4
:10E3A80006C0C27110B5034C91F819E0046080F8FA
:10E3B80005E010BD5023002091F8202091F822C0DC
:10E3C800027191F8232080F806C0C27110B5034C81
:10E3D80091F821E0046080F805E010BD502300208A
:10E3E8002DE9F0418AB0044617460D462022002147
:10E3F80002A804F148060CF04DFB654B4322694620
:10E4080000934FF0FF3330460193FEF7F3F80130E5
:10E4180000F0A4807BBA1C2202A93046ADF8103067
:10E428008023002704F10808ADF8123063681BBA8E
:10E438000393584B0293FEF7EFF8A0681022A389C4
:10E4480002A9029030460997CDE90377CDE905770F
:10E45800CDE90777ADF80C30FEF7DEF83946202213
:10E4680002A806270CF016FB202202A93046FEF768
:10E47800D3F8013FF8D1484A0DF1210CB8F804301F
:10E48800029240F23512ADF8163040F60C43ADF862
:10E498000C203D22ADF818308DF80F2040F20712FD
:10E4A8003E4BADF810201868A2689B88CDF8122062
:10E4B800ADF81E303023E27A8DF80E50CDF81A00F0
:10E4C8008DF820301146120901F00F03092B03F1D2
:10E4D800370098BF03F130000F290CF80109F1D873
:10E4E8003023227B0DF1230C8DF8223011461209BE
:10E4F80001F00F03092B03F1370098BF03F1300037
:10E508000F290CF80109F1D83023627B0DF1250C95
:10E518008DF824301146120901F00F03092B03F17D
:10E52800370098BF03F130000F290CF80109F1D822
:10E538001E2202A93046FEF76FF8032D11D01848A5
:10E54800FF23184A02A98DF81030CDE902020922EA
:10E558003046FEF761F83046FEF758F80AB0BDE8D5
:10E56800F08140F23242238A618A3046ADF80820B1
:10E5780040F23642ADF80A30E369ADF80C1002A952
:10E58800ADF80E200C220493FEF746F8D7E700BF3B
:10E59800502300200101060063825363EC20002011
:10E5A80037060103060F3A3B2DE9F043B74E8FB00B
:10E5B80080460D469146376800F1480405E0336807
:10E5C800DB1BAB421DD806F00FFD2046FEF7FCF81A
:10E5D80003463220002BF2DD242205A92046FEF74F
:10E5E80043F89DF81430022B03D1B8F86030432B60
:10E5F8000CD000252046FDF7D7FF28460FB0BDE810
:10E60800F083FF2528460FB0BDE8F083069D06225B
:10E6180008F108010CA82DBAC9F800500CF044F90B
:10E62800002840F0A180D8F800309D42C0F09C80BE
:10E63800D8F804309D4200F29780099B08F124061F
:10E648000146CC220546C8F810302046FEF70CF8E3
:10E658002046FDF7A7FF0028CCDD2046FDF7EAFF9E
:10E668003B2800F386800028C0F286803B2800F211
:10E67800838001A353F820F001C5000029C70000DA
:10E6880029C600001BC7000029C6000029C60000D3
:10E69800F9C6000029C6000029C6000029C60000E6
:10E6A80029C6000029C6000029C6000029C60000A6
:10E6B80029C6000029C6000029C6000029C6000096
:10E6C80029C6000029C6000029C6000029C6000086
:10E6D80029C6000029C6000029C6000029C6000076
:10E6E80029C6000029C6000029C6000029C6000066
:10E6F80029C6000029C6000029C6000029C6000056
:10E7080029C6000029C6000029C6000029C6000045
:10E7180029C6000029C6000029C6000029C6000035
:10E7280029C6000029C6000029C6000029C6000025
:10E7380029C6000029C6000029C6000029C6000015
:10E7480029C60000D9C6000029C60000C9C60000B5
:10E7580077C6000029C6000029C6000029C60000A7
:10E7680059C600003BC6000020460025FDF71CFFE7
:10E7780043E7FF283FF46CAF2046FDF75BFFC2B2CA
:10E7880000212046FDF770FF62E72046FDF752FFA3
:10E79800042208F12C012046FDF766FFD8F82C303A
:10E7A8001BBAC8F82C3053E72046FDF743FF042274
:10E7B80008F128012046FDF757FFD8F828301BBA82
:10E7C800C8F8283044E72046FDF734FF98F81CC005
:10E7D80098F81D7098F81E2098F81F308DF808C01A
:10E7E8008DF809708DF80A208DF80B30029961B107
:10E7F8008DF812208DF810C08DF811708DF8133037
:10E80800D8F85C20049B9A42B9D1042208F11C0173
:10E818002046FDF729FF1BE72046FDF70BFF2046A2
:10E82800FDF708FFC5B213E72046FDF703FF0422F2
:10E8380031462046FDF718FFD8F824301BBAC8F82F
:10E848002430C8F8303003E72046FDF7F3FE08F11E
:10E858002001074604222046FDF706FF0021FAB2F0
:10E868002046043AFDF700FFF2E62046FDF7E2FEF7
:10E8780008F118010746EDE72046FDF7DBFE042204
:10E8880008F114012046FDF7EFFEE1E69CD00020D8
:10E898002DE9F047044682B04FF4FA610120A04602
:10E8A80005F0BEFF606048F8480B4046FDF77EFE65
:10E8B80044214046FDF786FE002800F08C8094F83D
:10E8C80044304F4E032B376836D00025DFF834919B
:10E8D800AA46042B3AD8DFE803F03F311B3903007E
:10E8E80063680321326820460133D21B6360A9FBA9
:10E8F8000232C2F38F12FFF773FD022384F844300B
:10E908003368A26BDB1B9A4216D394F84430E0E7D5
:10E9180001AAE16B2046FFF747FE0528054638D0D7
:10E9280006282AD0FF282AD133680025A26BDB1BD2
:10E9380084F844A09A42E8D2002540E001AAE16B9D
:10E948002046FFF731FE0228054649D0FF2D16D193
:10E95800002584F844A0D3E7326801212046D21B61
:10E96800A9FB023263680133C2F38F126360FFF7B9
:10E9780037FD012384F84430C2E784F844A03368A3
:10E98800A26BDB1B9342D7D894F84430032BA0D159
:10E99800D2E70322636A84F8442013B94FF4617301
:10E9A8006362A26A12B9626A5208A262E36A1BB978
:10E9B800636AA3EBD303E3620125226363634046E2
:10E9C800FDF7F4FD6368326828460133226463600A
:10E9D80002B0BDE8F0870546284602B0BDE8F087DA
:10E9E800326803212046D21BA9FB0232019BC2F3E5
:10E9F8008F126360FFF7F4FC84F84450BFE700BF50
:10EA08009CD00020D34D621000B5C36300238263FD
:10EA180083608381036143618361C3610362C3626D
:10EA2800C0E90933D1F800E0C0F808E0898880F827
:10EA3800443081815DF804EBFFF72ABF4B68002260
:10EA480043600281704700BF087870B370B5002436
:10EA5800A44607E01FFA83FCBCF1FF0F23D811F886
:10EA6800010FD0B10CEB8C03A0F1300E1619651C08
:10EA780000EB4303BEF1090FA3F13003EAD9032CDD
:10EA8800ECB210D02E3818BF012060B986F804C047
:10EA9800844611F8010F0028E4D1032C03D101208A
:10EAA80082F807C070BD002070BD0020704700BF0D
:10EAB800024B00220249C3E900127047B8B1002096
:10EAC800502300203B4B02222DE9F0431B6800F144
:10EAD8000C0883B00E46038100F1080140460DF191
:10EAE8000509FDF799FD012302220DF106014046B3
:10EAF800ADF80630FDF790FD4FF4807302220DF15A
:10EB080006014046ADF80630FDF786FD00230222D7
:10EB18000DF106014046ADF80630FDF77DFD0222F5
:10EB28000DF106014046FDF777FD02220DF10601C1
:10EB38004046FDF771FD3378EBB13446BBB12E2B5F
:10EB480015D0254614F8013F0BB12E2BF9D1A71B80
:10EB5800002F0CDD0122494640468DF80570FDF76F
:10EB68005BFD3A4631464046FDF756FD6B78661C1C
:10EB78000BB16378E1E7002349464FF48074012222
:10EB880040468DF80530FDF747FD0DF106010222DC
:10EB98004046ADF80640FDF73FFD02220DF10601A3
:10EBA8004046ADF80640FDF737FD012003B0BDE84B
:10EBB800F08300BF9CD000202DE9F0477A4E86B044
:10EBC80081460D469046376800F10C0405E033682D
:10EBD800DB1BAB4218D806F007FA2046FDF7F4FD18
:10EBE80003463220002BF2DDD9F82020D9F8043072
:10EBF8009A4203D1B9F82430352B0BD04FF6FE7A60
:10EC0800504606B0BDE8F0874FF6FF7A504606B08A
:10EC1800BDE8F0872046FDF7C5FC0B2840F383804C
:10EC28000C2220460DEB0201FDF71EFDBDF80E304B
:10EC3800B9F80810BDF80C205BBA91429FB2ADF844
:10EC4800063040F092801B0440F18F8040F20F2381
:10EC58001F4040F09C80BDF8126076BAB6B2002E14
:10EC680064D0BDF810300DF10A05ABB10122294678
:10EC78002046FDF7F9FC9DF80A20002A64D10422F9
:10EC8800002120460137FDF7EFFCBDF81030BFB278
:10EC98005BBA9BB2BB42E9D84FF000094F460DF171
:10ECA800050101222046FDF7DFFC9DF8052012F042
:10ECB800C00152D1002A3FD102A902222046FDF705
:10ECC800D3FC294602222046FDF7CEFC042200216F
:10ECD8002046FDF7C9FC02220DF106012046FDF78A
:10ECE800C3FCBDF80830B3F5807F08D1BDF80AA091
:10ECF8009AFA9AFA1FFA8AFABAF1010F3BD0BDF8CC
:10ED0800062009F101090021204652BA92B2FDF706
:10ED1800ABFC1FFA89F3B342C1D320464FF6F67A0B
:10ED2800FDF742FC6CE74FF6FD7A69E720464FF69F
:10ED3800FA7AFDF739FC63E72046FDF795FC9DF864
:10ED48000530002BABD1B7E700212046FDF78CFC3E
:10ED58009DF80A30002B89D191E701220021204635
:10ED6800FDF782FC8DF80570A6E720464FF6FC7A81
:10ED7800FDF71AFC44E7BDF8062052BA92B2042AFD
:10ED88000BD020464FF6F77AFDF70EFC38E7204601
:10ED98004FF6FB7AFDF708FC32E708F1040120463C
:10EDA800FDF762FC2CE700BF9CD000202DE9F04362
:10EDB80083B0064698460F46FFF746FEB8B9214B82
:10EDC800914672685B689A4239D01F4B06F10C0570
:10EDD80004461968284601F00F0101F58061FDF726
:10EDE800F1FB012808D0204603B0BDE8F0830124D8
:10EDF800204603B0BDE8F08373683522694628468B
:10EE08000193124B0093FDF7F5FB30B92846FDF747
:10EE1800CDFB204603B0BDE8F08339463046FFF706
:10EE280051FE0028F2D02846FDF7F0FB0028EDD06F
:10EE38004A4641463046FFF7BFFE0446E6E76FF014
:10EE48000104D0E7B8B100209CD000205023002056
:10EE580007F020BD07F062BD2DE9F84F4FF0000A1A
:10EE680083460F4615462B4EDFF8AC80DBF80030A2
:10EE78001B69B34242D107F00DFD044684B1DBF8AB
:10EE880000305B6943453DD107F048FD8246BAF141
:10EE98000A0FEBD0BAF10D0FE8D0012487F800A0D3
:10EEA80004F1FF38DFF87090B844AC421BDABAF1CD
:10EEB8000A0F18D0BAF10D0F15D0DBF800301B6916
:10EEC800B34216D107F0E6FC0028EED0DBF800309C
:10EED8005B694B451AD107F021FD8246013408F8D9
:10EEE80001AFAC42E3DB3C44002304F8013CBDE83D
:10EEF800F88F584698470028D7D0E7E758469847EC
:10EF08000446BBE7584698478246C0E758469847A4
:10EF18008246E3E701CD000005CD00008268034684
:10EF280092B9D0E9031210B45C6880692244114494
:10EF380081424FF0000088BF996159698A4200D226
:10EF48005A615DF8044B7047013A042A1DD8DFE87E
:10EF580002F0090D1C15030002680020126812BA9D
:10EF68001A61704701220020DA61704702680020A8
:10EF7800128852BA92B212011A61704702680020D0
:10EF8800128852BA12041A6170470120704700BFF4
:10EF98002DE9F041002484B01C6090F800C0BCF159
:10EFA8003A0F11D105461F46884616460CF0D0FE8A
:10EFB8000A2803D8204604B0BDE8F08101AA2949EF
:10EFC800681C09F0AFFC18B9002004B0BDE8F08156
:10EFD80028460CF0BDFE019B5B000B339842F3D32F
:10EFE80032462149E81C09F09DFC0028ECD00A9A19
:10EFF800E81D1C4909F096FC0028E5D00A9A093555
:10F0080001991478336854FA81F4164E54FA83F44B
:10F01800C3F307231C443B6812E03146023509F06C
:10F0280081FC0028D0D03B68039A08F803203B688D
:10F0380018F803200133FF2B14443B60C4D801990E
:10F048008B42284603AAE8D102AA064909F06AFCBD
:10F058000028B9D0029B1C44E4B2B4FA84F04009F9
:10F06800B3E700BF140600201C0600202DE9F0437A
:10F078004D4F8DB0894606461546984603AC0FCFCE
:10F088000FC40FCF0FC43B6848464849236005F0BA
:10F09800A5FB0A9B002B3ED108F1C04805AF444CA4
:10F0A80007E006F09BF9DDE90A3201320B92002BEA
:10F0B80032D1214630466022FFF7CEFE06AB04AAC5
:10F0C800039920460097FFF763FF034603A8002B28
:10F0D8004ED0FFF723FF05F12041002850D1059BB2
:10F0E800002BE0D10498079B099A0344424503F199
:10F0F80020432B44184650D8B1F5000F069A0399BF
:10F10800CFD200F0D3F80028CDD00246294948468E
:10F1180005F064FB31E00B9A4846DDE908310091BF
:10F12800254905F05BFB2846DDE90831C91A00F0DE
:10F13800A5F8224A60B32249484605F04FFB214909
:10F14800484605F04BFBD9F800304846DB6898473D
:10F1580029464FF0C040DDE90832D21AF3F718F813
:10F168004FF0E023184AC3F80C2D0DB0BDE8F0832A
:10F178000F4A4846154905F031FB0DB0BDE8F0834C
:10F18800059A4846124905F029FB0DB0BDE8F08301
:10F198001049484605F022FBEFE70F49484605F0BD
:10F1A8001DFB0DB0BDE8F083E40400201C0700201F
:10F1B80078C00020B8070020E80700209C0600203F
:10F1C8001C080020480800200400FA054807002011
:10F1D80068070020680800208C070020134A13469F
:10F1E800026002E0043B036063B11A680132F9D09F
:10F1F8000433C3F30B0203605AB90D4A0120D21A33
:10F208000A6070470B4A4FF48053036001200A607C
:10F21800704710B4084C074A1C4004F58053121B71
:10F228005DF8044B036001200A607047FCBF7F60F3
:10F2380000C07F6000B07F6000F0FFFF38B500F1CC
:10F248002043B3F5000F15D245180446A84207D34A
:10F2580038BD204606F05EF804F58054AC42F7D27B
:10F26800C4F30B032046002BF6D1F2F781FF0028E8
:10F27800F2D0EEE7BDE838400BF05EB80B3970B558
:10F288000D18A8420ED20446074E01E0AC4209D040
:10F2980020460B223146013409F0CCFA0028F5D17A
:10F2A800012070BD002070BD9C0600202DE9F843A8
:10F2B80040EA02039B0702D00120BDE8F883154FFE
:10F2C800154C3B6813B12568854220D18518256007
:10F2D800C51ACAB14C1EDFF844804FF00009A618C1
:10F2E80000E03B68591C14F801CF28460422032982
:10F2F800396008F803C0414604D9154405F094FF65
:10F30800C7F80090B442ECD10020BDE8F883022091
:10F31800D3E700BF7CCE002030D0002078CE00207C
:10F32800204B9A8CD20410B418D51F484FF4805241
:10F338009A840188013189B201809A8C54052ED5AE
:10F34800B3F848204FF4806492B29C84B2F5604FC1
:10F3580094460ED9013942EA01420DE09A8C5205D1
:10F368001DD5B3F848C04FF480620F481FFA8CFCD3
:10F378009A8402884CEA02420C4B0D491C681A60B8
:10F388000B780C48013300780C2BA8BF0023984257
:10F3980005D0121BD8B2084C44F8232008705DF839
:10F3A800044B704700803E40B8D0002090B2002047
:10F3B800C6D00020C7D00020CCB10020284B4FF485
:10F3C80000500022B3F88C1189B210B441F4805176
:10F3D8000124A3F88C11A3F88E41B3F8881189B2DF
:10F3E80041F01001A3F888114FF400619880D9808A
:10F3F8004FF6FF715A805A81D98140F201115A8221
:10F40800DA825A83DA83B3F8880180B20143154857
:10F41800A3F888111449C0F88C121449302081F8D7
:10F4280093004FF4A0511248D98402801148026019
:10F4380011480270114802700920114A988611205B
:10F44800C2F81C014FF0E0220E48C0F894404FF477
:10F45800002099845DF8044BC2F81001704700BF82
:10F4680000803E4000AC0020D1D1000000E400E064
:10F47800B8D0002090B20020C6D00020C7D000200D
:10F4880000801F4000841F40054A064B12781B78F5
:10F49800D0B29A42D9B238BF0C30401AC0B27047C5
:10F4A800C6D00020C7D000200D4B0E4918780A7826
:10F4B8009042D3B210D00133DBB20B2B05D81A46D9
:10F4C800094850F822000B7070470022064813467E
:10F4D80050F822000B7070474FF0FF30704700BFA4
:10F4E800C6D00020C7D00020CCB10020054B07EEC5
:10F4F800900A93ED000AF8EE677AB8EE400A80EEBB
:10F50800270A7047489C002070B590F9023082B0F5
:10F518000446002B0DDBA56805F1280004F05CFA11
:10F5280000283BD16378002043F00103637002B0E8
:10F5380070BD80680122A169283004F079FA00289A
:10F54800F0D0A58805F00F056B0100EB4515C35CED
:10F55800E52BE7D023781B0701D5E369EB61236A24
:10F5680015491A0C6B830E68AA8266B10DF1030265
:10F578000DF1060101A8B047BDF80430BDF806201A
:10F588002B836B82EA82A378A56803F07F0305F1D9
:10F598002800A37004F020FA0028C3D005F50E70E7
:10F5A80004F01AFA0028BDD0286803681B6A984737
:10F5B8000028B7D0BBE700BF24C00020024638B5FA
:10F5C80052F8105F04468068294601F0FBFF50B1ED
:10F5D80055B123690135AB42A37818BF03F0BF03C7
:10F5E80063F07F03A37038BDA37843F04003F7E7C7
:10F5F800F8B5047814F0200404D11A4B0546426982
:10F608009A4202D300273846F8BDFFF7D7FF0746CE
:10F618000028F7D0A8682E698279023E4169964091
:10F628000E440179A9B1214606E00BF033FAA86827
:10F63800E1B202798A420BD93144052228300134DB
:10F6480004F0F6F94FF4007200210028EDD1D9E753
:10F6580082794FF4007369693846934011FA83F34D
:10F668006B61F8BD00FE1F0010B5044680680A46AD
:10F678002830A16904F0DCF920B1A38803F00F0356
:10F6880000EB431010BD00BF10B5037804462BB142
:10F69800FFF73AFF00232370A37010BD0023012059
:10F6A8002370A37010BD00BF0B7813F0700F01D149
:10F6B80000207047F0B540F6022389B00D46044695
:10F6C80001F014F838B1012210232046A2702370EB
:10F6D800FFF78EFF10B9002009B0F0BD226923782A
:10F6E80022626BB1636933B1A378002223F020034F
:10F6F800C4E90422A3702046FFF706FF0028EAD0D9
:10F70800A0680122A169283004F092F90028E2D00B
:10F71800B4F804C010220CF00F0C4FEA4C1300EBA5
:10F728004C1C8CF80B20C058A768236A97F806E091
:10F738009E1EDCF80410DCF80820DCF80C3006FA11
:10F748000EF6EE46AEE80F00DCF81000DCF81410F8
:10F75800DCF81820DCF81C30AEE80F007B6907F1F4
:10F7680028000122F1184FF02033CDF80130CDF8F0
:10F778000530ADF8093004F05BF984460028AAD0BA
:10F788002E27EE468DF800707646BEE80F00CCF8BE
:10F798000000CCF80410CCF80820CCF80C308DF818
:10F7A8000170BEE80F00CCF81000CCF81410CCF8AB
:10F7B8001820CCF81C302B6A1A0CADF81A30ADF8AA
:10F7C80014200FCECCF82000CCF82410CCF8282038
:10F7D800CCF82C300FCECCF83000CCF83410CCF864
:10F7E8003820CCF83C30A46804F1280004F0F4F880
:10F7F80000283FF470AF04F50E7004F0EDF800280F
:10F808003FF469AF206803681B6A09B0BDE8F0409F
:10F81800184700BF2DE9F041002694B098460378B8
:10F828000192ADF814600B96002B41D10B780D4670
:10F8380013F0700F3CD01378044616462F2B3BD09C
:10F84800002728E0019E3678002E50D000F04EFFA9
:10F85800034602AA294620462BB9B8F1000F27D043
:10F86800FFF722FF20B3A6460DF12C0CBEE80F00CF
:10F87800ACE80F00BEE80F00ACE80F00DEF800505F
:10F8880020462378CCF800500BB1FFF73DFE019ECF
:10F898000BAD2770A770314601AB02AA204601F0D4
:10F8A80071F8064602AA294600232046002EC9D12F
:10F8B800002014B0BDE8F0810136019633782F2B73
:10F8C800FAD0AD68242200210BA80BF0E3F80D95BF
:10F8D800EB79102B03D0202B0FD00C2BE8D1202351
:10F8E8008DF82C3001230BAD8DF82E30A8E702AA35
:10F8F800FFF7DAFE14B0BDE8F0814023F0E700BF5F
:10F908002DE9F041002594B09846037801920295BC
:10F91800ADF83850002B37D10B780E4613F0700F26
:10F9280032D01378044615462F2B31D000271EE01D
:10F93800019D2D78002D40D000F0D8FEA6460DF18F
:10F94800080C08B366462578BEE80F00ACE80F003F
:10F95800BEE80F00ACE80F00DEF800302046CCF817
:10F9680000300DB1FFF7D0FD019D2770A770294623
:10F9780001AB0BAA204601F005F805460BAA314653
:10F9880000232046002DD3D1002014B0BDE8F0811B
:10F998000135019529782F29FAD0A9B9B56824220B
:10F9A80020460BF077F8A560EB79102B03D0202BBD
:10F9B80022D00C2BE8D120221FE043460BAA00F0EE
:10F9C80095FE14B0BDE8F081B6682422002102A893
:10F9D8000BF060F80496F379102B03D0202B03D09A
:10F9E8000C2BD1D1202300E040238DF808300123CF
:10F9F80002AE8DF80A3099E740220123227018469A
:10FA0800A370C2E719B101F58961FFF779BF08460C
:10FA1800704700BF074B10B41C683CB113460A4638
:10FA280004F589615DF8044BFFF76ABF20465DF86D
:10FA3800044B704774C00020CB6870B50D4604466F
:10FA480093B906780EB1184670BD8D6824223146E8
:10FA58000BF020F8A560EB79102B18D0202B10D0D4
:10FA68000C2B14D0304670BD242200210BF012F864
:10FA780001201023A0702370D5E90223A26023621D
:10FA880070BD4022012322701846A37070BD202249
:10FA9800F8E700BF70B505780DB1002070BD0E46BF
:10FAA8000446242229460AF0F5FFA660F379102BB4
:10FAB8000BD0202B03D00C2B07D0284670BD40223A
:10FAC800012322701846A37070BD2022F8E700BFFA
:10FAD8002DE9F04F2DED028B837883B00546DF07C3
:10FAE80040F18C808846017892460E0700F191809B
:10FAF8008C0608D583685A894369C3EB42139BB2C5
:10FB08009A4528BF9A46BAF1000F00F0AF806A699B
:10FB180005F11003880656464FF0000908EE103A22
:10FB2800AF68C2F3080B3DD5396A01EB5221BBF12E
:10FB3800000F51D1B6F5007F4ED37A6B91424BD06E
:10FB4800B6F5806FC0F082802878730A800605D4E5
:10FB58003879A0EB0900834228BF034691424FEA57
:10FB680043240CD8C818824209D207F12800CDE9ED
:10FB7800001303F031FFDDE9001300283ED0F86AD6
:10FB8800026857694246B847002837D06A69361B69
:10FB9800A04422446A6169D02978C2F3080BAF688F
:10FBA8008806C1D497F8059009EA5229BBF1000FDD
:10FBB80036D1B9F1000F33D1002A33D14A064CBFF0
:10FBC8003A6A2A6A2A61023AB879796982404944CC
:10FBD8001144BBF1000FADD0CBF50074002207F142
:10FBE8002800B44228BF344603F022FF30B100EBAE
:10FBF8000B012246404605F0F1FBC7E76B784FF052
:10FC0800FF3043F002036B7003B0BDEC028BBDE81C
:10FC1800F08FC36942699B1A9A4528BF9A4672E7D2
:10FC28002A69D0E70B0705D5AA78540602D52A69B0
:10FC38000132C7E718EE102A3846296901F010FD8D
:10FC48000028DBDB0CD0AF682A69BCE7F86A4246BB
:10FC580003681B6998470028D0D04FF4007495E7D3
:10FC68002B7813F0700FC9D0AAEB060A504603B0E0
:10FC7800BDEC028BBDE8F08F70B582B0012204465E
:10FC88000DF10701D0E90456FFF722FF01280CBF48
:10FC98009DF807004FF0FF30C4E9045602B070BD6C
:10FCA800436913F4F07F30B5044683B0C3F34315BA
:10FCB80009D0012907D120334361A068383000EB0F
:10FCC800451003B030BD01220DF107012046FFF7B2
:10FCD800FFFE40B2012803D163691F336361ECE77B
:10FCE8000020EEE72DE9F04103789AB0002613F0E2
:10FCF800180F0896119606D0174683688A68044636
:10FD08000D469A4203D000201AB0BDE8F081FFF7F3
:10FD1800FBFBA6460DF1440CBEE80F00ACE80F0053
:10FD2800BEE80F00ACE80F00DEF800303246A169EB
:10FD3800CCF80030A36803F1280003F079FE00280E
:10FD4800E1D0A288EC4694F8008002F00F0200EBA4
:10FD5800421E5201DEF804108058DEF80C30DEF83E
:10FD68000820ACE80F00DEF81410DEF81820DEF8E2
:10FD78001C30DEF81000ACE80F0018F008033A4613
:10FD8800294640F09B8008A8FFF744FD0028BAD018
:10FD9800109EBDF8243000250E990122A3809DF8FD
:10FDA8002330A068E3700B9B2830A161E3608DF8D5
:10FDB80020508DF8225003F03BFE0028A3D0A388E2
:10FDC80003F00F0300EB4310DDF80D30C0F80D30E1
:10FDD800DDF81130C0F81130DDF81530C0F81530F5
:10FDE800DDF81930C0F81930BDF81D30A0F81D3005
:10FDF8009DF81F30C3779DF80B30C372002E3BD09F
:10FE0800A068B31E2A46817928308B4050F8141C0C
:10FE1800194403F00DFE054600283FF474AF006A4C
:10FE28006F46696AAA6AEB6A0FC7286B696BAA6B87
:10FE3800EB6B0FC73146A06801F024FC00283FF4A3
:10FE480062AFA068236A82792830023B50F8141CFC
:10FE580093400122194403F0EBFD064600283FF4C5
:10FE680052AF6D460FCD30627162B262F3620FCD50
:10FE780030637163B263F36300210222082311A87F
:10FE880019918DF846208DF8443000F0E5FD0028E2
:10FE98003FF439AFA46804F1280003F09DFD002861
:10FEA8003FF431AF04F50E7003F096FD00283FF4DF
:10FEB8002AAF206803681B6A984725E740F60123A4
:10FEC8006046FFF71DFD00287FF463AF1BE700BF06
:10FED8002DE9F041037804460769002B39D00D4617
:10FEE8004169A94242D0002D37D018072AD5E269C6
:10FEF800AA422ED3D4F808C06E1EA2789CF8060039
:10FF080012F0400F00F10900C0B226FA00F630D115
:10FF18004A1EC24009B196422FD25B064CBFDCF89C
:10FF28002030236A236104F1100806E02169013EAC
:10FF3800A06801F095FB00280BDD4246002EF5D1A4
:10FF4800A2780CE09A06D5D5A3685B89B5EB431F68
:10FF5800F6D900202761BDE8F0818278056122F09A
:10FF6800200201206561A270BDE8F0810120BDE892
:10FF7800F081236A33442361F1E7B61AD3E700BF5F
:10FF88002DE9F0410E4615460021242204469846E4
:10FF98009DF818700AF07EFDB068336A00F13802E7
:10FFA800A58005F00F0502EB4512C4E90203D17ADA
:10FFB8000B0711D401F017012170D37A13F0180F31
:10FFC80002D141F00801217008F00303E770012B0A
:10FFD80038D0022B06D0F3B1002318462370A37043
:10FFE800BDE8F08103232178CD06F5D4CE07F3D4FC
:08FFF80008F0080118F4806F05
:02000004600199
:1000000043EA0103A370416B958AA161518B41EAD8
:10001000054112D019BB63F07F03A37010E018F400
:10002000806FDDD108F0080343F00103A370416B3A
:10003000938AA161518B41EA03412162D369E36153
:1000400018F4804F04D10120BDE8F0810223CEE7EF
:10005000E1692046FFF740FF0028F4D1C0E701F036
:1000600015FB0028BCD0A378D5E700BF0378002B90
:1000700045D12DE9F0470B7884B00C4613F0700F92
:1000800030D04B6913F01F052CD106469046A94687
:1000900001220DF10F012046C3F3431A5F09FFF758
:1000A0001BFD40B24FEA4A1201281BD16369A168C7
:1000B0001F3301F1380C63611CF802200CEB4A1C61
:1000C00082B12E2A12D0A2F1E500B0FA80F04009E8
:1000D00060B99CF80B1011F0080E12D00F2907D050
:1000E0000546D5E7002004B0BDE8F0870025CFE73E
:1000F0005106CDD502F01F059CF80D90C8E70020F1
:10010000704785B10CF10A0101E01CF8012F4FEA9C
:10011000CE13614543EA5E0352FA83F35FFA83FE2E
:10012000F3D1CE45DED14346BAB2214630460095E2
:10013000FFF72AFFD7E700BF03780BB1FFF7E8B955
:10014000012070472DE9F047837805469C0777D555
:1001500088461907914600F1B5806B6913EB0902D7
:100160006ED2B9F1000F40D04F464FF0000AA86898
:10017000C3F308062969447914EA53243FD1002EB9
:100180003DD100296ED0AA78520676D5EA699A4206
:1001900073D9013129610239827943699140194447
:1001A000B7F5007F53D3B7F5806F70D303797A0A20
:1001B0001B1B934228BF1346426B8A424FEA4324DB
:1001C00007D35E18B24204D24FF0FF3280F828A065
:1001D0004263C06A42460668B66AB04780B36B693C
:1001E0003F1BA04423446B61C1D1EA699A4276D295
:1001F000AA784846EB6162F07F03AB7025E0827914
:1002000002394369914019442144002EC8D0C6F5F3
:1002100000740122BC4228BF3C46283003F00CFC8D
:1002200070B1304426442246414605F0DBF8B6F56D
:10023000007FA868D3D1283003F0D2FB0028CED1AC
:100240006B78002043F001036B70BDE8F087C6F5C2
:1002500000746A69EB69BC4228BF3C469A4205D3E8
:100260000522DAE7296A21B3296194E7AB7813F014
:10027000200F14BF05220122CFE705F1100201F083
:10028000F3F90028DCDB24D0A868296983E7436BF5
:100290008B4204D14FF0FF3380F828A04363C06A3B
:1002A000424603685B6A98470028C9D04FF400743F
:1002B00095E72846FFF786F90028C1D02969A86884
:1002C000296268E7C169FFF707FE00287FF445AFA0
:1002D000B6E72846FFF776F90028D5D1B0E7054BF9
:1002E0001B682BB1AB78484663F07F03AB70ACE77B
:1002F0004846AAE724C000202DE9F04F84468DB07F
:100300001446156898460646894603AF01934FF098
:10031000000EBCE80F000FC7BCE80F000FC7DCF8E9
:10032000003065603B604346A4F80CE0002B3FD0F2
:100330004FF0010AA9EB0A0103A889B24901FFF7AE
:10034000CBFD50B3002103A8FFF7AEFC074620B356
:1003500000250DE003F098FB8046584603F0A8FC0A
:100360008346404603F0A4FC834516D10D2D18D0DA
:10037000EAB239463046013500F0E4FEA3898346EF
:100380002046002BE6D1D4E901329342E2D1BBFAF8
:100390008BF040090DB0BDE8F08F00200DB0BDE836
:1003A000F08F0AF1010A019B5FFA8AFA5345C1D224
:1003B0000120EFE72DE9F04F07468DB016469A462B
:1003C0000DF10C0C02F1150402F1200501914FF022
:1003D00000090FCFACE80F000FCFACE80F003B686F
:1003E000CCF800304FEAC91314F8012F43EA59033F
:1003F000A54252FA83F35FFA83F9F3D133684FF0E1
:1004000000087360A6F80C80BAF1000F4ED00127E7
:10041000019B03A8D91B89B24901FFF75DFD0028A4
:1004200055D0002103A8FFF73FFC00284FD0059AC4
:10043000574500F1010B4FF0010492F828304FF0BE
:10044000000543F0010382F828304FF00F030CBF82
:1004500047F040023A46C3724FF000030270037344
:100460004FF0000380F80D90438306E0ABF80000E6
:10047000013401350BF1020BE4B2B08918B9D6E9A9
:1004800001239A4216D0304603F0FEFA042DEBB257
:10049000ECD90A2B02D8ABF80300E9E70D2CABF836
:1004A0000500E5D10137FFB2BA45B1D201200DB048
:1004B000BDE8F08FB8F1000F06D008F101084FF643
:1004C000FF705FFA88F8E1E74FF00108DEE70020EF
:1004D0000DB0BDE8F08F00BF02464FF0203152F85A
:1004E000163B2DE9F043C0F816108646846851602B
:1004F000C2F807101A782E2A14BF0120002003D159
:1005000013F8012F2E2AFBD0611E99420BD90A46FF
:1005100002E09342114606D01146013A91F800C01C
:10052000BCF12E0FF5D19C424FF0000540F28680C1
:1005300007260827A946A84606E001330A264FF0F9
:10054000080910279C425BD91A782E2A08BF9942C5
:10055000F3D0222A0DD07C2A0BD0A2F15B0CBCF187
:10056000020F06D9A2F12A0CBCF1050F21D82D2AC1
:100570001FD002F0C002802A5DD04E452FD2994292
:100580002CBF002001200A2E08BF40F001000028E7
:1005900047D09EF81630202B40D09EF81430012012
:1005A0007E21312273448EF815009975DA75BDE805
:1005B000F083A2F13A0CBCF1050FDAD9A2F1210CBB
:1005C000BCF15D0FD5D84E45D9D3A2F1610CBCF179
:1005D000190F28D8203A3D43D2B2EDB201E00020F5
:1005E0005F2209F1010CF144013389F816205FFA0A
:1005F0008CF2062A914698BF8EF814209C42A3D80C
:100600009EF81630202B09D00028C6D018EA050F16
:1006100018BF02258EF81550BDE8F0830020BDE814
:10062000F0830B468EE7A2F1410CBCF1190F98BF85
:1006300047EA0808D5E70133002083E7A846DFE74B
:100640002DE9F84F4FF0620900250F460446DFF808
:10065000A0B04FF07E0A91F8148001F11606B8F1AF
:10066000030FDBF8003028BF4FF003082B449DB286
:1006700008F10403DBB205F00F02581E2D09092A08
:1006800002F1370198BF02F13001FA18C3B2917537
:100690009845F0D107EB08030021204683F816A007
:1006A000FFF71AFC01212046FFF7FEFA03460B2252
:1006B00030469BB193F800C01946BCF1000F13D02F
:1006C000DB7A1B07EED40AF0F3F80028EAD109F12F
:1006D000FF3919F0FF09C2D1484603E06078B0FA4B
:1006E00080F04009BDE8F88F0120BDE8F88F00BF19
:1006F0009CD000202DE9F04F2DED028B8BB0CDE981
:1007000002038B6807930B7813F0700F53D0029B92
:100710001B78002B4FD1136990469A4A0E460C3332
:10072000A2FB0323C3F3870298F8153098070492BD
:1007300000F0A780571CFFB20023304619461C4624
:100740000693FFF7C9FB08F11603A346A146A2468C
:1007500008EE103A0594756900213046FFF7A4FAB7
:10076000C5F34F15034620B30278E52A29D042B3DA
:10077000BC4238BF00242E2A2BD090F80BC0BCF10D
:100780000F0F54D01CF0080C23D1B9F1000F40F02A
:10079000D5800B2218EE101A0AF08AF80028DAD158
:1007A00098F8153013F0010300F0E480012305935D
:1007B000D1E7737883B100200BB0BDEC028BBDE8AC
:1007C000F08F002C08BFAA46BC4201D20134E4B22B
:1007D00012B14FF00009BEE7039B9A05EBD503F079
:1007E0000303013B012BE6D8002C08BFAA46BC42FC
:1007F00003D348E0DCB2A74245D000213046FFF7E2
:1008000053FA631C0028F5D17378002BD3D1A7428B
:1008100039D9079D05E02B7904EB0314E4B2A74214
:1008200031D93046FEF7E8FE0028F4D1C3E7B9F12C
:10083000000F19D102F01F0B049959458BD112F00A
:10084000400988D0437B89460693BBF1010F82D1D2
:10085000691C4B464246304689B2FFF74DFD0028E1
:1008600008BF4FF0000976E70BF1FF3B5FFA8BFB07
:100870005A45AED1437B069A9342E6D04FF0000929
:1008800069E7012758E7059B2BB141463046FFF742
:10089000D7FE00288FD0013F42463046FBB20AEB1C
:1008A00003051F46ADB22946FFF784FD002882D01C
:1008B00069013046FFF710FB00283FF47CAF0021B0
:1008C0003046FFF7F1F9044600283FF474AF2022C8
:1008D00000210AF0E3F8D8F81620D8F81A30226080
:1008E000636098F82030B8F81E20A372228198F82F
:1008F000153003F018032373234B1B68002B3BD0E8
:100900000DF123020DF1260109A89847BDF8243006
:100910002382BDF82630E3819DF823306373079A64
:1009200092F8283043F0010382F82830039B2A46CE
:10093000314602980097FFF727FB3DE7BBF1010F17
:100940007FF439AF0A3001E013F8012F4FEACC11E0
:10095000984241EA5C0152FA81F25FFA82FCF3D1DB
:10096000069B63457FF427AF4F46039B19053FF570
:1009700022AFDBE71F46F8E745F6214323822383B6
:100980006382CCE74FECC44E24C000202DE9F04137
:100990001F460B7882B00C46202B154603D114F865
:1009A000013F202BFBD02C60237863B32F2B2AD060
:1009B0004FF00008294E211D204601AA03F02CF912
:1009C000044670B1019BB3F5803F40D27F2B08F104
:1009D000010831D83C2BD9B229D8212905D81F29A3
:1009E00009D8002002B0BDE8F0812239C9B226FA48
:1009F00001F1CA07F5D42E2B01D0202B1CD123786E
:100A00000BB12F2BD7D12B69013BFE2BE9D82378D3
:100A1000202B03D114F8013F202BFBD02F2BF9D032
:100A200028463C6002B0BDE8F041FFF755BD5C29A7
:100A3000D7D005D97C29D4D0C5F81080AC60DEE7CA
:100A40003E390129F8D8002002B0BDE8F08108F154
:100A50000208AC60C5F81080D1E700BF0121000595
:100A6000F0B500238BB0019383789A0724D5016AEF
:100A7000054619B1806800F009FEE8B10121284659
:100A8000FEF7F6FDC0B1421E00F10A0C0024E3019E
:100A900012F8011F43EA5403944551FA83F3DCB280
:100AA000F5D1E52600230670AF682B7007F128000A
:100AB000AB7002F095FF10B900200BB0F0BD07F548
:100AC0000E7002F08DFF0028F6D0386803681B6AAC
:100AD00098470028F0D0EB78002BEED0294601A8EB
:100AE000FEF7AEFF0028E7D0EB78002BE4D001271B
:100AF00021E001A8FFF7D8F87B1CF9B20028DBD071
:100B0000C27A0F2AD8D102785FFA83FC9FB202F032
:100B10001F038B42D0D1437BA342CDD10670A9687D
:100B200091F8283043F0010381F8283053060DD4A2
:100B3000EB786345C0D3A98801A8C91B89B24901D4
:100B4000FFF7CAF900210028D3D1B5E7AC6804F15A
:100B5000280002F045FF0028AED004F50E7002F028
:100B60003FFF0028A8D0206803681B6A9847A4E7C5
:100B70002DE9F843DDF82090A2B105460C469846D1
:100B8000571801E0BC420DD02B68204649465E6AEA
:100B9000C0472146024628460134B0470028F1D11B
:100BA000BDE8F8830120BDE8F88300BF486810B5B0
:100BB0000C4630B10B894A8901339BB29A420B81B2
:100BC00001D9206810BD0368012203495B6898477A
:100BD00000232068238110BD749800202DE9F04F78
:100BE000054687B08846924600214FF40072406A5D
:100BF00009F054FF286A28B103680C223A495B685F
:100C00009847286A6B6A4FF00009EE690AF1FF32D3
:100C1000DFF8E0C0E968ADF814904C1CCDE9033072
:100C20004FEA5A13ADF816303368DF6A674526D1AC
:100C30006AB301EB0A07DFF8C0A00AE02146039A75
:100C400030460134D84700283FD0A7421ED0336831
:100C50000498D3F824B00028F0D0BDF81430BDF8C3
:100C6000162001339BB29A42ADF81430E6D80368DF
:100C7000514601225B689847ADF81490DEE703AB5C
:100C8000214630460093194BB847F0B1286A20B18D
:100C90000368022216495B689847B8F1100F4FF0BD
:100CA000F8016A6A4FF001030CBF04200C20117098
:100CB000FF216A6AD15401339842FAD1E8696A6A1D
:100CC0000368E9685B6A984718B9002007B0BDE877
:100CD000F08FD5E90231E86919446A6A03685B6AF2
:100CE000984707B0BDE8F08FA013002055EA000038
:100CF000B013002019EA00007498002038B5436A48
:100D00004FF40075044600212A46184609F0C6FE35
:100D10004FF02031EB22A0F80B50C0F8031003462F
:100D2000C0F8071090210270762099700222587046
:100D300094F82B1059734AF65521208D1A74F82215
:100D4000D8815A752269DA61A269A3F8FE111A6284
:100D500038BD00BF70B504464FF400720021406AF0
:100D600009F09CFE656A2269216805F2BF1002F055
:100D7000B1FEA369226905F2C31021681A44013A41
:100D800002F0A8FE94F82A204AF6552385F8C221DD
:100D90002269E069C5F8C621626AA169A5F8FE3139
:100DA0000368C5F8CA1100215B6ABDE870401847A6
:100DB00070B546694FF4807390F82BE00446A6F5B1
:100DC0008072456A4360B2FBFEF202F2011C4FEAF8
:100DD0001C214FEA410C81600CF1A10098420ED910
:100DE0008033F21AB2FBFEF202F20111090A4FEA55
:100DF000410C0CF1A1008342F2D3C4E901311B1A6A
:100E0000A2F6F57103F18000B1F5704F20614FD269
:100E10000CF1210C8133204602FB0EC2E360B2F5D7
:100E2000803FA26134BF0423062384F82A300123C3
:100E30002385FFF78FFF08B9002070BD2046FFF71C
:100E40005DFF2922A1684FF0203385F82620462235
:100E5000C5F82F30802085F836205422C5F82B3075
:100E6000C5F83230312385F838203622E982412115
:100E700085F8393085F837104FF4007185F8240073
:100E800085F83A200F4BE069C5F827300368A5F8CC
:100E90001110626A21695B6A98470028CCD06268A9
:100EA0002046E3681021D21ABDE87040FFF796BED5
:100EB000206A0028C0D00368132203495B68984762
:100EC000002070BD87D61200EC130020F8B54669EB
:100ED0004FF4005390F82BC04FF48042A6F58041A8
:100EE000036142F2090E0446456A4260B1FBFCF11F
:100EF00001F18103DB0983600EEB4300904240F275
:100F0000B68002F50052B11AB1FBFCF101F1810388
:100F1000DB090EEB43005F008242F2D3C4E90123F8
:100F20004FF6F473994240F2978001FB0C2CA2F526
:100F300000522046D21B92B202F5005322854D4A40
:100F4000E360ACF50053944594BF4FF00B0C4FF0A9
:100F50000C0CA36184F82AC0FFF7FCFE08B900203E
:100F6000F8BD2046FFF7CAFEA16829224FF02033C2
:100F70008020696285F8422054214622C5F84B3012
:100F800085F840004120C5F84730C5F84E300223AF
:100F900085F85220332285F85410322185F85520E7
:100FA00085F8530085F85610EB62E069324B334AFE
:100FB0002B630368C5F843205B6A626A216998471E
:100FC0000028CCD0E069216903680631626A5B6A57
:100FD00098470028C3D04FF400720021606A09F0DE
:100FE0005DFDE069264A0368C5F8FC2121695B6A5A
:100FF0000231626A98470028B1D0E069216903682C
:101000000831626A5B6A98470028A8D04FF0FF3326
:10101000E0691C4AC5E97A331B4B2A60C5F8E43104
:1010200003682169626A5B6A01319847002896D09B
:10103000E06921690368626A07315B6A98470028A2
:101040008DD0A268204694F82B30202103EB420279
:10105000BDE8F840FFF7C2BD206A00283FF47FAF2B
:101060000368132209495B6898470020F8BD5F00B8
:1010700056E700BF0004FB000100060087D61200FF
:10108000000055AA5252614172724161EC13002076
:1010900038B504460D68C16108466262EA69236298
:1010A000904700F2FF736061DB0A062B236024D9AE
:1010B000102B13D80223B0F5800F84F82B30204674
:1010C0002ED2FFF775FE0546206A05B320B10368EE
:1010D0000D2219495B689847284638BD202B23D933
:1010E000402B23D9802B23D9B3F5806F22D9B3F5B8
:1010F000004F8CBF80234023DDE7206A20B10368C6
:1011000014220E495B6898470025284638BD002800
:10111000FAD003680F220A495B689847284638BD11
:10112000FFF7D4FE0546CFE70423C4E70823C2E750
:101130001023C0E72023BEE7CC130020B413002007
:10114000DC130020042A04D801EB4202B2F80100AB
:1011500070470A2A03D801EB4202908870470C2A94
:1011600003D801EB4201C88870470020704700BFD8
:10117000F8B504780E467CB114F06004174607D029
:10118000012A09D92F22002301200A704B70F8BDD3
:101190002146FEF76DFA18B9002318463370F8BDE2
:1011A0000346A446082111E0027B114203D00EF150
:1011B000200E5FFA8EFE651CBD42EDD20CF1010CD3
:1011C00006F804E0ECB2BCF10C0F10D0BCF1080F33
:1011D00011D013F801EBAEF14102192AE4D9BEF1A6
:1011E000200FE8D10CF1010CBCF10C0FEED1002363
:1011F00020463355F8BD1A78202AF8D010214FF038
:101200002E0ED8E72DE9F04F00248BB003788946E5
:101210000194002B55D0C3780646002B58D00146C8
:1012200001A89046FEF70CFC00284AD0F078002870
:1012300043D008F1FF38CB464FF0010AC844B188CB
:1012400001A8A1EB0A0189B24901FEF745FEC0B32E
:10125000002101A8FEF728FD98B3C37A0F2B30D1E7
:1012600003785FFA8AF103F01F038B4229D1471CF0
:101270000025042DEBB23FD83B8874BB03F5205109
:1012800089B2B1F5006F3ED3A3B118465946424624
:1012900002F070FC8346A0B10024013502370D2D09
:1012A000E7D10AF1010AF1785FFA8AF31FFA8AFAA4
:1012B0009942C4D2ABEB0900D946002389F800302B
:1012C00003E00023184689F800300BB0BDE8F08F2A
:1012D000FFF74EFF0BB0BDE8F08F03F5105189B258
:1012E000B1F5806FEDD20A4AC3F3090302EA842004
:1012F000184300F58030C9E70A2B94BFB7F80330D4
:10130000B7F80530B9E7B1F5806FDAD21C46C4E70B
:1013100000FC0F00FFF776BF2DE9F843DDE90887F1
:10132000C3B181460C4615465E1802E0C047B44280
:1013300010D0D9F8003021462A4648461B69984704
:1013400003463A46204629460134002BEED1184682
:10135000BDE8F88301231846BDE8F88310B414688B
:10136000B4F5807FA44628BF4FF4807C01EB4C008D
:10137000814207D231F8023B13B9536801335360FD
:101380008842F7D8A4EB0C0414605DF8044B704756
:1013900010B41468802CA44628BF4FF0800C01EBD9
:1013A0008C00814207D251F8043B13B953680133D2
:1013B00053608842F7D8A4EB0C0414605DF8044B2A
:1013C000704700BF2DE9F843C37904460D46174620
:1013D000202B59D0102B30D00C2B51D1027AC1F3D5
:1013E0004E01836900F50E7911FA85F1A2F102022E
:1013F00048468EB2B2FA82F2C1F34621520901EB9D
:1014000003085200414602F017FB002838D0C6F30B
:101410000806731C865DB3F5007F23D0184403785B
:10142000EA07E26946EA03234CBF1B09C3F30B0337
:101430009A4240D20020BDE8F883027AC1F3072126
:10144000836900F50E70A2F102021944B2FA82F229
:101450005209520002F0F0FA90B16D0005F4FF75E8
:10146000435B25E0227A08F101014846A2F102021D
:10147000B2FA82F25209520002F0DEFA0028CED10E
:101480004FF0FF30BDE8F883027A816900F50E70F5
:10149000A2F1020201EBD511B2FA82F25209520016
:1014A00002F0CAFA0028EBD0AD0005F4FE754359EE
:1014B000E2699A42BED301203B60BDE8F88300BFD9
:1014C0002DE9F843C37905460C461646202B48D033
:1014D000102B2DD00C2B41D1C1F34E01836900F5A7
:1014E0000E7911FA84F11FFA81F8C1F34621CF1861
:1014F000037A4846022B394614BF0122032202F028
:101500009BFA58B314F00104C8F308033FD0C25C3F
:1015100002F00F0242EA0612C2540133B3F5007F13
:101520003AD0C6F30712034401201A70BDE8F883CD
:10153000027AC1F30721836900F50E70022A19446B
:1015400014BF0122032202F077FA034630B164008F
:10155000012004F4FF741E53BDE8F8830020BDE8A9
:10156000F883037A816900F50E70022B01EBD41128
:1015700014BF0122032202F05FFA03460028EDD0D7
:10158000A400012004F4FE741E51BDE8F883C65483
:101590000133B3F5007F15D12B7A791C4846022B15
:1015A00014BF0122032202F047FA03460028D5D0D7
:1015B000C6F30712002CB7D1197821F00F0141EAC8
:1015C0001212B1E7C6F307120344F5E72DE9F04123
:1015D000C46882B005460E468C42904640D301272F
:1015E0000134EB6901AA2846A34205D29FBBEC68EF
:1015F00001273C44A3422ED3A64218BF012C21460A
:1016000029D9FFF7DFFE002825DBE9D0019B002B5D
:10161000E6D107B1EC60EB69A3421CD36FF07042D6
:1016200021462846FFF74CFF0746A0B13EB96B6A3A
:10163000002B01DB013B6B62C8F800400CE0012E7F
:1016400009D0EB699E4206D8314622462846FFF76C
:1016500037FF0028EBD10027384602B0BDE8F08103
:101660000C460027BCE700BF01290CD910B4C4699F
:101670008C4203D35DF8044BFFF7A4BE4FF0FF305C
:101680005DF8044B70474FF0FF30704770B505466A
:1016900082B00C461DE0EB699C421FD8FFF792FE1A
:1016A000064621460022002E284617DBEB699C42A5
:1016B00014D8FFF705FF621E80B16B6A002B03F19F
:1016C0000103A8BF6B62EB68A342019C88BFEA607C
:1016D0002EB1012C214601AA2846DCD8002002B0F8
:1016E00070BD00BF2DE9F0470646406A84B000286F
:1016F0001BDAF2790C2A1BD1F7697B1C022B40F212
:10170000CD8002240025214602AA3046FFF75AFE6A
:10171000002804F1010306DB57D1A7421C465CD028
:10172000F2699342EFD94FF0FF3004B0BDE8F08783
:10173000F169002096F8383201313469DB07CDE9D0
:10174000021000F1858000214FF0FF33202A06F5BA
:10175000127786F83812C6F8443242D0D6F80080A4
:101760004F4BD8F80020D6F818A095699D4278D143
:10177000002C00F082800AEB0409136951463A46B6
:10178000404698470028CED00299B1F5807F8E461A
:1017900028BF4FF4807E07EB4E0CBC450BD9039D50
:1017A0003B46002233F8024B0CB9013502469C45FA
:1017B000F8D802B103950AF1010AA1EB0E01D14557
:1017C00002915AD0D8F80020D7E7029A002AA4D173
:1017D000A74205F101051C46A2D1284604B0BDE888
:1017E000F087D6F800A02E4BDAF80020D6F8189033
:1017F00095699D4246D1002C3FD009EB040813693E
:1018000049463A465046984700288CD0DDF808C033
:10181000BCF1800FE64628BF4FF0800E07EB8E022A
:10182000BA420BD9039D3B46002153F8044B0CB937
:10183000013501469A42F8D801B1039509F1010931
:10184000ACEB0E03C845029317D0DAF80020D6E7B8
:1018500006F50E7002F0C4F800283FF464AFF27988
:1018600071E7234602AC3A465146019440460D4C7E
:101870000094A84700283FF456AF0398706204B064
:10188000BDE8F087234602AC3A46494601945046EB
:10189000054C0094A8470028EFD144E7002044E716
:1018A000C1F1000005F2000039F2000070B500231C
:1018B0000446154601204FF0FF3204F1280621604E
:1018C000E371E060E162C4F83C1284F8283084F8E7
:1018D00038326263C4F84422CDB1042D01D900200E
:1018E00070BD1A461946304602F0A6F86FF07043F4
:1018F00000F5DF722B441D0102EB03130028EED02C
:1019000019790029EBD0525D5206E8D19D6800227A
:101910002946304602F090F80028E0D0B0F80B30AD
:10192000B3F5007FDBD1037C5A1E2372012AD6D87F
:10193000417B4B1E0129217163714FF00003A3719C
:1019400044D0012252000133D2B2DBB2914204D022
:10195000082BF7D10020A37170BD1E46A371C18A68
:10196000216109B9416A2161C289B0F811302A4464
:1019700063815B01A26190F810C003F2FF1301FBC9
:101980000C2202EB53232262B0F81320636102B9E8
:10199000026AED1AAB18F3405A1CE2614FF0FF32B5
:1019A000626240F6F47293420CD94FF6F47293429D
:1019B0000AD9C26A202322620120E3712163C4F89C
:1019C000401270BD0C23F7E71023F5E71E46C6E76B
:1019D0004FF0FF30704700BF407C7047007D70477C
:1019E000407D704701207047007F70472DE9F04728
:1019F0001E46C37C05460C46022B9146089F28D004
:101A00002B68214628461B6E984798B1AC61B9F106
:101A1000000F12D004EB090801E0A0450DD03946B3
:101A20002046B0472B6801462846DB6D01349847B5
:101A30000028F2D10020BDE8F087AB69287F4B4435
:101A4000AB610028F7D12B6828465B6EBDE8F047F4
:101A5000184783698B42D3D1D9E700BF704700BFD5
:101A6000043001F08FBF00BF10B50446202103F001
:101A700059FD204610BD00BF2DE9F0411F46C37C33
:101A800005460E46022B144624D02B6831462846C4
:101A90001B6E984778B1AE6187B1002601E0B7426E
:101AA0000CD02A68214628460136D26D04F5007410
:101AB00090470028F3D10020BDE8F081AB69287F72
:101AC0003B44AB610028F7D12B6828465B6EBDE82C
:101AD000F041184783698B42D7D1DDE72DE9F0410A
:101AE000204E074600F10408356805F51675ADB2BD
:101AF00003E03368EB1A1B0410D4404601F046FFA4
:101B0000FF280446F5D1FD21404601F059FFBB7C7A
:101B1000CBB900230120FB74BDE8F0811E23B87C03
:101B20007B740028F8D0387C012101F0F7FEFF21FA
:101B3000404601F045FF404601F0FCFE00231846F8
:101B4000BB74BDE8F0810121387C01F0E7FE21463D
:101B5000404601F035FF404601F0ECFE0023BB7427
:101B6000D7E700BF9CD000202DE9F041C37C012BBA
:101B700035D0867C04464EB1043001F007FFB0F149
:101B8000FF0518BF01252846BDE8F081071D4FF06D
:101B90000108384601F0C4FE3146207C01F0BEFE4B
:101BA000FF21384601F00CFF384684F8128001F01E
:101BB000EDFEA37CB0F1FF0518BF0125002BE2D09C
:101BC0004146207C01F0AAFEFF21384601F0F8FED4
:101BD000384601F0AFFE2846A674BDE8F081002526
:101BE0002846BDE8F08100BF2DE9F843204F0446A8
:101BF000884691463D68061D05F59675ADB203E031
:101C00003B68EB1A1B040DD4304601F0BFFEFF28E1
:101C10002075F5D0FE281AD01823A07C637430B943
:101C2000BDE8F8831D23A07C63740028F8D0207CD5
:101C3000012101F073FEFF21304601F0C1FE304664
:101C400001F078FE00231846A374BDE8F8834A46E5
:101C50004146304601F0A6FE207538B9304601F005
:101C600095FE304601F092FE0120D9E72523D4E706
:101C70009CD00020F0B5002783B00C2104463A46E2
:101C8000C77400F05BF8B0B9A67C1EB901263046D7
:101C900003B0F0BD05460121207C01F03FFE201D70
:101CA000FF21019001F08CFE019801F043FE3046C7
:101CB000A57403B0F0BD0923A67C6374002EE6D0A2
:101CC000251D207C01213E4601F028FEFF212846EB
:101CD00001F076FE284601F02DFE3046A77403B0D1
:101CE000F0BD00BFC27C022A03D0012A04D001202B
:101CF000704703685B6E1847FFF7BCBF38B50368D1
:101D00000D460D4904461A6A8A420CD1C27C022A49
:101D100004D0012A0BD00120257738BD5B6E98478F
:101D20000028F8D138BD90470028FBD0F3E7FFF733
:101D3000A1FF0028F6D0EEE78DFB00002DE9F04171
:101D4000036882B00F463549019206461A6A8A42F4
:101D50005ED1C27C022A41D0012A5BD0B47C002C27
:101D600047D0351D0C2F11D0DFF8B480D8F80040D3
:101D700004F59674A4B204E0D8F80030E31A1A040B
:101D800034D4284601F002FEFF28F5D10DF10408F5
:101D900002AC47F04001284601F012FE14F8011D84
:101DA000284601F00DFEA045F8D1002F28464FF03F
:101DB0000A040CBF9521872101F002FE284601F09C
:101DC000E5FD2846013C01F0E1FD0306A4B23075B3
:101DD00001D5002CF5D102B0BDE8F0815B6E9847CB
:101DE0000028BBD1FF2002B0BDE8F081002FCDD08C
:101DF000F8E7351D284601F093FD2146307C01F0BF
:101E00008DFDFF21284601F0DBFD0123B374A9E716
:101E10009047E5E7FFF72EFFE2E700BF8DFB0000EC
:101E20009CD00020F8B500220D463A210646FFF767
:101E300085FFE0B9371D2C1D384601F0A7FD04F8D9
:101E4000010DA542F8D1B47C14B901242046F8BD97
:101E5000307C012101F062FDFF21384601F0B0FD28
:101E6000384601F067FD00232046B374F8BD122305
:101E7000B47C7374002CE9D0341D307C012101F056
:101E80004DFDFF21204601F09BFD204601F052FD53
:101E900000231C46B3742046F8BD00BF70B516463B
:101EA00082B000220446FFF749FFB0B11B236374E0
:101EB000A07C08B902B070BD251D207C012101F075
:101EC0002DFDFF21284601F07BFD284601F032FD63
:101ED00000231846A37402B070BD05461022314697
:101EE0002046FFF781FE0028E2D0A67C002EE1D03C
:101EF000207C012101F012FD201DFF21019001F045
:101F00005FFD019801F016FD3046A57402B070BD6A
:101F10000368254ADB6C934200B585B00FD16A4651
:101F20000921FFF7BBFF38B19DF8003013F0C00363
:101F300008D0402B27D0002005B05DF804FB69468F
:101F40009847F0E79DF809309DF80A2003F0030355
:101F50009DF806109DF807005B0001F0030180006A
:101F60009DF808C043EAD2139DF8052040EA81207D
:101F700002F00F0240EA9C1013440130073B9840E6
:101F800005B05DF804FB9DF809009DF807300130AD
:101F90009DF8082003F03F0300EB034000EB022014
:101FA000800205B05DF804FB7501010003680A4674
:101FB00030B59B6D83B0164D0446AB4224D1407DB5
:101FC00003284FF01201204618BF5202FFF7B6FE59
:101FD00020B901231846E37403B030BD0C23A07C64
:101FE00063740028F8D0251D207C012101F096FCA7
:101FF000FF21284601F0E4FC284601F09BFC002369
:102000001846A37403B030BD01919847019AD7E7F1
:1020100089F80000F8B51446C27C06460D46012A30
:102020001F4602D183698B4205D029463046FFF70F
:10203000BDFF80B1B56187B1002501E0AF420CD092
:1020400021464FF400723046013504F50074FFF765
:10205000CBFD0028F2D10020F8BDB369307F3B44AE
:10206000B3610028F8D13046BDE8F840FFF702BE62
:102070002DE9F84F9B46C37C06460C46012B1546BE
:10208000DDF82890DDF82C8002D183698B4205D0E1
:1020900021463046FFF78AFFB0B1B461BBF1000FB3
:1020A00015D004EB0B0A02E0C847A2450FD04FF44D
:1020B000007229463046FFF797FD07464246204604
:1020C00029460134002FEFD10020BDE8F88FB36915
:1020D000307F5B44B3610028F7D13046BDE8F84F4C
:1020E000FFF7C8BD03682DE9F0415F69164B9F42B9
:1020F0001FD1C37C04460D461646012B02D18369CD
:10210000994205D029462046FFF750FF70B1A561DE
:102110004FF4007231462046FFF766FD30B1A369E7
:10212000207F0133A36148B1BDE8F0810020BDE804
:10213000F081BC460123BDE8F04160472046BDE880
:10214000F041FFF797BD00BFBDFE000003680A46DF
:1021500030B59B6D83B0164D0446AB4224D1407D13
:1021600003284FF01901204618BF5202FFF7E6FD81
:1021700020B902230120E37403B030BD0E23A07CFC
:1021800063740028F8D0251D207C012101F0C6FBD6
:10219000FF21284601F014FC284601F0CBFB002368
:1021A0001846A37403B030BD01919847019AD7E750
:1021B00089F8000003682DE9F043DB6C1746414ABB
:1021C00085B004460E46934245D16A460921FFF781
:1021D00065FE0546B5B19DF80A305A0618D5637DEF
:1021E000032B01D076027F02324620212046FFF7E2
:1021F000A5FD28B93A4621212046FFF79FFD70B37F
:1022000026236374A57C9DB9284605B0BDE8F083FC
:1022100003F03F039DF80B205B0043EAD2137A1CC6
:1022200032431342DBD02723A57C6374002DEBD00F
:10223000251D207C012101F071FBFF21284601F0C2
:10224000BFFB284601F076FB00231D46A3742846F9
:1022500005B0BDE8F083694698470546BAE70246EF
:1022600026212046FFF76AFD0028C9D1DFF85880F3
:1022700042F2107704F10409D8F800301F44BFB2CD
:1022800004E0D8F80030FB1A1B0417D4484601F0CC
:102290007DFBFF280646F4D1A37C002BB4D001219E
:1022A000207C1D4601F03AFB3146484601F088FB90
:1022B000484601F03FFB0023A374A5E7282363747D
:1022C000A0E700BF750101009CD0002070B500227E
:1022D00082B00E4609210446FFF730FDB0B11B2342
:1022E0006374A07C08B902B070BD251D207C01215B
:1022F00001F014FBFF21284601F062FB284601F0A3
:1023000019FB00231846A37402B070BD05461022C5
:1023100031462046FFF768FC0028E2D0A67C002E5C
:10232000E1D0207C012101F0F9FA201DFF2101906C
:1023300001F046FB019801F0FDFA3046A57402B0A9
:1023400070BD00BF70B5002282B00E460A2104465F
:10235000FFF7F4FCB0B11B236374A07C08B902B092
:1023600070BD251D207C012101F0D8FAFF212846EF
:1023700001F026FB284601F0DDFA00231846A3747D
:1023800002B070BD0546102231462046FFF72CFCF6
:102390000028E2D0A67C002EE1D0207C012101F0B3
:1023A000BDFA201DFF21019001F00AFB019801F008
:1023B000C1FA3046A57402B070BD00BF70B5051DEE
:1023C00016460446284601F0FBFA4FF400723146E7
:1023D000284601F0FFFAFF21284601F0F1FAFF211B
:1023E000284601F0EDFA284601F0D0FA00F01F036C
:1023F0002075052B04D02023A07C637410B970BD18
:10240000012070BD207C012101F088FAFF212846BF
:1024100001F0D6FA284601F08DFA00231846A3747D
:1024200070BD00BF2DE9F041174D06460F4600F183
:1024300004082C6804F51674A4B203E02B68E31AB0
:102440001B040CD4404601F0A1FAFF28F6D13A460D
:10245000FC213046FFF7B2FF18B1BDE8F08124231C
:102460007374B07C0028F8D0307C012101F056FA5A
:10247000FF21404601F0A4FA404601F05BFA002338
:102480001846B374BDE8F0819CD00020036870B595
:102490009B6D1646224A82B004460D4693423CD1BB
:1024A000407D03284FF01801204618BF6D022A46D0
:1024B000FFF744FC0546B0B10D236374A07C08B956
:1024C00002B070BD251D207C012101F027FAFF21FB
:1024D000284601F075FA284601F02CFA0023184628
:1024E000A37402B070BD3246FE212046FFF766FF9E
:1024F0000028E3D0A67C002EE2D0207C012101F050
:102500000DFA201DFF21019001F05AFA019801F007
:1025100011FA3046A57402B070BD9847C1E700BFFC
:1025200089F8000010B4047F34B104680123A46A60
:10253000A4465DF8044B60475DF8044BFFF7A6BF67
:10254000002070470020704700207047704700BF90
:10255000084B0021084A094810B499631C6B1460A9
:1025600012685DF8044B1A639A6C22F081029A6437
:102570000170704700002C4020C00020D6D0002001
:10258000034B586A80F08070C0F30060704700BF52
:1025900000002C40014B1878704700BFD6D00020B7
:1025A0002B4A2C4B526AD3F800312B49C2F3C2227A
:1025B00003F03F03013270B5284C4FF47A75A4FB49
:1025C000034305FB00F09B08B1FBF3FEBEFBF2FEEC
:1025D000B0EB1E1F35D201231E465B001A01BEFB65
:1025E000F2F2824201D9FF2BF6D9BEFBF3F236029A
:1025F00090422AD24FEA430C012200E0A44615463D
:1026000003EB0C040132BEFBFCF1814217D9102A06
:10261000F4D1F0254FF47A731149124A03FB0CFCF4
:10262000BEFBFCF30B60104BD16A0B402B433343D2
:1026300043F46023D362536A1B07FCD570BD2D01A0
:10264000E8E7724600260123D2E79C460025E1E731
:1026500000C00F4000800D4000EC695EABAAAAAA42
:10266000DCB0002000002C400F00F0FF014B187878
:10267000704700BF2CA90020014B1868704700BFAD
:1026800020C0002010B4074C8C460FCCCCF80000C2
:102690000120CCF80410CCF80820CCF80C305DF800
:1026A000044B7047E4B2002010B4074C8C460FCCAA
:1026B000CCF800000120CCF80410CCF80820CCF8AD
:1026C0000C305DF8044B7047F4B20020024B01203F
:1026D0001B680B60704700BF04B30020704700BF49
:1026E00010B504460C2102F01DFF204610BD00BFAE
:1026F000044B1B7823B1044B18780230C0B27047EA
:1027000001207047C5D00020CBD00020184B1A788C
:1027100012F0C0020FD0402A01D000207047587A32
:10272000DA79197A013002F03F0300EB034000EB45
:102730000120800270475A7A9979D87902F0030211
:1027400093F808C001F003018000520040EA8120A4
:1027500000B593F80AE040EA9C105B7942EADE1289
:10276000013003F00F031344073B98405DF804FB6E
:10277000F4B20020404A0520404938B5D2F8004163
:102780003F4B44F080043F4DC2F80041D2F8004175
:1027900024F03F04C2F80041D2F8004144F018048C
:1027A000C2F80041D2F8004124F08004C2F8004190
:1027B000D3F8802042F00C02C3F880205A6A22F439
:1027C00060525A62DA6942F48032DA615A6A42F43B
:1027D00000625A62C1F8CC01C1F8D001C1F8BC0155
:1027E000C1F8C001C1F8C401C1F8C801AA6C264BE8
:1027F00042F00042AA64EA6A1343EB62EC6A14F006
:102800008074FBD14FF4C870FFF7CAFE1B4B47F230
:10281000B80241F2B801C3F8CC411C48C3F8D0411A
:10282000C3F8BC41C3F8C041C3F8C441C3F8C841B0
:10283000C3F8BC23C3F8C023C3F8AC23C3F8B01358
:10284000C3F8B4231249C3F8B823124B6863C1F824
:10285000F8314FF0E0234FF480420F49602081F8B7
:102860006E00C3F80C21EB6A064A43F00063EB628A
:10287000D36A1B01FCD438BD00800D4000801F408E
:1028800000C00F4000002C40008000010B007F11B1
:1028900000AC0020F903010000E400E02DE9F04164
:1028A00002F0FAFB174E184D0746DFF8748004E07B
:1028B00002F0F2FBC01B40451BD8346B2C40F7D014
:1028C000124A0021124B1170326B1A601968114ABA
:1028D00031631B68134209D00F491F240F4B40F28C
:1028E0007A2200200C701A60BDE8F0810120BDE85A
:1028F000F081064A064B1470326B1A601B68336312
:10290000EAE700BF00002C4002007F11CDD000207C
:1029100020C0002000007F112CA90020C0B10020A1
:1029200040420F002DE9F843264C0F462378002B38
:1029300038D1254B5A6AD2052BD5234DDFF8948028
:10294000AB6A43F48033AB6202F0A6FB064604E0B8
:1029500002F0A2FB801B40452AD86B6A13F4806901
:10296000F6D007F13C0C184807F50F77436A5B0572
:10297000FCD5ACF1400353F8042F9C450262FAD118
:102980000CF1400CBC45F1D1012318462370BDE881
:10299000F8839A6A22F480329A629A6A42F4003288
:1029A0009A62CAE7FFF77AFF0028C2D1BDE8F88330
:1029B00006492124064B4FF47E7248460C701A607B
:1029C000BDE8F883CDD0002000002C402CA90020C9
:1029D000C0B1002040420F002DE9F0410746884673
:1029E0001F4C02F059FB1F4E054604E002F054FB59
:1029F000431BB34224D8636AD907F7D4BB02C4F897
:102A0000088020D427F0FF03154C174EE36002F036
:102A100043FB144F054604E002F03EFB401BB84266
:102A20000ED8236B3342F7D0226B104B1A601A6812
:102A300022631A68D20703D51B6813F4702F0BD0DA
:102A40000020BDE8F081A26CFBB222F0FF02A2647C
:102A5000A26C1343A364D5E70120BDE8F08100BF59
:102A600000002C4040420F0001000F0020C0002059
:102A7000154B30B50D4685B01968FFF7ADFF08B3AB
:102A8000124B05F10F041A69009259690191996975
:102A90000291DB690393002301E05EF8102C03F040
:102AA000030C01334FEACC0C23F0030E0F2B22FA58
:102AB0000CF20EF1100104F8012D0DEB010EECD11A
:102AC0000023EB7305B030BD08B3002000002C409C
:102AD00010B5037ADB0705D5154B1B68B3B1BDE80C
:102AE00010401847134B1B783BB9134B5C6A84F0BA
:102AF0008074C4F30064204610BD0F4B0F4C1B6B59
:102B00001C40B4FA84F46409204610BD0C4B1C78B8
:102B1000002CF0D00B4B0C481968FFF75DFF002824
:102B2000E9D0054B1C6984F48074C4F30024E2E707
:102B30001CC00020CDD0002000002C4002007F11DE
:102B4000C4D0002008B3002000001A0D08B5044BC3
:102B500004481968FFF740FF08B1034B186908BD26
:102B600008B3002000001A0D00002C4008B5074BE8
:102B700007481968FFF730FF30B1064B186980F439
:102B80008070C0F3002008BD012008BD08B30020FC
:102B900000001A0D00002C402DE9F047294B894612
:102BA000DFF8C0A0284ECAF8003002F075FA274DB1
:102BB0000446DFF8B480264F06E002F06DFA001BF1
:102BC000B84229D803F052FF31682846FFF704FFC6
:102BD0000028F2D0D8F81030DB05EED500234FF4F2
:102BE0000072CAF80030D8F8283023F48033C8F8CF
:102BF0002830184BC8F804201B78CBB1494616483A
:102C0000FFF7EAFE30B915490E24154B40F2574242
:102C10000C701A60BDE8F087104A0A210020104BA2
:102C2000117040F24B42CAF800001A60BDE8F0870C
:102C30004FEA492908484946FFF7CEFE0028E9D166
:102C4000E1E700BF150A010008B3002000001A0DDB
:102C500040420F00CBD0002020003A192CA90020C0
:102C6000C0B100201CC0002000002C402DE9F04124
:102C7000254C00212548A36A23F48033A362FFF783
:102C8000ABFE054648B922490920224B40F23D22BD
:102C900008701A602846BDE8F0811F4BDFF880807D
:102CA000C8F8003002F0F8F9636A0646D80118D473
:102CB0001A4F04E003F0DAFE636AD90111D402F07E
:102CC000EBF9831BBB42F5D9114A0A210025114BB0
:102CD00011704FF410722846C8F800501A60BDE811
:102CE000F0810022084BC8F800205A6A9207D1D51B
:102CF000586B9A6AD96A22F4803241F08061D962B5
:102D000058639A62C6E700BF00002C400000DB0C4D
:102D10002CA90020C0B100202904010040420F006E
:102D20001CC000202DE9F04782468946364E02F04D
:102D3000B3F9364D0446DFF80081354F04E002F068
:102D4000ABF9031BBB4227D831682846FFF744FE86
:102D50000028F4D0D8F81030DA05F0D501232D4D35
:102D60002D4F51462B7000232C483B602C4BC8F84C
:102D70000090C8F804302B4BC8F83830FFF72CFE11
:102D80000446A0B928490420284B40F29F1208703D
:102D900020461A60BDE8F08723490A20234B4FF4F0
:102DA000CC72002408701A602046BDE8F087204BE2
:102DB000DFF88890C9F8003002F06EF92B780646EB
:102DC000BBB1DFF84C8003E003F050FE2B7883B1F9
:102DD00002F062F9831B4345F6D90023C9F800309D
:102DE00011492520114B4FF4D172002408701A604C
:102DF000DAE73B6800229B07C9F80020F0D53A6863
:102E00000C4B1A42D0D0EBE708B3002000001A0D9B
:102E100040420F00D6D0002020C0002011003A060A
:102E20004000010002007F112CA90020C0B1002049
:102E30003D04010000007F1100002C401CC0002058
:102E40002DE9F041324D1446AB7A13F0400012D117
:102E500003F03F03EA7A5B0043EAD213621C0A43A1
:102E6000134208D02B4927242B4B40F202320C701E
:102E70001A60BDE8F081294B1B780BB94902640246
:102E80002748FFF7A9FD40B922490F24224B40F201
:102E90000A320C701A60BDE8F08121462148FFF724
:102EA0009BFD40B91B4910241B4B40F20D320C70A6
:102EB0001A60BDE8F08100211B48FFF78DFD38B98D
:102EC00014491124144B4FF444720C701A60E2E759
:102ED00002F0E2F8154E164D0446DFF85C80154FFF
:102EE00031682846FFF778FD18B1D8F81030DB05B7
:102EF000D1D402F0D1F8001BB842F1D905492824F9
:102F0000054B40F2133200200C701A60C3E700BF7B
:102F1000F4B200202CA90020C0B10020CBD00020AA
:102F200000001A2000001A2100001B2608B3002010
:102F300000001A0D40420F0000002C402DE9F04F18
:102F400012F0030483B018BF012401900093002BFA
:102F500008BF44F001045CB140492520404B40F2D9
:102F6000F512002408701A60204603B0BDE8F08F07
:102F70003C4B15463C4A0E46DFF80C91136002F0BC
:102F80008BF8DFF808810746DFF804B1DFF8F0A01E
:102F900006E002F081F8C01B504544D803F066FDFE
:102FA000D9F800104046FFF717FD0028F1D0DBF8F4
:102FB0001030DA05EDD5009A2C4B2B4903EA024379
:102FC00000222B4F0A6043F400730121DFF8C48014
:102FD0003970C8F80020CBF80050CBF80430254BEE
:102FE000CBF83830244B1B7843B331460198FFF7B8
:102FF000F3FC81460028B7D0204B1B4A136002F037
:103000004BF83B780546DBB11D4E03E003F02EFD87
:103010003B78ABB102F040F8401BB042F6D9002338
:10302000114A1360A0E70D4B0A2200210E481A70C6
:103030004FF4FC720A4B01601A6095E77602D4E700
:103040000023094A1360D8F800309B078CD5D8F8C4
:1030500000200C4B1A4208BF4C4685E72CA90020E3
:10306000C0B10020150A01001CC000200000FF1F95
:10307000D6D0002002007F11CBD000203D040100FB
:1030800040420F0000007F1108B3002000001A0D1D
:1030900000002C4020C00020F8B50646007A0C46FF
:1030A0001546C0071F4613D483B10F4401E0BC424C
:1030B0000CD033682A46214630461B69013405F599
:1030C000007598470028F2D10020F8BD0120F8BD16
:1030D000900712D0002BF9D00F4401E0BC42F5D08C
:1030E00033682A46214630461B69013405F50075D0
:1030F00098470028F2D10020E7E70648FFF71EFFB7
:103100000028E3D104490C24044B40F2A1320C7096
:103110001A60F8BD37003A122CA90020C0B1002077
:10312000F8B50646007A0C461546C0071F4613D46C
:1031300083B10F4401E0BC420CD033682A462146DB
:1031400030465B6A013405F5007598470028F2D1D6
:103150000020F8BD0120F8BD900712D0002BF9D057
:103160000F4401E0BC42F5D033682A462146304680
:103170005B6A013405F5007598470028F2D10020FC
:10318000E7E70648FFF7DAFE0028E3D104490E24FA
:10319000044B40F23D420C701A60F8BD27003A190A
:1031A0002CA90020C0B100202DE9F04F0025DFF848
:1031B000C0929B4C91B0DFF8BC829A4E017245726E
:1031C00089F80050257088F800503570FFF7D2FA62
:1031D00029462846FFF700FC50B90121924B40F2E6
:1031E0008E22054621701A60284611B0BDE8F08F86
:1031F00003258E4F4FF4D5713846FFF7EDFB0028BD
:103200004ED1013DF6D13378002B3DD0DFF868B2C6
:1032100001F042FF864E0546DFF860A2854F00218F
:103220003046FFF7D9FB50B9002517217E4B4FF4EC
:103230002A72284621701A6011B0BDE8F08F5946F5
:103240005046FFF7C9FB0028EED001F025FF401BD8
:10325000794BB842E8D81A69002AE0DA1969774A46
:1032600011601B695A0002D5012388F80030002143
:103270007348FFF7B1FB054610BB02216A4B40F2D1
:10328000B12221701A60AFE7FFF774FA2946284689
:10329000FFF7A2FB3378002BB8D14FF4401BB7E700
:1032A000654B1B69B3F5D57F07D006215E4B4FF404
:1032B0002572002521701A6096E701233370A5E777
:1032C00000216048FFF788FB054630B90321564BC3
:1032D0004FF42D7221701A6086E7574E5A4B3269AF
:1032E0005A4F13405A495B483B60FFF7C1FB054604
:1032F00030B907214C4B40F2B92221701A6073E7B4
:1033000055495648FFF7B4FB054630B90821464BEE
:103310004FF42F7221701A6066E739685048FFF742
:103320005BFB054630B905213F4B40F2BF222170BF
:103330001A6059E739683E48FFF74EFB38B9142147
:10334000394B40F2C322002521701A604CE702215C
:103350004448FFF741FB05460028F0D0B36A6946B0
:103360006FF07F4023F00603B362B36A43F00203B9
:10337000B3624FF010137364FFF7D4FC9DF80D3067
:103380009B0743D5002841D0274E6946364894F81C
:1033900000803768FFF7C6FC9DF8103003F00F037C
:1033A000012B36D1A8B34CF25030304C0523C4F871
:1033B000CC31C4F8D031C4F8BC31C4F8C031C4F841
:1033C000C431C4F8C831FFF7EBF8002347F2B80264
:1033D000C4F8CC31C4F8D031C4F8BC31C4F8C03121
:1033E000C4F8C431C4F8C83141F2B803C4F8BC23EE
:1033F000C4F8C023C4F8AC23C4F8B0330123C4F824
:10340000B423C4F8B82389F80030EDE646F2A810DA
:10341000CBE746F2A81084F800803760C5E700BF0C
:103420002CA90020C5D00020C0B1002000001A083F
:1034300000001A3740420F0000002C4004B3002067
:103440000000090200001A030000FFFF08B300207B
:10345000F4B2002000000909E4B200200000090ACB
:1034600000001B0700001A06F1FFFF8000801F40CC
:10347000C4D00020CBD00020000030400000022942
:10348000374B5A6A92052DE9F0410F460DD49A6ADE
:1034900022F480329A6272B69A6A42F400329A62D8
:1034A0009A6A42F480329A6262B601F0F5FD2C4EBF
:1034B000DFF8C480054604E001F0EEFD431B434500
:1034C00037D8746A14F40064F6D007F13C0C244831
:1034D00007F50F77436A1B05FCD5ACF14003026A80
:1034E00043F8042F9C45FAD10CF1400C6745F1D10B
:1034F00001F0D2FD1A4F1B4D0646DFF87C8004E038
:1035000001F0CAFD831B43451DD83C6B2C40F7D00E
:103510003B6B154A136013683B63136813F0020397
:103520001BD01268114B1A420CBF01200020BDE8CD
:10353000F0810F491A250F4B40F2563220460D708C
:103540001A60BDE8F0810A491D250A4B40F261323C
:1035500020460D701A60BDE8F0811846BDE8F08184
:1035600000002C4002007F1120C0002000007F11CD
:103570002CA90020C0B1002040420F002DE9F047E7
:10358000294B8946DFF8C0A0284ECAF8003001F068
:1035900083FD274D0446DFF8B480264F06E001F096
:1035A0007BFD001BB84229D803F060FA3168284639
:1035B000FFF712FA0028F2D0D8F81030DB05EED56C
:1035C00000234FF40072CAF80030D8F8283043F4D2
:1035D0008033C8F82830184BC8F804201B78CBB1CA
:1035E00049461648FFF7F8F930B915490C24154B30
:1035F00040F2BD320C701A60BDE8F087104A0A2113
:103600000020104B117040F2B132CAF800001A606D
:10361000BDE8F0874FEA492908484946FFF7DCF939
:103620000028E9D1E1E700BF150A010008B3002036
:1036300000001A0D40420F00CBD0002030003A129B
:103640002CA90020C0B100201CC0002000002C408C
:103650002DE9F04100221D4C0D4642721146A36A2D
:103660001B4823F48033A362FFF7B6F940B9194928
:103670000924194B40F2D3320C701A60BDE8F08176
:10368000002DFBD0154B164E336001F005FD636A2B
:103690000746DA0116D4DFF84C8004E003F0E6F9BF
:1036A000636ADB010ED401F0F7FCC01B4045F5D97D
:1036B000084A0A210020084B117040F2D7323060CE
:1036C0001A60DBE7002328463360D7E700002C4070
:1036D0000000DB0C2CA90020C0B10020290401004F
:1036E0001CC0002040420F000A4B1B7810B5044656
:1036F0001BB9637A43B9012010BDFFF7CFF800284A
:10370000FAD0637A002BF6D020460121BDE81040A4
:10371000FFF79EBFCDD000202DE9F0410446007A8E
:10372000ADF5007D164610F0010513D093073CD08F
:10373000012338486A46FFF701FC00283AD04FF4CD
:1037400000726946304601F04DFE28460DF5007DB9
:10375000BDE8F081DFF8CC800F4698F80030002BF0
:1037600035D1637A012B39D022682B49126A8A42FB
:103770004AD198F80020002A34D1002B39D139469B
:103780002046FFF7FBFEE8B1012367606372314614
:103790002046FFF775FEA8B1636805460133284649
:1037A00063600DF5007DBDE8F08101231948FFF746
:1037B000C5FB38B919490B20194B4FF45D72002530
:1037C00008701A6028460DF5007DBDE8F081FFF70E
:1037D00065F80028F6D0637A012BC5D16268BA4239
:1037E000C2D1D4E7FFF75AF80028EBD0637A002B58
:1037F000C5D001212046FFF72BFF0028BFD1284666
:103800000DF5007DBDE8F081204690470028F6D0F8
:10381000B5E700BF11003A11911501002CA9002055
:10382000C0B10020CDD000202DE9F041047AADF5E3
:10383000007D0F46904614F001041DD012F0030FD6
:1038400006D0684611464FF40072804601F0CAFD6A
:103850000123424639462C48FFF770FB044630B935
:103860002A490D202A4B40F2114208701A60204666
:103870000DF5007DBDE8F081264D06462B782BBB6B
:10388000737A022B29D032682349126A8A4236D1D0
:103890002A7832BB002B2BD13368394630461B6E59
:1038A00098470028E3D0022377607372336841465B
:1038B0003046DB6D98470028D9D073680446013341
:1038C000204673600DF5007DBDE8F081FEF7E6FF50
:1038D0000028CCD0737A022BD5D17268BA42D2D1EB
:1038E000E4E7FEF7DBFF0028C1D0737A002BD3D0CA
:1038F00001213046FFF7ACFE0028B8D0CCE73046B7
:1039000090470028B3D0C7E701003A182CA900203F
:10391000C0B10020CDD000209115010001F0E6BB20
:1039200008B5034653F8040B93E80600EEF7D8FFFA
:1039300008BD00BF0268D37C13B3D80704D5906AD2
:103940004FF0E021C1F80001990704D5D06A4FF08B
:10395000E021C1F80401580704D5106B4FF0E021B5
:10396000C1F80801190704D5506B4FF0E021C1F8E8
:103970000C01DB0604D5926B4FF0E023C3F8102155
:10398000704700BF0068F1F751BD00BF0268FF2318
:1039900012685366D36D13F4F81FFBD0506FC0B29A
:1039A000704700BF4FF0FF0C006808B5134680F861
:1039B0003CC00A460021F1F735FD002008BD00BFDC
:1039C00003681A685166D36D13F4F81FFBD0536F68
:1039D000704700BF134600680022F1F723BD00BF07
:1039E00030B5037883B0DC071DD50446406804F188
:1039F00010020368E16801925B6A9847019A0546E4
:103A0000A8B12378990708D56068D4E90231194430
:103A100003685B6A984750B1237823F00103284676
:103A2000237003B030BD0125284603B030BD00250A
:103A3000284603B030BD00BFF8B543680BB3C36878
:103A400004460F4615468B4206D110F8103B05F090
:103A500003052B432370F8BDFFF7C2FF88B16B0746
:103A600005D504F1100630460023E760EFE76068F3
:103A700004F110063946036832461B69984700284E
:103A8000F1D10020F8BD00BF10B50446808982B096
:103A900018B10023A38102B010BDD4E901318B42DB
:103AA000F9D201AA184600F0B7F880B1019B606016
:103AB000B3F5803F01D298B2EDE7980AC3F309034A
:103AC000A0F52150A3F5105380B2A381E3E74FF690
:103AD000FF70E0E7B1F5807F21D810292ED8402370
:103AE0004FF0200CB2FBF3F1B1F5806F20D203FB55
:103AF000112300B5B2FBFCFEB3FBFCF30CFB1E2252
:103B00004FEA910CDBB201322CF03F0CC9B20370CA
:103B100042EA0C028170D2B242705DF804FB3F238E
:103B20009C46802910D9B1F5FC7F0FD81B01D9E73D
:103B3000FF21FE234170037081707047202916D841
:103B400080234FF0200CCDE7DB00CBE7B1F57C7F85
:103B500004D9B1F5FC6F03D89B01C3E75B01C1E752
:103B6000B1F57C6F94BFDB01C3EB0323BAE72023DD
:103B70009C46D6E77F28A2EB010205D812B10A467F
:103B800002F8010B10467047B0F5006F0FD2012A02
:103B900040D94FEA901C00F03F030A466CF03F000A
:103BA00063F07F0302F8020B10464B707047B0F5CC
:103BB000803F16D2022A2DD9C0F3851C00F03F03A6
:103BC000CA1C63F07F0300B54FEA103E6CF07F0023
:103BD0008B706EF01F0E4870104681F800E05DF8A3
:103BE00004FB032A16D94FEA904CC0F30532C0F308
:103BF000851300F03F0062F07F026CF00F0C63F061
:103C00007F0360F07F004A700A1DC87081F800C011
:103C10008B70B7E70022B5E788423DD2034610B467
:103C200090F900001C7800282DDA04F0E000C0288C
:103C300034D004F0F000E02834D004F0F800F0288C
:103C400026D104F0070404201844884220D8013308
:103C500013F8011B01F0C00C01F03F01BCF1800F13
:103C600041EA841414D18342F2D1A4F180010F4BB4
:103C700099420DD8A4F55843B3F5006F08D31460EA
:103C80005DF8044B7047581C14605DF8044B704796
:103C900000205DF8044B70470020704704F01F04BB
:103CA0000220D1E704F00F040320CDE77FFF1000CE
:103CB0007E283ED94FF0350C002330B4284C04E068
:103CC00034F82120824220D80B46ACEB0302012AB3
:103CD00003EB5201F4D89BB234F82320904216D261
:103CE0004B2400231F4D04E035F8212082421ED8CA
:103CF0000B46E21A012A03EB5201F5D89BB235F8C4
:103D0000232082421FD030BC70478C46DDE704EB95
:103D10008304821AE3789A42E2DA94F90230012BA2
:103D200016D0D3B19BB2034430BC98B270470C4656
:103D3000DFE7A0F16103192B8CBF00230123A0EB67
:103D4000431398B2704705EB8305688830BC704711
:103D500002F00102831A98B2D5E74EF2A033E2E7EF
:103D6000C412002090080020F8B51D4C1D4D23689A
:103D70002A681D4E9B1AB3F57A7F2FD33168013123
:103D8000236802F57A72084601319B1AB3F57A7FEF
:103D9000F6D230602A60154F3B6883420FD8144B2F
:103DA0001B6863B1984701430BD0124B22681B6814
:103DB0002A600222034430603B600F4B1A700021DE
:103DC000F8BD0D490B4B0A783068003A1B6818BFE4
:103DD000012203440A7000213B60F8BD3068DAE735
:103DE0009CD00020E0B0002018B80020FCB10020DA
:103DF000A4CE00204CA10020D5D00020084B0949BA
:103E00001B68094A0344126810B40B600221074B77
:103E1000074C1970074B20601A605DF8044B70471F
:103E20004CA10020FCB100209CD00020D5D0002067
:103E300018B80020E0B00020034A0449044B12687F
:103E400008601A60FFF790BF18B80020A4CE0020C9
:103E5000FCB10020EFF3108272B6437F5BB9017FA3
:103E6000012930B40BD0032913D00123437702B9C1
:103E700062B630BC70470AB962B670477047124CE0
:103E80002168B1B1114943610B68086083615861D1
:103E9000EBE70F4D0F492C688CB143610B688361D0
:103EA00058614FF0E0234FF080540860C3F8044D90
:103EB000DBE7064B20601860C0E90511D5E7C0E9D3
:103EC00005442860EDE700BF44C0002050C000203A
:103ED0004CC0002048C0002070B5EFF3108272B6CD
:103EE0000C4C206880B10C4E00254369236073B1EF
:103EF0009D6102B962B6836845779847EFF31082F7
:103F000072B620680028F0D102B962B670BD336085
:103F1000EFE700BF4CC0002048C00020FFF7DCBF27
:103F20000449054A4968054B196013680133136059
:103F3000704700BF001000E09CD0002098D0002007
:103F400001207047B0F84630B0F848209BB292B2DA
:103F5000934202D2013AD01A7047416B01390A44A8
:103F6000D01A7047016972B6B0F84A20B0F84C30E8
:103F700092B29BB29A423CBF806B1218C86AD31AA5
:103F800062B6C0F302601844704700BFB0F84A1030
:103F90000246B0F84C3089B29BB2994210B4046921
:103FA00014D00133906B116B984298BF0023994253
:103FB00006D85B1A526AD05CC0B25DF8044B7047F9
:103FC000126A5DF8044BD05CC0B2704772B6B0F8AC
:103FD0004A0080B2814201D062B6E2E7E36A13F0A0
:103FE000E06F03D14FF0FF3062B6E6E7E3690120EE
:103FF0000024116AA2F84A00C3F30900DBB2A2F858
:104000004C404B70F0E700BFB0F84A100246B0F8E1
:104010004C3089B29BB2994230B4046925D0013347
:10402000946B9C4216D9106B1FFA83FC984217D9E7
:10403000106AC05CC0B2956DA2F84CC045B19942FF
:104040001CD3CB1AD16B994202D3D36DC5F88830FB
:1040500030BC70474FF0000C106B63469842E7D8B5
:10406000181A556A285CC0B2E5E7084672B6B2F87D
:104070004A1089B2884204D062B6D0E70C44E31AF1
:10408000E0E7E36A13F0E06F03D14FF0FF3062B670
:10409000DEE7E069C0F30900F9E700BF90F84430BB
:1040A00043B110B5044602F0E1FC94F84430002B13
:1040B000F9D110BD704700BF38B5D0E90453D3E93A
:1040C00003120968114228D090F84420044632B106
:1040D00002F0CCFC94F84430002BF9D16369002144
:1040E0000E4AA961207E03EB0010007D02EB001058
:1040F000456805202860657E03EB051393F834308E
:1041000002EB0312A36D52681060A4F84A10A4F8E1
:104110004C1013B1E26DC3F8842038BDA491002087
:1041200007EE901A9FED9A7A0421B6EE005AF8EE47
:10413000677A9FED986A41F6FF7CC7EE275A2DE912
:10414000F0478E460569012407EE901AF8EEE77AEB
:1041500085EEA77A77EE057AFDEEE77A17EE903ACC
:104160006345A8BF6346012BB8BF012307EE903A11
:10417000F8EEE76A76EEC76AC6EE877AF5EEC07AA1
:10418000F1EE10FA48BFF1EE677AF4EEC67AF1EE7E
:1041900010FA03D8B0EE676A8E461C460131212919
:1041A000D2D10021436902F40076A0F84A10B3F896
:1041B0005AC08E42A0F84C10B3F85860A0F84610D0
:1041C000A0F8481080F84410816BDF68A1EB060668
:1041D000A1EB0C01C0E90F6139681E6941EA0601D3
:1041E000396014BF01210021817640F0AC80017E4E
:1041F000694E03EB0118DFF8C09198F81470D8F8F5
:104200001CA006EB0717B968C1F800907968D8F8C8
:1042100018700F60BAF1000F03D0D8F82010CAF858
:104220000010477ED92103EB071898F834C006EB3D
:104230000C1CDCF808703960DCF80410D8F8387011
:104240000F60417E03EB0111CF6B0FB1096C396038
:104250000EF1FF31BEF1080F4FEA0161CCBF4FF004
:10426000000E4FF0010E01F0F85144EA4E44214394
:104270005C682961597801F110030021E960474920
:1042800041F8234041694FF0010E454C02F0030C08
:104290004F7891F85610434B39554FF00217446947
:1042A000617803EB511301F01F019B000EFA01F13D
:1042B0001960EF62AB6A43F08803AB6253073ED4E8
:1042C0004CF4701302F00F01042908BF43F080433F
:1042D00097062ED5817E43F0805300293AD11607E8
:1042E000AB6103D52B6943F000532B616B69D10699
:1042F00023F0805348BF43F080536B61D30503D54F
:104300002B6943F400532B61A36883B1264E3478A4
:10431000002C3AD0611E254DC9B22B1F05EB81013F
:1043200001E0994225D053F8042F9042F9D1BDE81D
:10433000F087817E0029D2D043F0A003CFE71C4B49
:104340004CEA0303BEE7477E4FF2D901124E03EB5E
:1043500007186AE7417E43F0A00304EB011191F8CE
:10436000341006EB0116B668316821F44041316023
:10437000B5E7631CDBB20F4A3370137845F82400AD
:1043800043F002031370BDE8F0870123074DF2E705
:10439000001BB74BEC78AD60A491002000AC00206E
:1043A00000E400E040380038DAD0002054C000209B
:1043B00010003C00EAD0002038F00100EFF3138039
:1043C000B8B9EFF310834BB9EFF305823AB94FF464
:1043D0008073EFF3118050B1984208D270470F2AD2
:1043E000F7D9054B9B5CEFF311800028F4D11846F8
:1043F00070474FF0FF30F1E7F0E300E010B44162A6
:1044000099B1036B1A44446900218263B4F85830AF
:10441000B4F85A40D31AA0F84A10121BA0F84C1056
:104420005DF8044BC0E90F327047026BEBE700BF49
:10443000036D2DE9F04104460F46066913B1426D44
:10444000C3F88420A37E2BB172B6B36943F0005346
:10445000B36162B6B4F84650636BADB20135AB429E
:104460004CD84FF000084546B4F848309BB29D4206
:1044700019D028E073691B0210D5B4F84830626B7C
:104480009BB201339A4236D99AB2E16A99422DD948
:10449000E169CB5CDBB2F361A4F84820B4F84830A2
:1044A0009BB2AB420FD1FFF789FF6369B3F8563077
:1044B0008342DFDAFF28F1DD02F0D8FAB4F84830A1
:1044C0009BB2AB42EFD0E36AAB421AD9FFB2E369C9
:1044D0005F5572B6012084F84400A4F84680B369A1
:1044E00043F40003B36162B6BDE8F0815B1AA16AD0
:1044F000CB5CDBB2CFE700221346C6E71FFA85F894
:10450000B2E7ED1AFFB2A36A5F55E2E7FFF790BF8B
:104510000269536913F4401F70B543D0D36A13F096
:10452000E06FC3F3026E3AD0B0F84A50B0F84C6076
:10453000ADB2B6B207E0016A01F803C00EF1FF3375
:1045400013F0FF0E1DD0D1696B1C846BB0F84CC00A
:10455000C1F309019C4298BF00231FFA8CFC9C45C3
:10456000ECD0046B5FFA81FC1D469C42A3EB040473
:10457000E1D8436A03F804C00EF1FF3313F0FF0ED5
:10458000E1D1ABB2A0F84A30836D43B1B54254D308
:10459000AD1B016CA94202D8C16DC3F884105369E8
:1045A000D90245D49669330228D553691D0225D511
:1045B000B0F84650B0F84830ADB29BB206E0C169E1
:1045C000C95CC9B2D161D16A4C0512D4AB4238D0B2
:1045D000446B0133C16A9C4298BF00239942A3EB0C
:1045E0000104ECD8816A095DC9B2D161D16A4C0578
:1045F000ECD599B2AB42A0F8481025D0710216D57F
:1046000053695B0213D50021036D80F8441013B188
:10461000416DC3F88810837E2BB172B6936923F085
:104620000053936162B6936923F48003936170BD74
:10463000536943F480135361B4E7816B891B0D44C4
:10464000A7E79BB2A0F84830936923F40003936175
:10465000936943F480039361D0E700BF0148FFF7FB
:1046600057BF00BFB09C00200148FFF751BF00BFFB
:10467000109D0020084602F065B900BFF8B5044659
:104680000D46C71D002308460A2214F8041F0C4ECD
:1046900000F0B6F82B682E201B68B3420CD102F054
:1046A00051F914F8011F00230A22284600F0A8F847
:1046B000BC42EFD10420F8BD2E2128469847F0E7F0
:1046C0001D250100012A70B508BF0A228AB091B3E6
:1046D0004FF0210E01E05FFA86FE0EF1FF36B1FBCE
:1046E000F2F502FB15145FFA84FC092C0CF1370477
:1046F0000CF1300C98BF5FFA8CF40EF1280C88BFD7
:10470000E4B29142EC4429460CF8244CE3D24BB17C
:104710000EF1FF3E2D225FFA8EFE0EF128036B4450
:1047200003F8242C036801A9CEF122025B687144CE
:1047300098470AB070BD30224FF0210E8DF8252029
:10474000E5E700BF2DE9F0410C46D1B1EAB1804662
:104750008E1800250E4F04E002F0F4F8B442054430
:104760000CD0D8F8003014F8010B1B68BB42F3D012
:10477000014640469847B4420544F2D12846BDE878
:10478000F0810D462846BDE8F0811546F6E700BFEA
:104790001D250100002903DB00230A22FFF792BF39
:1047A00049422D230A22FFF78DBF00BF00B50368E1
:1047B00083B040F60D2C022201A95B68ADF804C05D
:1047C000984703B05DF804FB054B022888BF0346F9
:1047D00010B41C68184663685DF8044B184700BFA6
:1047E000A09C00200EB400B582B003AA52F8041BAE
:1047F000019205F08FFD02B05DF804EB03B0704745
:104800005AB90368C9B2074A1B68934200B506D17A
:1048100008465DF804EB02F095B8FFF753BF5DF86A
:1048200004EB18471D250100884200DB704730B4B7
:10483000124C091A2368EBB1114A124D82FB032C6A
:10484000DA179C44C2EB2C4244F2A71C05FB12333E
:104850000D4D05FB02F20CFB0322002A0CDA6FF06F
:10486000004313442360B3FBF1F201FB123330BC6D
:1048700018447047054BF5E71346F3E7E0B2002014
:104880005F0B4E831DF30100ECF4FFFF42CE0C1FC3
:10489000F8B500260446C0E90066866029B10846DE
:1048A0000D4607F059FA074608B92046F8BD013011
:1048B00005F03EFD0028F8D0294606702060C4E9C6
:1048C000017706F0E7FA2046F8BD00BF10B50446B0
:1048D000006805F035FD204610BD00BF38B54368BF
:1048E0008B4201D3012038BD04460D4600680131DA
:1048F00007F01AF903460028F5D0A268C4E90005BC
:10490000002AEFD101201A7038BD00BFF8B5044667
:10491000154632B9036803B11A7000232046A3601C
:10492000F8BD43680E469A421CD9511C006807F036
:10493000FBF8074660B1A368C4E900050BB9037032
:10494000276831463846A56006F0A4FA2046F8BD2F
:10495000206810B105F0F4FC276000232046C4E96C
:104960000133F8BD07683146A560384606F092FA73
:10497000ECE700BF38B505460C4649B1084607F0DC
:10498000EBF9214602462846FFF7C0FF284638BD0E
:104990002846A96038BD00BF2DE9F84304460068E9
:1049A0000D4616468842A36809D8C218914206D21D
:1049B0000F1A4FF0010936B92046BDE8F8834FF0D1
:1049C0000009002EF8D003EB0608626890450CD968
:1049D00008F1010107F0A8F80028EDD0A368C4E9A8
:1049E000000813B903702068A368B9F1000F08D15B
:1049F0002946184406F04EFA2046C4F80880BDE85F
:104A0000F8833246C119184400F0ECFC23680022F8
:104A100003F80820F0E700BF10B582B00023044679
:104A200001228DF8041001A98DF80530FFF7B4FFBD
:104A3000204602B010BD00BF826808B50B463AB1EF
:104A400061B1006806F0BCF8B0FA80F0400908BD1A
:104A500031B11878B0FA80F0400908BD0368F8E772
:104A6000012008BD8A6808B58368934209D30068AD
:104A700030B1096839B103F0E1FEB0FA80F04009C5
:104A800008BD002008BD084608BD00BF83689342EA
:104A900007D910B50468A01806F0A0FF20B1001BCC
:104AA00010BD4FF0FF3070474FF0FF3010BD00BF1A
:104AB0002DE9F0418F680E460546974202D2134613
:104AC0003A461F460023AB60B0689042C5E9003308
:104AD00014D38742316828BF074611F80780CB55A9
:104AE00033689C180DD0204607F036F9214602465F
:104AF0002846FFF70BFF336803F807802846BDE818
:104B0000F081AC60F8E700BF9A422DE9F04105461C
:104B10000E4602D911461A460B460021A960B76815
:104B20009742C5E9001114D39F4228BF1F4633683E
:104B300013F80780D95533689C180DD0204607F02C
:104B40000BF9214602462846FFF7E0FE336803F8DA
:104B500007802846BDE8F081AC60F8E7006808B13E
:104B600006F0A2BF704700BF2A2849D8F8B5254FE4
:104B700004463B78E3B9244B1B5DFF2B29D0234A25
:104B800002EB041291680A6802F44050B0F5805FAD
:104B900030D01C061FD41E4C2360236AD80704D4CF
:104BA00001F064FF236AD907FAD5194B586AF8BD9A
:104BB000174D184E01E001F059FFAB6C1B06FAD4FB
:104BC000B36C13F08003F6D13B700F4B1B5DFF2BD2
:104BD000D5D10020F8BD0F4C03F07F032360236A7A
:104BE000DA0704D401F042FF236ADB07FAD5094B48
:104BF000586AF8BD22F480521C060A60EBD4CAE75A
:104C000000207047DED0002070960020A491002084
:104C100000400C4000800C40082830B422D00A2804
:104C20000CBF4FF405714FF44671104C104D636C7E
:104C3000626C2B400F4802F003021A43636C03F0CE
:104C4000E00313430B436364436C426C2B4002F05C
:104C500003021A43436C03F0E0031343194330BCCF
:104C6000416470474FF44071DFE700BF00400C40E3
:104C700000FCFFFF00800C4010B41F4C1F281F4990
:104C8000A36C23F02003A364626C8B6C22F440427B
:104C900023F020038B644B6C23F4404312D942F47D
:104CA000404243F4404362644B641349134A8B6CA3
:104CB0005DF8044B43F020038B64936C43F02003B6
:104CC000936470470F2808D942F4004243F400432C
:104CD00009480A4942644B64E7E7072804D942F4CB
:104CE000804243F48043F3E7032862644B64DCD8DA
:104CF0005DF8044B704700BF00400C4000800C4042
:104D0000A249A34B88422DE9F047A24C5E699A69FB
:104D1000D4F80C801BD9A04B984240F20281C31AF0
:104D20009E491B0AA1FB031340F22761DB0903EB39
:104D3000830303EB830303F2E2438B4228BF0B465A
:104D4000A3F54877964BA3FB0737FF0804E0954F80
:104D5000B8428CBF0E2706278D4908F01F09D1F8ED
:104D60008030B94543F0C003C1F880300CD228F040
:104D70001F08A1F5F82148EA0708C1F80C800B6864
:104D8000002BFCDA08F01F0916F0007324D18649C5
:104D90000C698649A14300F0EA8082F480513446D0
:104DA0004FF4805514F0605F04D026F060561E4327
:104DB000774B5E6111F4405F07D022F44052744992
:104DC0002A438A618B6C1A07FCD446F00076704A3D
:104DD0005661936C9B06FCD4754CA04200F2CE80C9
:104DE0004FF0010C0146634603FB011203F1010E73
:104DF0000CF10105A24218D8BEF1080F4FF00103D3
:104E000040F08D80BCF1040F00F291800A18A2429C
:104E100000F2A48005FB00F1AC4603F1010E03FB98
:104E200001120CF10105A242E6D90CF1FF318C020E
:104E300086EA81215F4810445F4A90427FD9DFF8BB
:104E4000A4A16C225D48584DB0FBFEF0D5F800E0FF
:104E5000B0FBFCF0DFF890C10EEA0C0CD44509D091
:104E600042F400524FF4805CC5F800C02A602A6802
:104E7000002AFCDA464A156905F007059D4203D071
:104E80001361936CDD03FCD411F4E05F09D026F4C8
:104E9000E05604F4E0543E4A26435661936C990769
:104EA000FCD44749474A014491423CD8464BC90982
:104EB000A3FB0131090B4B1E1B0286EA030212F40D
:104EC000407F06D026F4407603F44073304A3343E3
:104ED00053612F4A536923F000735361936C9B060F
:104EE000FCD43A4B4F45A3FB00234FF0FF324FEA6F
:104EF0009343B0FBF1F1B2FBF3F3354A1060354A4E
:104F00001160354A136008D228F01F08214A48EA88
:104F10000707D7601368002BFCDABDE8F0877346FB
:104F200062E7122718E74FF440730421C5E70CF13C
:104F3000FF31204807238C02104486EA8121274A4A
:104F4000DFF8A8A0A2FB0020020D2548362A38BFB2
:104F5000362202FB00F042EA0A0A74E74FEA8C2488
:104F6000002386EA8C214FF0010EAC4662E71D4615
:104F700086F0C05411464FF0C05313E700244FF0A1
:104F8000010C024631462346E64653E700A4781F4B
:104F900000C00F40000008400046C32323B24C006D
:104FA0001F85EB5100366E0100800D4040300080BF
:104FB000FFB19F26808D5B00FF7EF64D00643F4D64
:104FC0007FD1F0087F17B42C9F10E50083DE1B43D0
:104FD0004C9C0020489C002094D00020819F5E16AD
:104FE000001BB7006C2000807F3001800020008013
:104FF00000B970472DE9F84F01218146214C224D1F
:10500000224E54E8003F2A68306844E80013002B21
:10501000F7D11F494B684FF47A7BDFF878A01B1A51
:1050200001270BFB02F8DAF80020A3FB02325A45F5
:1050300094BF9044D84454E8003F2A68306844E85C
:105040000073002BF7D14B68DAF800C01B1A0BFB7A
:1050500002F2A3FB0C3CBCF57A7F94BF624402F5DC
:105060007A72A2EB0802B2F57A7F06D3B9F1010990
:1050700008F57A78DFD1BDE8F88F01F0F7FC044934
:10508000D9E700BFA0D000209CD0002098D00020FD
:10509000001000E094D0002030B40F4B4FF0010C12
:1050A0000E4D0F4C53E8002F2868216843E800C2DA
:1050B000002AF7D10B4B5B680B4A5B1A4FF47A71ED
:1050C000126801FB00F0A3FB023230BC8A4294BF9D
:1050D00080184018704700BFA0D000209CD000204E
:1050E00098D00020001000E094D00020362816D878
:1050F0000201104B03EB00109B5810B4C2685C68AF
:10510000144205D061B95DF8044BC3F8882070479C
:10511000836851B1084A5DF8044B1A6070477047C4
:105120005DF8044BC3F884207047044A5DF8044BD3
:105130001A607047A491002038F001003830010057
:1051400036280BD8064B020103EB00109A58C368AF
:1051500092681A4214BF0120002070470020704757
:10516000A4910020362829D8164B0201012903EB0F
:1051700000109A5810B45368C4680ED004290CD09B
:1051800023EA040353608368A9B1022917D00329D5
:105190000CBF0D4A0D4A1A6007E0234301295360F2
:1051A000836808D040F638021A60436815225DF81B
:1051B000044B1A60704738221A60F6E77047044AB9
:1051C0001A60F2E7A4910020383001003800010095
:1051D00038F0010030B4124A0020124B0121124D68
:1051E000124CC2F8F032C2F8F402C2F8B810C2F899
:1051F000A000C2F8A450C2F8B0105369DB07FCD578
:1052000051612378DB07F0D41368054943F00103AB
:1052100013600B68DB07FCD462B630BC704700BF7C
:1052200000802A400504012401000F0000812A406B
:10523000F8B50F46164672B6344B40F20641344A72
:105240009A610222DA610022C3F8A020C3F8F012AA
:10525000C3F8F422C3F8F822C3F8FC224FF47022FA
:10526000C3F8A4200122C3F8B02020F01F03821944
:10527000BFF34F8F4FF0E024C4F85C3F20339A42D5
:10528000FAD8BFF34F8FBFF36F8F204D6B69DA07EA
:10529000FCD501231F49B2B220F07F406B6142F47C
:1052A0007022C5F8F01242F20121184CC5F8F41230
:1052B000C5F8BC30C5F8A000C5F8A420C5F8B030CA
:1052C000154D01E05B0609D4636913F00100F9D0C4
:1052D00041236361BDE8F840FFF77CBF082E0AD880
:1052E00036B13246394637440646284600F07AF849
:1052F00040236361E8E7A6F10800082639463246F4
:1053000037440646284600F06DF8F1E700802A4051
:10531000F05AF05A3204180880812A4010B472B64C
:10532000284B0221284C00229C614FF47024D96143
:1053300040F20641C3F8F0120121C3F8F422C3F889
:10534000F822C3F8FC22C3F8A020A2F58052C3F8CB
:10535000A4400240C3F8B010BFF34F8F02F5805154
:1053600002F120034FF0E02C994234BF012180214B
:1053700002EB41118B42CCF85C2F1A4603F120035B
:10538000F8D1BFF34F8FBFF36F8F0E4A5369D90720
:10539000FCD501240D490E4B54610340C2F8F012B4
:1053A0004FF470200749C2F8A030C2F8A400C2F838
:1053B000B0404B69DB07FCD501235DF8044B4B6122
:1053C000FFF708BF00802A40F05AF05A200418085E
:1053D00000F0FF0008B5EEF7DBFAEFF709F801F08F
:1053E00045FBFAE7844641EA000313F003036DD15D
:1053F000403A41D351F8043B40F8043B51F8043B98
:1054000040F8043B51F8043B40F8043B51F8043B9E
:1054100040F8043B51F8043B40F8043B51F8043B8E
:1054200040F8043B51F8043B40F8043B51F8043B7E
:1054300040F8043B51F8043B40F8043B51F8043B6E
:1054400040F8043B51F8043B40F8043B51F8043B5E
:1054500040F8043B51F8043B40F8043B51F8043B4E
:1054600040F8043B51F8043B40F8043B51F8043B3E
:1054700040F8043B403ABDD2303211D351F8043BDE
:1054800040F8043B51F8043B40F8043B51F8043B1E
:1054900040F8043B51F8043B40F8043B103AEDD28D
:1054A0000C3205D351F8043B40F8043B043AF9D2DE
:1054B000043208D0D2071CBF11F8013B00F8013BB1
:1054C00001D30B8803806046704700BF082A13D3BE
:1054D0008B078DD010F003038AD0C3F10403D21AD6
:1054E000DB071CBF11F8013B00F8013B80D331F80A
:1054F000023B20F8023B7BE7043AD9D3013A11F88A
:10550000013B00F8013BF9D20B7803704B784370F4
:105510008B7883706046704704F00ABF04F008BFC0
:1055200004F00EBF04F00CBF01F1FF3C70B56646FD
:10553000002400E00134B0FBF2F502FB1503092B57
:1055400003F1370E03F130035FFA8EFE98BF5FFA66
:1055500083FE9042284606F801EFEBD2631C00223E
:10556000C818CA547CB162461CF8015F10F8016D7E
:10557000A1EB0C0302328CF80060013B521A05705B
:1055800023449A42EFDB084670BD00BF00230F2280
:1055900048F2B82C194610B54FF470444FF4806EA1
:1055A000A0F88C414FF46044A0F88E210A46A0F880
:1055B0009031B0F888319BB243F0F003A0F8883105
:1055C00001EB4103013100EB431304299C80A3F854
:1055D00006E05A841A865A805A81A3F80EC05A826D
:1055E000DA825A83DA83EBD1B0F888319BB243F088
:1055F0000F03A0F88831B0F888319BB243F4706390
:10560000A0F8883110BD00BF374B384A996F384831
:1056100041F47F0170B5996741F20106D3F880101B
:1056200045F6C05543F226040A43C3F88020FFF72D
:10563000ADFF00F58040FFF7A9FF00F58040FFF7C0
:10564000A5FF00F58040FFF7A1FF0022A0F50310A1
:105650004FF00F0E114600EB42134FEA421C01328D
:105660009981042A5981A3F80EE09E82DD8020F8FA
:105670000C1019829C81EED100221E484FF00F0EB3
:1056800041F20106114645F6C05543F2260400EBEF
:1056900042134FEA421C01329981042A5981A3F82E
:1056A0000EE09E82DD8020F80C1019829C81EED1E4
:1056B000002211480F2641F20105114645F6C0545B
:1056C00043F2260E00EB42134FEA421C013299814D
:1056D000042A5981DE819D82DC8020F80C10198219
:1056E000A3F80CE0EED170BD00C00F40000003FC39
:1056F00000C03D4000001E4000401E40074A506A66
:10570000936A19468446506A936A9942F9D184454E
:10571000F7D1DB0B43EA4040704700BF00400D402B
:1057200010498B6823F001138B608B68DB07FCD476
:105730008B6B0C4A23F001038B63936BD907FCD46A
:10574000C3030849400C53651065936B43F0010394
:1057500093638B6BDB07FCD58B6843F001138B6085
:10576000704700BF00400D4072B6EFF30583524C06
:10577000C4F884301EF0040F0CBFEFF30882EFF37F
:1057800009824FF0E0234D4E4D4DD3F8280DD3F84C
:105790002C1DC4E92201D3F8341DD3F8383DC4E9E7
:1057A00024139369C4F89830D369C4F89C3000F08E
:1057B000D1F884ED280AFFF7A1FF0B214FF0FF324B
:1057C000C4F8A4000B46C4F880103E49301D5A406E
:1057D000202402F00103013C01FB03F383EA52029F
:1057E000F7D1A84202D073680646EFE7324BC3F800
:1057F000A820BFF34F8F4FF0E0233049324AC3F85F
:10580000701FC3F8702FBFF34F8FBFF36F8F2F4AF6
:1058100002252F48D36E2F4943F44053D3660560C9
:10582000D3692D4823F07F0343F04003D3610B6815
:1058300083423DD8264D00214FF0E0234FF0FF3248
:1058400029600126C5F808112449C5F80011C5F8DA
:105850000861C3F88021C3F88421C3F88821C3F804
:105860008C21C3F8902101E000F066F9D5F80C31E5
:10587000002BF9D00134C5F80C614F2CF4D9184B2A
:10588000022018494FF00042C1F840015A63D5F890
:105890000C313BB9144815490D4A0163D2F80C315B
:1058A000002BFAD04FF0E023114AC3F80C2DFEE78D
:1058B000FFF726FABEE700BF00FF272080FF272062
:1058C000A8FF27202083B8EDA0FF272000C00F40AD
:1058D000004008404C9C0020803DCD0B009F2400E0
:1058E00000900D4000002E4000800F40F100AD0BF5
:1058F0000400FA050A490A6838B108B513180948BE
:10590000834204D810460B6008BD1046704703F070
:10591000ADF80C234FF0FF320360104608BD00BF06
:1059200030A3002000002820002070474FF0FF30F7
:10593000704700BF4FF4005300204B60704700BF1A
:10594000012070474FF0FF30704700BF30BFFDE7C8
:10595000FFF70ABF124AD2F880305B07FBD5D2F8B6
:1059600080301048C3F30B230F4990ED007A07EE07
:10597000903A91ED006AB8EE477A0C4AF8EEE77A71
:105980000B4BD2ED006A77EEC77A93ED007AB8EE52
:10599000477A67EE867A87EEA60A37EE400A7047A6
:1059A00000810D4084D000208CD0002090D00020B9
:1059B00088D00020836BF0B41BB1536843F40043DC
:1059C000536072B6446B3CB31A4B2260D3F8B041BB
:1059D0000C421DD1184E776804E07468E41BB4F5DE
:1059E000166F0BD2D3F8404144F48044C3F84041D1
:1059F000D3F8B851D3F840416404EED50D4007D137
:105A00000C4CC0E90225D4F8B0310B43C4F8B031D6
:105A1000426362B6F0BC7047064DC0E90224D5F877
:105A2000B0310B43C5F8B0310263426362B6F0BCDB
:105A3000704700BF00002E40001000E070B5056BFD
:105A40009DB106462A46002403E012680134012A6B
:105A50000CD0536813F08003F7D032632CB1284682
:105A6000B36B2D689847013CF9D170BDC6E90C3382
:105A7000F4E700BF30B4D9B91F4C204B0021204AB5
:105A800001254FF0011099601D60C4E902318024A6
:105A90005C60C2F8BC01D2F8B0311A482B43C2F89E
:105AA000B0310160D2F8B031002BFBD130BC70476F
:105AB0000904154B104C012541F080019860104AF3
:105AC000596000F580511D60D96000F50051A36454
:105AD000196100F5405100F580405961002198613D
:105AE000E164D2F8B03143F48033C2F8B031D2F877
:105AF000B031002BFBD1C0E700000020C0AE002079
:105B000000002E4088CE0020E0AE0020084901228F
:105B10000B7802FA00F023EA0000087030B9054A59
:105B2000D2F8483123F08003C2F84831704700BFF3
:105B3000E2D0002000002E402DE9F04F974C83B0BA
:105B4000D4F84471FB07C4F8447153D5D4F8AC21A0
:105B5000002A4AD0924EDFF860A2DFF87492DFF894
:105B600074B2DFF87482C4F8AC21D6E90A20D4F804
:105B7000403143F40053C4F84031D4F840319D041F
:105B8000F5D5D4F8403123F40053C4F840314FF038
:105B90000113C4F8B431D4F8B45115F00115FAD199
:105BA00093B28446CAF80050B3F5086F00F0CF8175
:105BB00000F2DB8040F202318B4200F0E78100F21C
:105BC0009A80822B00F0CB81B3F5817F40F08A80F0
:105BD00010F0780F83B200F003824FF00113C4F885
:105BE000C031D4F8AC21002ABDD16C4AD2F8BC3106
:105BF000002B42D17E0616D5684BD3F8AC21C3F8F2
:105C0000AC21D3F8BC21C3F8BC21D3F8B041002C9F
:105C1000FBD14FF0FF32C3F8B421D3F8843100F048
:105C200029FD604B1C60FC0103D55F4B1B6803B171
:105C30009847B80103D55D4B1B6803B198477907B6
:105C400008D5564BD3F8843113F4007347D0584B22
:105C500001221A70514BD3F848311A060AD53B0677
:105C600008D5544A13782BB1013BDBB21370002BDB
:105C700000F0728203B0BDE8F08F4F49C2F8BC312A
:105C80000868034240F0D181464A14681C40B1D0F4
:105C90005FEA144810D0424E4FF0010998FAA8F577
:105CA000B5FA85F506EBC51009FA05F54030FFF7A2
:105CB000C5FE38EA0508F1D1A4B2002C9AD0384EBE
:105CC0004FF0010894FAA4F5B5FA85F506EBC51076
:105CD00008FA05F5FFF7B2FEAC43F3D18AE7344A80
:105CE0001370B7E7802B7FF478AF3448022105802A
:105CF000FFF7C0FE75E7B3F5A06F00F00B81A3F5C9
:105D0000D063012B3FF669AF2D4B5D68002D3FF44A
:105D100064AF1FFA8CFC4FEA124E04E01D690C338D
:105D2000002D3FF45AAF1A887245F7D15A88624560
:105D3000F4D14FEA1E22032A00F0A5811A89000C33
:105D4000824228BF0246BEF5007F40F0A181184B79
:105D50001C4918781C4B0192002818BF19461B4893
:105D6000FFF740FB194D019AE1E142F221218B42FC
:105D70007CD033D942F221318B4200F081804FF642
:105D8000C0018B427FF429AF10F47F4F83B27FF4C0
:105D900024AF43F46E4363F30F0CB5E700002E40CD
:105DA000000000208CCE0020B0D00020B4D0002015
:105DB000E8D00020E9D0002088CE00204CD0002080
:105DC000809A002084200060E820006000002020ED
:105DD00080CE00205DCFC6B8C0012E40B3F5106F55
:105DE00066D042F221018B427FF4F7AE030C072B01
:105DF0007FF4F3AEB24BB349F560D960B249B360FA
:105E0000C3F80890C1E9002001221A60AF4A5A6025
:105E1000AF4A1A61D4F8B01141F00101C4F8B011D1
:105E200002F5805102F5005259619A61D4F8B031FF
:105E3000002BFBD1A74AF36493600123B264136083
:105E400048F2800353604FF00113C4F8BC31D4F81A
:105E5000B03143F48033C4F8B0314FF48033CAF822
:105E60000030D4F8B031002BFBD1BAE680B238B99B
:105E7000994BC2F307421968984B1960984B1A70F6
:105E8000944B00229A60F2640122B3641A6080226B
:105E90005A604FF00113C4F8BC31D4F8B03143F468
:105EA0008033C4F8B031D4F8B031002BFBD198E680
:105EB000C2F307428B4B1A708B4BC4F8C8318B4B23
:105EC000C4F8CC318A4BC4F8D03100F0D5FB802225
:105ED0002946884804F0E2FD874B8022C6F8A0B02E
:105EE000C6F8E0307B4BF5645A600122B3649D60D4
:105EF0001A604FF00113C4F8BC31D4F8B03143F448
:105F00008033C4F8B031CAF80050D4F8B031002B57
:105F1000FBD166E66F4B0121F564196080219D601D
:105F2000B36459604FF00113C4F8BC31D4F8B031F8
:105F300043F48033C4F8B031D4F8B031002BFBD136
:105F4000130C5B0643F08073C4F8543149E6654B8B
:105F500001216A481B780370FFF78CFD41E683B28C
:105F600010F078007FF439AE03F07F0258F8221069
:105F7000624A1080180600F19E80CB0701D50123EC
:105F8000137002215D48FFF775FD2AE610F0780FC7
:105F900083B27FF422AE03F07F0213F0800F58F833
:105FA000223014BF43F4803343F0010348F8223019
:105FB0000022484BF2649A600122B3641A60802286
:105FC0005A604FF00113C4F8BC31D4F8B03143F437
:105FD0008033C4F8B031D4F8B031002BFBD100E6E7
:105FE00003F07F0213F0800F58F8223014BF23F41F
:105FF000803323F0010348F822300022354BF2644D
:106000009A600122B3641A6080225A604FF0011333
:10601000C4F8BC31D4F8B03143F48033C4F8B031A3
:10602000D4F8B031002BFBD1DBE500200860264915
:106030000C88486842F221018C427FF425AE80B280
:1060400000287FF421AE2E492E4C03C9A18086285A
:106050004FEA11412060A1717FF416AE72B62A4852
:10606000017841F008010170D2F848110D0605D4FD
:1060700080200143C2F84401C2F8481162B6234AA5
:106080005021117000E6000C2A78824228BF024697
:10609000BEF5E06F44D11E4B1E4D18781E491F4BB4
:1060A0000192002818BF19462846FFF79BF90723DD
:1060B0006B70019A3BE0C9033FF561AF61E700BF38
:1060C000E0AE002080DE0020C8B000208000070085
:1060D00080EE0020C0AE00209CD00020ACD000207C
:1060E000E6D00020E7D000200200CC00C80002006B
:1060F0000200C800800000201993D5744CD0002005
:1061000080CE0020A4D00020E2D00020E9D00020E2
:10611000E8D0002000002020E820006084200060FB
:106120002946104D01922846FFF75CF9019A25F0A7
:106130001F031544BFF34F8F4FF0E021C1F8703FAC
:1061400020339D42FAD8BFF34F8FBFF36F8F0548BE
:106150001146FFF78FFC44E50320FFF7D7FC0BF057
:10616000EFFC00BF000020202DE9F0471F46831EF2
:10617000022B01D9BDE8F087DFF84C9015460C469C
:106180003C2209EBC01806464FEAC01A002108F16C
:106190000400240404F082FCB5FA85F201235209BC
:1061A00044EA427449F80A40C8F83870C8F8083020
:1061B000002FDFD0034AB34011680B431360BDE8E2
:1061C000F08700BF8CCE0020000000202DE9F047B2
:1061D0000D46811E022901D9BDE8F087C701DFF80D
:1061E0004C909246044640373C2200211E4609EB63
:1061F00007082D0408F1040004F050FCBAFA8AF2F2
:10620000520945EA427249F807200122C8F838606D
:10621000C8F80820002EDFD0034B10341968A240C4
:106220000A431A60BDE8F0878CCE002000000020F1
:1062300012048160C36101F5405342F0800210B442
:106240000124426001F50052046001F5805401F51B
:106250008041C46081615DF8044BC0E9042370474C
:10626000831E0A46022B00D97047064B00F110012D
:106270004FF0010C03EBC0100CFA01F14030FFF7B6
:1062800099BB00BF00000020831E0A46022B00D9E4
:1062900070470121024B814003EBC010FFF78ABB1E
:1062A0000000002040687047124A134BD2F82002C9
:1062B00020F07F40984210B584B002D200EB8000FD
:1062C00040000E4C01A90A22FFF72EF901A9002374
:1062D000204611F8012B01333AB10A2B20F8022F86
:1062E000F7D11623237004B010BD5B00DBB223701E
:1062F00004B010BD00441F408096980014A90020EF
:1063000000F0D8BA00F0A8BA00F066BB00F03CBBC1
:106310000846114600F02CBBF8B5144C4FF0E025B0
:10632000134E4FF4003204EB4024124F06EB40169C
:106330000346C5F88C2121463A883046FFF778FF9E
:106340003B882344BFF34F8FC5F85C4F2034A342F2
:10635000FAD8BFF34F8FBFF36F8F03203146FFF79B
:1063600093FF4FF40033C5F80C31F8BD80002020B6
:1063700000AF0020BED00020244B2DE9F0411C8846
:106380004368C569C3F30E43E41A002C24DD204999
:1063900020480A780078D3B21F4E82421F4807D0A7
:1063A00010F8038036F81870C7F50072944218D9B7
:1063B0000133002226F81540082B194E88BF1346DA
:1063C00026F8152098BFDAB2C554164B0A701A6821
:1063D00014441C60BDE8F0812846BDE8F041FFF799
:1063E0009BBF07EB4820104922462744084401EB95
:1063F0004521FEF7F7FF0B4A284626F81870136868
:106400002344BDE8F0411360FFF786BFBED00020F3
:10641000E0D00020E1D0002058D0002078D000202B
:1064200068D0002054D00020800020201D4B1A7816
:10643000002A36D102F0FF031B4A12788AB32DE9F5
:10644000F0411A4D2A8852B3194EC2F50068194F0F
:106450003278194C07EB421704EBC2244246384607
:106460002146FFF7E5FE04EB0802BFF34F8F4FF024
:10647000E023C3F8704F2034A242FAD8BFF34F8F05
:10648000BFF36F8F04203946FFF7EAFE33780133FC
:10649000DBB2032B88BF0023337000232B80BDE8C1
:1064A000F0817047E5D00020E7D00020C0D0002068
:1064B000E4D0002000B00020801020202DE9F04F13
:1064C00085B0CDE90110002900F0BF800023604CA9
:1064D000DFF89881DFF898A15E4F009301235E4AB0
:1064E00023705E4B1978B8F8003002EB4119002B8D
:1064F00040F0A7801E461D469B464846FFF7D2FE49
:1065000010F0800000F08C80BFF34F8F9AF80030BD
:1065100084F800B005B93E68002B7DD13B689B1B19
:10652000782B00F287804E4B1B78002B74D000F044
:106530009DFA0122B8F8003015462270002BDCD0FD
:10654000464AC3F5006011781A4600EBC120454D5C
:10655000C9022844019D954217D20393DDE90151F8
:106560002A46FEF73FFF039B4FF040425B1BA8F813
:1065700000303D4BC3F88420BFF34F8F00980023B9
:106580002844237005B0BDE8F08F364BCD18029932
:10659000FEF728FF00234FF4006229464846FFF724
:1065A00047FEBFF34F8F05F1200205F500639342CC
:1065B00034BF012340234FF0E02205EB4313C2F820
:1065C000705F2035AB42FAD1BFF34F8FBFF36F8FAF
:1065D00004204946FFF744FE204A13780133DBB21A
:1065E000032B84BF00231D4A1370B8F80030019AB2
:1065F000D11A009A1A4401910092029A1A44002377
:106600000292194AA8F80030C2F88430BFF34F8FC5
:10661000237000297FF462AF009805B0BDE8F08FC9
:106620004FF400620D4B8AF8000019781346A8F861
:1066300000208AE7012300988AF8003005B0BDE801
:10664000F08F1A46C3F500607FE70198E5E700BFC9
:10665000E5D000209CD0002000B00020E4D0002035
:10666000E7D000208010202000002E40C0D0002065
:10667000E3D00020704700BF2D4B002180222D4821
:1066800070B51B7800242C4D8B422C4E0CBF402340
:106690004FF400732B80338004F000FA284A21461F
:1066A000284B14704FF4807227481C8004F0F6F9D0
:1066B000264A1021264B0220C2E90044C2E90244C6
:1066C000244AC3E900441470234AC3E90244234B1B
:1066D0001C70234614602246FFF778FD224631885D
:1066E00003201F4BFFF740FD234601222988042089
:1066F000FFF76CFD20460134FFF70EFE082CF9D1A0
:10670000184B00214A221848184C0460C3F8841022
:10671000C3F88020D3F84821154942F08072C3F8AD
:10672000482121B1134A137843F00103137070BD5F
:10673000E8D0002000B00020C2D00020BED0002051
:10674000E4D00020C0D0002000AF002058D00020AE
:1067500068D00020E0D0002054D00020E1D00020FC
:106760002142010000002E40B0D00020D54201009F
:1067700000000000EAD000202DE9F04F4FF0E023A8
:106780004FF40032DFF8C8A083B0C3F88C218B46E9
:106790009AF8004000294FD08046E4B20027DFF885
:1067A000B490264BABEB070225491B78A34204F1BA
:1067B00001043FD0092C234B404628BF00241E5D16
:1067C00039F816C00CEB462319441F4B33F816500A
:1067D000A5EB0C05AA421CD20CEB462C18491B4C0D
:1067E00061440192FEF7FEFD216839F816505846C3
:1067F000019AA1EB0B012A44394429F816202160A3
:106800004FF0E0234FF40032C3F80C2103B0BDE891
:10681000F08F2A462F44FEF7E5FD0C49E3B23046DF
:106820000A68A844521B0A608AF80030FFF774FD1A
:10683000BB45B6D83846E3E70846E1E7E0D000209C
:106840008000202078D0002058D0002054D0002094
:10685000E1D0002068D000200B4B0C4A1278197848
:10686000D3B28A420DD0013309480A4A092B0A499A
:1068700028BF0023C35C31F8131002EB4323585C9C
:1068800070474FF0FF307047E0D00020E1D000208B
:1068900078D000208000202068D00020044B10B564
:1068A0001C680CB1204610BD00F0E0F8204610BD79
:1068B00054D000202DE9F84F144E154D33782A7826
:1068C000934221D0DCB2DFF85090DFF850B0DFF80F
:1068D0005080104F0134082C5FFA84FA01D900244B
:1068E000A24619F80400DBF8003038F8102037F819
:1068F0001010521A9B1ACBF80030FFF70DFD86F8E6
:1069000000A02B78A342E5D1BDE8F88FE1D00020AC
:10691000E0D0002068D0002078D0002054D00020A3
:1069200058D0002000B583B001210DF10700FFF71A
:1069300023FF20B19DF8070003B05DF804FB4FF082
:10694000FF30F9E7094B00B583B01B788DF80700DD
:106950003BB101210DF10700FFF7B0FD03B05DF879
:1069600004FB03F0FF0003B05DF804FBE7D0002058
:10697000044B1B7803F0FF020BB1FFF79FBD1046DD
:10698000704700BFE7D000202DE9F0410024DFF878
:10699000448001230D4D27460D4E88F80030337892
:1069A00028462035A34204F1010405D0FFF77AFC04
:1069B000030658BF07F50067042CF0D1BFF34F8FD3
:1069C0000023384688F80030BDE8F08100B0002090
:1069D000E4D00020E5D000202DE9F8431D4B1B78C2
:1069E00013B11D4D2A880AB9BDE8F8831B4EC2F5C4
:1069F00000691B4933784A461A4C01EB43181A4F79
:106A000004EBC324012340463B7021460023FFF7DB
:106A10000FFC04EB0902BFF34F8F4FF0E023C3F8E4
:106A2000704F2034A242FAD8BFF34F8FBFF36F8F5D
:106A300004204146FFF714FC33780133DBB2032B0B
:106A400088BF0023337000232B80BFF34F8F3B7030
:106A5000BDE8F883E7D00020C0D00020E4D00020BB
:106A600000B0002080102020E5D000202DE9F84360
:106A70002D4B1E7866B12D4F3B784BB90123F107A2
:106A80003B7043D4B20726D400233B70730701D474
:106A9000BDE8F883264B1A68002AF9D0EFF3058287
:106AA000002AF5D1EFF3108572B61868002834D0AB
:106AB000204C2178002930D10122227042691A60CD
:106AC000002A2ED0916105B962B60025836845770A
:106AD00098472570DCE7DFF8648098F80030002BD9
:106AE000D2D00025DFF858902B4659F823400135C5
:106AF000236820461B69984710B163699B689847D3
:106B000098F80020EBB29A42EFD8BDE7FFF7C6FE37
:106B10000028B7D0AFF30080B4E7002DB8D162B63B
:106B2000B6E7054B1A60CEE7EAD00020DBD00020A4
:106B300044C00020D9D0002050C00020DAD000206E
:106B400054C0002008B5D0E900325BB1BAB10F4B98
:106B5000A3FB0213DB0803EB4303B2EB83030AD16D
:106B6000012008BD094BA3FB0213DB0803EB430321
:106B7000B2EB830301D0D21A4260F02AF0D801F0C0
:106B800075FF1C22034600201A6008BDABAAAAAA02
:106B900070B5044638B319B1B2FA82F67609A2B9D3
:106BA000206800B36268F2B1184B194902FB03F385
:106BB000B1EBB30F17D3A368E3B90022012322601E
:106BC0006260A260E260184670BD1D46049BC0E989
:106BD0000012C360FFF7B6FF03460028F3D06DB97B
:106BE0000123184670BD01F041FF16220023026008
:106BF000184670BD002103F051FFDEE762683146A0
:106C00002068A56003F04AFF0123DCE7ABAAAAAA2B
:106C10005555551503460846194603F091BF00BF68
:106C200010EE103AB3F17E5F10EE102A38D0A3F5C3
:106C30000001B1F1FE4F36D2BFEE000B02F140432E
:106C4000264903F54D03C3F3C34001EB001091ED5A
:106C5000404B91ED445B91ED467B91ED426BD90D3C
:106C6000C90590ED002B521A03EE902A90ED021BFD
:106C7000DB15B7EEE33AA2EE030B03EE903A20EEFB
:106C8000002BA5EE007BB8EEE33BA6EE027BA3EE65
:106C9000041B30EE010BA2EE070BB7EEC00B7047E2
:106CA0009FED0F0A7047590014D0B3F1FF4F14D075
:106CB000002B0BDBB1F17F4F08D2DFED0A7A60EEDB
:106CC000277A17EE903AA3F13862B5E700EE103A52
:106CD00000F028B8012000F013B8704780020020AF
:106CE000000000000000004B10B582B08DED010ADD
:106CF000044601F0BBFE9DED010A046002B010BD28
:106D00009FED070AFFEE007AB7EE007A00284FF0F9
:106D1000220047FE277A87EE800AFFF7E5BF00BF13
:106D20000000000070EE407AB4EE400A87EEA77AC9
:106D3000F1EE10FAB0EE470A02D62120FFF7D4BFD9
:106D4000704700BF53B94AB9002908BF00281CBFCB
:106D50004FF0FF314FF0FF3000F070B9ADF1080C8B
:106D60006DE904CE00F006F8DDF804E0DDE9022369
:106D700004B070472DE9F047089E0D4604460F46C3
:106D8000002B4AD18A42944665D9B2FA82F343B1C4
:106D900002FA03FCC3F120029F4020FA02F21743DB
:106DA0009C404FEA1C4E1FFA8CF5B7FBFEF1220CFB
:106DB0000EFB117742EA074201FB05F090420AD927
:106DC0001CEB020201F1FF3780F01C81904240F27F
:106DD000198102396244121AA4B2B2FBFEF00EFB12
:106DE000102244EA024400FB05F5A5420AD91CEB37
:106DF000040400F1FF3280F00781A54240F20481D3
:106E00006444023840EA0140641B00211EB1DC40AA
:106E10000023C6E90043BDE8F0878B4208D9002E65
:106E200000F0ED800021C6E900050846BDE8F087C6
:106E3000B3FA83F1002949D1AB4202D3824200F276
:106E4000F880841A65EB030201201746002EE2D079
:106E5000C6E90047DFE702B9FFDEB2FA82F3002B92
:106E600040F090808A1A4FEA1C471FFA8CFE0121DD
:106E7000B2FBF7F507FB1520220C42EA00420EFB9D
:106E800005F0904208D91CEB020205F1FF3802D24E
:106E9000904200F2CB804546121AA4B2B2FBF7F042
:106EA00007FB102244EA02440EFB00FEA64508D967
:106EB0001CEB040400F1FF3202D2A64500F2BB80B5
:106EC0001046A4EB0E0440EA05409FE7C1F12007FD
:106ED0008B4022FA07FC4CEA030C05FA01F420FA75
:106EE00007F3FD404FEA1C492343B5FBF9F81FFAAD
:106EF0008CFE09FB18551C0C44EA054408FB0EF5F2
:106F0000A54202FA01F200FA01F00BD91CEB0404CD
:106F100008F1FF3A80F08880A54240F28580A8F110
:106F200002086444641B9DB2B4FBF9F309FB1344EB
:106F300045EA044403FB0EFEA64508D91CEB0404F5
:106F400003F1FF356CD2A6456AD9023B644443EA9B
:106F50000843A3FB0295A4EB0E04AC42C846AE4620
:106F600056D353D056B1B0EB080264EB0E0404FACA
:106F700007F7CA40CC401743C6E900741846002101
:106F8000BDE8F087C3F1200102FA03FC20FA01F208
:106F900025FA01F19D402A434FEA1C471FFA8CFE57
:106FA000B1FBF7F007FB1015110C41EA054100FB9E
:106FB0000EF58D4204FA03F408D91CEB010100F12F
:106FC000FF382FD28D422DD902386144491B92B22D
:106FD000B1FBF7F507FB151142EA014205FB0EF183
:106FE000914208D91CEB020205F1FF3816D29142FA
:106FF00014D9023D6244521A45EA004138E731464D
:10700000304608E73946E6E61046FBE64845A9D291
:10701000B9EB020865EB0C0E013BA3E74546EAE736
:107020002B4694E74046D1E7D0467BE7023D6244D9
:1070300032E708460AE76444023842E7704700BF77
:107040002DE9F04F2DED108B97B08A460021079265
:10705000129100220021CDE904128046514611917F
:107060000F4611F8012B2D2A5ED801A050F822F00E
:10707000B9500100D14F0100D14F0100D14F0100A3
:10708000D14F0100D14F0100D14F0100D14F01007C
:10709000D14F0100074F0100074F0100074F0100CA
:1070A000074F0100074F0100D14F0100D14F0100F0
:1070B000D14F0100D14F0100D14F0100D14F01004C
:1070C000D14F0100D14F0100D14F0100D14F01003C
:1070D000D14F0100D14F0100D14F0100D14F01002C
:1070E000D14F0100D14F0100D14F0100D14F01001C
:1070F000074F0100D14F0100D14F0100D14F0100D6
:10710000D14F0100D14F0100D14F0100D14F0100FB
:10711000D14F0100D14F0100D14F0100F3560100C2
:10712000D14F0100DF56010000210991302A7DD0A6
:10713000002308932F2A144640F2CD844FF0000913
:1071400038464E464D4612E00130082D1190C8BF1A
:1071500009EB89090478C6BF02EB4902A2F13009A4
:10716000A3F130062F2C05F1010522466FDD06EB59
:107170008603392C02EB4303E6DD9F49012201F02F
:107180005DFB002837D1119B1A46013311935478C7
:10719000002D40F04385302C40F02485C3F10102DE
:1071A0009818013311931C78302CF9D0A4F13103D5
:1071B000082B00F20183119F431CA4F1300B0B93A9
:1071C0000125BC464FF0000E06EB86060BEB46068B
:1071D00000200CF1010311939CF80140A4F130014F
:1071E000092900F2BB8201308B46002940F04F8410
:1071F000DDF844C0EDE70020652CAE460B908446D8
:1072000001D0452C30D1002D6BD1089B034367D1B1
:10721000079B9FED778B13B1079BC3F800A0B0EEDF
:10722000480B17B0BDEC108BBDE8F08F7A7802F0F8
:10723000DF02582A00F00C84013711973A78302A7F
:10724000FAD0002A00F0B7800123089372E76A4958
:10725000012201F0F3FA002800F0C080AE464FF0A2
:10726000000CCDF82CC060464FF0000B002D7ED0F6
:1072700007EE906A0B9BB8EE677BABEB0303BEF1A6
:10728000000F08BFAE46102D0A932B46A8BF10234F
:10729000092D8DED047B0CDD584A02EBC30212ED83
:1072A000125B06EE909AB8EE666BA7EE056B8DED5D
:1072B000046B0F2D00F3A8800A9A002A00F0E483E3
:1072C0000A9A40F33C83162A40F398840A99C5F140
:1072D00025028A4280F2A6840A9AEB1A134499E0A6
:1072E0000025DDF844A00AF1010311939AF801404A
:1072F0002B2C00F05E822D2C00F0F78100230A93E6
:10730000A4F13003092B00F2EB81302C05D1119B45
:10731000013311931C78302CFAD0A4F13103082BDF
:10732000A2D8119A0C92531C1193A4F1300B5478EB
:107330002F2C07DCDEE3013311934C782F2CA2F1C4
:10734000300B06DD0BEB8B02392C194604EB4202A5
:10735000F1DD0C9A9B1A082B40F3CC8344F61F6B8B
:107360000A9B002B82D0CBF1000B002D80D1089B13
:10737000034320D1BCF1000F7FF44AAF692C00F029
:10738000CF8300F3F382492C00F0CA834E2C7FF4A4
:107390003FAF1B4911A801F05DF900283FF438AF59
:1073A000119B1B78282B00F0F284164804F0CCFDCA
:1073B000B0EE408B01E09FED0E8B079A0AB1119B56
:1073C0001360099B002B3FF42AAFB1EE488BB0EE5F
:1073D000480B17B0BDEC108BBDE8F08F119B0B90E4
:1073E0005A1C11925C78AE46F8E600BFAFF30080FD
:1073F000000000000000000074980020C803002076
:1074000024270020C81300200A9AEB1A1344002BEB
:1074100040F3B08213F00F010AD0C34A02EBC1025D
:107420009DED046B92ED007B27EE067B8DED047BDA
:1074300033F00F0240F038820023089300962B4669
:1074400072463946404603F011FE8146002800F09E
:10745000E1820B9BA3EB0B0B0A9B9FEDA9EB002B8F
:107460009FEDA9CB9FEDAADB9FEDABBBB4BF5A4606
:1074700000224FF0000A23EAE3730B920C93544668
:10748000D9F80410404603F06FFD0646002800F0CE
:107490000E81D9F810209DED048B0232920009F183
:1074A0000C010C30FDF79EFFB0EE480B14AA13A997
:1074B000404604F097F91290002800F0E480012182
:1074C000404603F07BFE0446002800F0F080139A4B
:1074D000002AC0F2DE800B9B0C9F02EB030B089B83
:1074E000149DD21A2A44914B013A9A42C5F13605AD
:1074F00080F29880991A1F29A5EB010500F3E3801B
:10750000012202FA01F30D9300230E932F44089BEE
:107510005D44AB455A461F44A8BF2A46BA42A8BF9D
:107520003A46002A03DDAD1ABF1AABEB020B0B9BE8
:10753000002B00F38880002D00F39C800A9B002B19
:1075400000F3B780002F00F3A980BBF1000F08DD26
:1075500021465A46404603F06DFF0446002800F0DD
:10756000A68012993246404603F0FEFF824600286C
:1075700000F09D800023C568C360214603F0D2FF60
:107580000028C0F2C78300F061832146504604F012
:1075900093F9B0EE007BB4EEC70BF1EE10FA46D8CB
:1075A000002D00F0CB80B7EE009B0598604B0022C9
:1075B0006049DFF884C100EA0107674500F0D48024
:1075C000089959B1B7F1D46F08D8B4EECB9BF1EE5E
:1075D00010FA40F2568103F1D661CB1BB0EE480B96
:1075E00043EC1A2B04F06AF8AAEE008B8DED048BA5
:1075F00018EE903A089A22B94E4A1A40974200F083
:10760000E4801299404603F0D5FC3146404603F031
:10761000D1FC2146404603F0CDFC5146404603F0E4
:10762000C9FC2DE701230021CDE90D316EE7B6EE4F
:10763000009B20EE099B002D5FD1B1EE497B0598A0
:1076400053EC172BB4E721461A46404603F092FE4E
:10765000044660B30146129A404603F0DDFD30B3A4
:107660000F901299404603F0A5FC0F9A1292002D3C
:107670007FF764AF12992A46404603F0DBFE129072
:1076800000287FF45BAF22239FED258BC8F80030E4
:10769000BCE00C9BDDF82CB09F1A20E731463A463F
:1076A000404603F0C7FE064600287FF44EAF12980E
:1076B000E9E731460C9A404603F05CFE0646002896
:1076C0007FF440AFF3E7C2F17F4202F57F0202F59B
:1076D0007B420121E23201FA02F3CDE90D1315E7F5
:1076E000CDF844A04FF0000BC0E501230A930AF146
:1076F000020311939AF8024002E6B0EE497B9EE73E
:107700009535A094FFFFCF3F9535A094FFFFDF3F55
:1077100035E5AF350000E03F0000C0FFFFFFDF416F
:10772000000000000000F07FC803002002FCFFFF03
:107730000000F03F0000F07F0000E07FDDE9041270
:10774000002900F08580DDE90412012900F0D881CC
:107750001046B74BB7EE009B002229E7652C4FF08F
:10776000010C3FF4BEAD4CE543EC1A2BA0F1547371
:1077700005939DED04FBB0EE4F0B03F09FFFAD4969
:10778000AAEE00FB1FEE903AAB4A194091428DEDF4
:1077900004FB72D9A94B18EE902A9A4203D118EE35
:1077A000103A013383D0A54A4FF0FF33CDE90432BC
:1077B00027E700230A939AE7652C00F0D080452C38
:1077C00000F0CD804FF0010CD1E551EC190B0D9379
:1077D0000AF078F90AF048F9049B1D430D9B41EC2F
:1077E000170BC3F313031D4339EE479B00F0A08032
:1077F000B4EECC9BF1EE10FA05D4B4EECD9BF1EED5
:1078000010FA7FF7FEAE9DED048B129801464046BC
:1078100003F0D0FB3146404603F0CCFB2146404606
:1078200003F0C8FB4946404603F0C4FB51464046BE
:1078300003F0C0FBC1E501220992791C11917A780D
:10784000002A3FF4E5AC0F4670E400220992F4E709
:10785000C2F313031046002B7FF47BAFB7EE007B1F
:10786000B4EEC70BF1EE10FA00F1D381B6EE009B37
:1078700020EE099BB1EE497BE2E603F154730593D8
:10788000B8E6BCEEC99B19EE103A012B38BF0123B4
:1078900009EE103AB8EE499B002D40F03E81B1EE62
:1078A000497B53EC172B96E6B2F59A7F00F3B28032
:1078B000102A4FEA221340F38682614C9DED047B2F
:1078C00000202246014613F0010F01F101014FEAA9
:1078D000630304D092ED006B012027EE067B012BA1
:1078E00002F10802EFD108B18DED047B059BA3F1F5
:1078F0005473059304EBC1049DED046B94ED007B80
:107900004C4B27EE067B17EE902A4E4913408B42D4
:107910008DED047B7ED8A1F580118B4240F2D6819B
:10792000464C4FF0FF33CDE904340023089385E53E
:10793000B4EECE9BF1EE10FA7FF563AE63E716323C
:10794000FFF662AD0B9BA3EB0B0B3F4B03EBCB03A3
:1079500093ED007B9DED046B86EE078B2DE54FF0DC
:10796000000ECDF82CE04FF0010C4EE46E2C3FF4ED
:1079700010AD4DE43FF460AD5B4213F00F010AD04F
:10798000314A02EBC1029DED046B92ED007B86EE65
:10799000077B8DED047B1B113FF44EAD1F2B33DCB9
:1079A00013F0100218BF6A229DED047B0892274A4B
:1079B0000021D80704D592ED006B012127EE067B4C
:1079C0005B1002F10802F4D109B18DED047B089B34
:1079D00093B1DDE90401C1F30A52C2F16B03002B3C
:1079E0000ADD1F2B40F32F820020342B049040F33C
:1079F00040824FF05C7305939DED047BB5EE407BB8
:107A0000F1EE10FA7FF41AAD22239FED058BC8F832
:107A10000030D2E422239FED048BC8F80030CCE480
:107A20000000000000000000000000000000F07FE7
:107A30000000F0BF0000F07FFFFF9F7CFFFFEF7FA3
:107A4000A00300200000A07CC803002090040020B8
:107A50000293099B019312AB0093A74A13AB11A9A0
:107A6000404600F07DFA10F00F0504463FF4A3AC49
:107A7000062D74D1079B9FED9A8B0137002B3FF4A5
:107A8000CEAB1F60FFF7CBBB9DED048B95E40B9B4A
:107A9000DDF844C003440B93012805F101031A46A5
:107AA00014D02844441E03E046009C420DD001330C
:107AB0002A46082A1D4606EB8600F5D9102BDCBFA6
:107AC00009EB89094FEA4909EFE70232082D3CDC4E
:107AD0001546FFF779BB89490122384600F0AEFE12
:107AE000002800F082804FF0000EF1467646754681
:107AF000FFF7B5BB44F61F639B45A8BF9B462FE429
:107B0000DDE904231846002B7FF423AE22239FEDEA
:107B1000748B1298C8F8003078E6B0EE497BC0E666
:107B2000774911A800F096FD00283FF471AB119B36
:107B30007449013B11A8119300F08CFD10B9119B01
:107B4000013311939FED688B37E4102ADCBF09EBFA
:107B5000890901EB490915460020FFF73ABB129A43
:107B60003AB1352114A803F0D9FE1299404603F02A
:107B700021FA013D139B042D00F28F81DFE805F00F
:107B8000032D2A1F0300149A049203F23342159B1B
:107B900023F4801343EA02530593E50502D543F02D
:107BA00000430593584A1A409DED048B002A7FF448
:107BB00004AC00F05BFF22230360FFF7FEBB4FF035
:107BC000FF336FF00046CDE90436E3057FF55CAF87
:107BD000059BE4E74C4B0593F7E7149B0493159B37
:107BE0000593DAE70020FFF7E1BA119B1A4601334B
:107BF0001193547806468146FFF7CDBA434B03EB09
:107C0000C20393ED008B9DED047B28EE078BFFF7FD
:107C1000D4BBBEEE007BB6EE009B11E5AE460B90EA
:107C2000FFF7DCBA394BC5F10F054A1B03EBC5055D
:107C300003EBC20395ED008B93ED007B9DED046B90
:107C400028EE068B28EE078BFFF7B7BB002D00F060
:107C50009580DDE904BC2E4BCCF3130199426246BA
:107C600000F0D2800E9B002B00F0A580DDE904120D
:107C7000134217461AD0B0EE480B002D00F0A68034
:107C800003F01CFD089B7BB1C7F30A53C3F16B03E0
:107C9000002B09DD1B0503F17F51002001F5401188
:107CA00041EC170B20EE070B38EE008B089B5BB105
:107CB0009FED0F7B144B28EE078B18EE902A134094
:107CC00013B92223C8F8003012989FE502F15473CB
:107CD000059300230893FFF7B1BB00BFAFF300800B
:107CE0000000000000000000000000000000F07F25
:107CF0000000000000005039149500207498002006
:107D0000182700201C2700200000F07FC803002057
:107D1000FFFF0F00DDE904120D43C7D1C2F31303C7
:107D20001746002BC2D122F000431B0D1B05B3F1F7
:107D3000D66FBBD9DAF814301BB9DAF81030012B42
:107D4000B4DD51460122404603F074FB21468246D1
:107D500003F0E8FB0028A9DD089B002B7ED1504BE7
:107D60003B40A3F580136FEA13536FEA0353059367
:107D70004FF0FF3304939DED048B97E7DDE9041288
:107D8000C2F313030B4317467FF46CAFE4E7454996
:107D900011A814AA00F07AFC05287FF406AB159B05
:107DA00043F0FF4343F4E0030593149B04939DEDDC
:107DB000048BFFF702BBDDE904010D9B03423FF496
:107DC00075AF0F4657E7384C00218FE503F076FC7E
:107DD000089B002B55D0C7F30A53C3F16B03002B4C
:107DE00009DD1B0503F17F5101F54011284641ECE7
:107DF000170B20EE070B38EE408BB5EE408BF1EE03
:107E000010FA7FF455AF81E6089B04991BB3244B0D
:107E10001340B3F1D46F1ED81B0DC3F16B034FF0A9
:107E2000FF3000FA03F399427FF41CAF1F4B9A42D4
:107E300030D01B4B134003F58013059300230493AC
:107E40009DED048B32E74FF0FF3202FA03F3049A00
:107E50001A400492D0E54FF0FF33E4E7104B3B406B
:107E6000B3F1D66F3FF77DAFB3F15C7F3FF720AF43
:107E70004CE6C2F14B024FF0FF3393400B400593A9
:107E8000BAE538EE408BB5EE408BF1EE10FA7FF498
:107E90001BAF3BE60131CCD109E400237DE600BFF6
:107EA0000000F07F28950020A0030020FFFFEF7F57
:107EB000014BFFF7C5B800BF38A300202DE9F04102
:107EC0000469B4EB611F2FDD00F1140E4E1111F0A7
:107ED0001F0C0EEB84050EEB86032BD05EF82610EC
:107EE00004339D4221FA0CF1CCF1200818D97746D1
:107EF0001A6802FA08F20A4347F8042B53F8041BE5
:107F00009D4221FA0CF1F3D8A31B9B00053B9B0873
:107F100001330EEB83044EF82310C9B1043417E08B
:107F2000416174460029F9D10023036100234361B4
:107F3000BDE8F0819D4288BF00F11002F4D953F8EA
:107F4000041B42F8041F9D42F9D8A41B0EEB8404C5
:107F5000A4EB0E039B1074450361E7D0BDE8F081EC
:107F60002DE9F04F2DED028B0C688B46A17885B082
:107F7000302908EE100A9246029340F0CE816FF04D
:107F80000100001BE21C8318144612F8011B302963
:107F9000F9D0DFF8008318F80120002A00F0E5800E
:107FA0002278002718F802203D4626462AB116F806
:107FB000012F18F80220002AF9D1B54901930122B6
:107FC000304600F03BFC019B814600284DD0002D3F
:107FD0004ED13278A94602F0DF02502A354650D001
:107FE000CBF80060002F69D12B1B013B072B3946D2
:107FF00004DD5B10072B01F10101FADC18EE100A19
:1080000002F0B2FF8346002800F0668200F11406F9
:10801000AC42019680F0D2810027CDF80C909C49AB
:10802000A1463C460CE0202F19D0384604372A7868
:1080300018F8022002F00F02824014434D4547D049
:1080400015F8012D2E2AEED14D45ECD301222846FC
:1080500000F0F4FB8E490028F0D0202FE5D100205D
:1080600046F8044B04270446E1E7002D00F0428166
:10807000327802F0DF02AD1B502A4FEA85093546FF
:10808000AED16A782B2A00F025812D2A00F0A58038
:108090006E1C002018F802104A1E182A00F29B805D
:1080A000727818F8022010390136002A5AD100B12E
:1080B00049428944CBF80060002F95D0002B14BFB3
:1080C00000250625284605B0BDEC028BBDE8F08FE3
:1080D000DDF80C90234646F8043B1846019BF61A3F
:1080E000B610CBF8106003F019F87601DAF800400A
:1080F000301AA04275DCC0F2EF800027DAF80830B1
:108100004B45C0F25181DAF804304B454ADDA3EB10
:1081100009094C4500F38280DAF80C20022A00F0AD
:108120006581032A00F08181012A00F06F8118EE39
:10813000100A594602F03EFF5025109A00232846A7
:10814000136005B0BDEC028BBDE8F08F01EB81013F
:1081500002EB4102A2F1100116F8012F18F80220DB
:10816000002AA4D0192AF1DDA1E74949019301228F
:10817000204600F063FB019B00286DD1617818F860
:108180000120651C002A69D030292C4605D114F83D
:10819000013F302BFBD018F80320B2FA82F77F0999
:1081A000012302E7012557B1DAF80C30022B5DD02C
:1081B000032B5FD0012B00F0848045F01005109B4D
:1081C000C3F800B0029B2846C3F8009005B0BDEC90
:1081D000028BBDE8F08F2E4602E70120AA78AE1C84
:1081E00058E7061B3146584603F0C6FB074678B1F0
:1081F000721E53110199012751F8231002F01F0339
:1082000007FA03F30B4203D0BA4200F3E2800227DD
:1082100031465846B144FFF751FE6FE709F1FF358B
:10822000002F40F0CE80002D40F0CD806B11019AE0
:1082300005F01F0552F823200123AB4013424946A5
:10824000584618BF47F00207A4EB0904FFF736FEB3
:108250000225DAF80490A6E72178254601F0DF012F
:10826000502900F0BF80CBF8005027E7119BC3F1E5
:1082700001031193119B002B9FD0DBF81070DDF8E8
:108280000480BA004346019208EB8700002107E012
:108290007498002030240020984243F8041C3FD9F1
:1082A0001E4653F8042BB2F1FF3FF5D00132022DE8
:1082B000326000F0BF8014F01F0440F0E7802125F9
:1082C0007DE7BA077FF579AF019B1B681F43FB076A
:1082D000D3D472E7002081E7221A594618EE100A1B
:1082E000A9EB020903F0A6F800F1140383460193F9
:1082F000002703E7727818F80200711C002800F0CC
:10830000A0800D4611F8012F18F802000028F8D1BE
:10831000751B4FEA85090E465DE60234002338E6F8
:10832000DBF808309F4280F28E803B460BEB8302E5
:1083300001210133022DCBF8103051617AD09F42D8
:10834000B9DA002B40F39B80DBF8142008EB8303A1
:108350000BF1180083424FEA520240F2B1804446CA
:10836000016842EAC17244F8042B50F8042B83429E
:108370004FEA5202F4D8A3EB0B03193B9B080133DD
:1083800048F8232008EB8303002A40F09D80A3EBEC
:10839000080292104345CBF8102073D0DAF8083069
:1083A00009F101094B458ADA18EE100A594602F024
:1083B00001FE109A00231360A32583E6019E00238B
:1083C00089E6012732E72946584603F0D5FA0746E1
:1083D0002CE7B11E584603F0CFFA00283FF417AF40
:1083E000032715E74FF0000901274AE6119A002AF2
:1083F0007FF49DAE02990B60019B0122CBF8102007
:108400001A60109B6225C3F800B05BE64C457FF410
:108410008EAE012CEED0611E584603F0ADFA002856
:108420003FF485AEDAF80430E4E7119A002A3FF40D
:108430007EAEDFE7DAF80030013BA34234D02225DC
:10844000BDE60E46C7E5DBF8041018EE100A013150
:1084500002F08AFD0646C8B3DBF8103002339A00FA
:108460000BF10C010C30FCF7BDFF594618EE100A59
:1084700002F0A0FD06F114083369B34656E7002365
:10848000CBF810300023CBF8143087E7019B43442E
:10849000C4F1200453F8040C02F040FEA042BFF6E1
:1084A0000EAFDBF810304CE7631104F01F0458F8EE
:1084B00023200123A34013420CBF222521257EE661
:1084C000C8F8002043466AB1043360E7074B084808
:1084D0003246842102F0C2FA044B05485A46E42190
:1084E00002F0BCFACBF81020CCE700BFB823002084
:1084F000CC2300202DE9F04707464C480E46354670
:1085000016F801EB10F80EC01CF0080CF7D1BEF104
:108510002D0F5AD0BEF12B0F03BF96F800E0644632
:10852000AE1C64465BB1102B54D04FF0FF38B8FB43
:10853000F3F803FB08FA6FEA0A0A994608E0BEF16D
:10854000300F5AD00A23DFF8E8804FF0050A994629
:108550000025284605E02CD009FB00C0012516F8AF
:1085600001EBAEF1300CBCF1090F06D9AEF1410CB4
:10857000BCF1190F0BD8AEF1370C634510DDB5F126
:10858000FF3FECD04045E6D94FF0FF35E7E7AEF1CD
:10859000610CBCF1190F03D8AEF1570C6345EEDC4A
:1085A0006B1C0BD004B140420AB165B91160BDE843
:1085B000F087D445D0DD4FF0FF35D0E722233B6074
:1085C0002846002AF3D0711EF0E796F800E0012457
:1085D000AE1CA7E7BEF1300F21D1307800F0DF00EC
:1085E000582816D14FF0100996F801E04FF00F0A05
:1085F00002366FF070484B46AAE7337803F0DF038A
:10860000582BEFD008234FF0070A6FF060489946C7
:108610009EE799466FF070484FF00F0A98E74FF0C9
:108620000F0A6FF07048994692E700BF9525002029
:1086300099999919FFF75EBF10B4054C844613460B
:1086400020685DF8044B0A466146FFF753BF00BF40
:10865000C0A8002010B4046809E014F8013FA3F199
:10866000410CBCF1190F98BF2033934209D111F886
:10867000012B002AF1D10134046001205DF8044B84
:10868000704700205DF8044B704700BF2DE9F04FA4
:10869000096885B04B1111F01F01029002EB8303B2
:1086A000039140F08F801D1F0193029B01991C686C
:1086B000002341F8043C61780134002900F09880DF
:1086C000DFF87491A846AC469A461E460EE0202973
:1086D00000F28C80564506DDC44501D2072B5BDDD8
:1086E000624551D3082314F8011FA1B119F8010004
:1086F0000028ECD00133082B06F101063ADCDCF847
:108700000010090100F00F000843CCF8000014F835
:10871000011F0029EAD1002E6AD0C44501D2072BDF
:1087200074DD624552D2111F634653F8040B41F8C1
:10873000040FAB42F9D9A5EB0C0323F00303691C2A
:1087400004330CF1010C614538BF042313440021AC
:1087500043F8041BAB42FBD9019B53F8043C2BB9F3
:10876000AA4249D055F8043D002BF9D0052005B0A8
:10877000BDE8F08F6245B6D200234CF8043C1946A0
:10878000ACF1040C0123BDE70023ACF104084CF864
:10879000043CB246C446A6E7C3F10801DCF8003049
:1087A0008900C1F1200E60469B46476807FA0EF328
:1087B00043EA0B0327FA01FB036040F804BF40457E
:1087C000F3D38DE7191D01911D466EE7039B002B26
:1087D000C2D0039B0198C3F120014FF0FF33CB407F
:1087E00050F8041C0B4040F8043CB8E7292909D094
:1087F000042005B0BDE8F08F012305202B6005B0F3
:10880000BDE8F08F029901340C6084E7DCF80010B9
:10881000C3F108039B00C3F120076446084666685D
:1088200006FA07F1014326FA03F0216044F8040F29
:108830004445F4D375E700BF30240020002A3ED021
:1088400040EA01039B0730B584462FD1032A2DD976
:108850000B4608E0043A8446194625D01EF0803FB6
:1088600022D1032A22D90468194653F8045BA4F1E3
:10887000013EAC4284462EEA040E00F10400E9D029
:108880009CF800000C78A0421BD1E64668B11EF8A7
:10889000010F11F8014FA2EB0E03A04203F1FF33C9
:1088A0000FD11CEB0303F1D1002030BD9CF8000078
:1088B0000C78844205D1012AF6D0E646E6E7104658
:1088C0007047001B30BD00BF40EA01039B0730B575
:1088D00001D1032A0FD8844601F1FF3E07E01EF8BC
:1088E000011F03F8011B541EC1B19C46224663467A
:1088F000002AF4D130BD0B468446194653F8045B78
:10890000A5F1013424EA050414F0803FE4D1043ACF
:10891000032A4CF8045B1946EFD8DDE79444002C99
:10892000E8D003F8011B6345FBD130BD0EB410B590
:108930009FB021AC4FF4017154F8042B0192ADF8B3
:108940001C100490089003F007FA059009900B485A
:108950000B490C9100234FF6FF7C10931593019A5D
:108960000068ADF81EC0234604A9039400F084F803
:108970001FB0BDE8104003B0704700BFC0A8002082
:108980005168010010B50C46B1F90E1004F07CF8E6
:10899000002803DB236D0344236510BDA38923F462
:1089A0008053A38110BD00BF002070472DE9F04126
:1089B0000C46B1F90C101F46CB05054616460BD4E4
:1089C00021F48051A1813B46B4F90E10324628466D
:1089D000BDE8F04100F034B8B4F90E1002230022D3
:1089E00004F03CF8B4F90C10EAE700BF10B50C46EF
:1089F000B1F90E1004F032F8A389421C0EBF23F423
:108A0000805343F480532065A38110BDB1F90E104B
:108A100003F096B838B511F0FF040CD003460025DA
:108A200001E0431C05461846214602F0D7FF002806
:108A3000F7D1284638BD2146BDE8384002F0CEBF08
:108A400038B50C46084D8446114620461A46002388
:108A50002B606446FBF7B8FE431C00D038BD2B6882
:108A6000002BFBD0236038BD90CE0020014B18684E
:108A7000704700BFC0A800202DE9F04F2DED028BFC
:108A8000ADF5377D8B46B1F90C1002AF8C048146F1
:108A9000FA643B6309D4DBF8643041F4005123F4F9
:108AA0000053ABF80C10CBF8643000231C460822AE
:108AB000194607F15800FB62A24601F0EFFF3C6443
:108AC0007C62BC637C64834BD3F8E44002F06AF8B8
:108AD00007F158020346009207F15401FA6C484628
:108AE000A047051EFB6C33DB2B44FB647B6D2E46DD
:108AF000002B00F0B680012D38D0252B40D0002D62
:108B0000E1D0FB6C9E1BDBF80430741E002B40F39D
:108B10009880DBF8001094F801C091F800E0A31CE5
:108B20000AEB0300E64501F10101A3EB060204F1A3
:108B30000104A0EB060040F09480DBF80430CBF891
:108B40000010013BAA42CBF80430DFDB8246BAE7D3
:108B50000133FB6408224FF6FD73002107F1580032
:108B60007B6501F09BFF7B6D002B7AD05A4EF25C47
:108B7000100700F11C85252B40F0868001252E462C
:108B8000F86C00240278A046A2F12503411C552B65
:108B900067D8DFE813F00A07660066006600660023
:108BA0000107660066006600660066000C060C069B
:108BB0000C060C060C060C060C060C060C060C0625
:108BC00066006600660066006600660066001806BD
:108BD00066008E04C90418061806180666006600AA
:108BE00066006600820066006600BF0466006600DC
:108BF0006600890066006600660066006B06660017
:108C00006600DD06660066006600660066001806FF
:108C100066009004CB04180618061806BE06D20695
:108C200082006600E706F306AC06C104DA066600B9
:108C300066008B007D00CA06660066006B06660053
:108C40007D005946484604F033F900283FF461AFEF
:108C50007B6C002B01F05280BBF80C305A0601F1FE
:108C60004D803B6C43B13B6CD3F80080B8F1000FF2
:108C700002D0404601F064FB786C07F53577BD46BD
:108C8000BDEC028BBDE8F08FFB6C01255E1E3AE760
:108C90002307E6D14278084676E72207E1D14278F9
:108CA00044F0020408466FE744F00104F964022529
:108CB000DBF80430002B40F30884600640F10F8499
:108CC0006B1E032B01F2EB80DFE813F07B02F10156
:108CD0004B01080038A3002095250020484601F0EC
:108CE00067FF03683B6208F1FF33B3F5AE7F40F2E4
:108CF0005A856FF4AE7508EB05033B6140F25D18D1
:108D0000002607F5B87308EE109AC7E90566FE63FA
:108D10007E63FE61BE6444F4F064BB621D46464659
:108D2000DBF800100A78A2F12B034E2B50D8DFE8B5
:108D300013F07E034F007E034F004F00A300A600F8
:108D4000A600A600A600A600A600A600A600A600F3
:108D50004F004F004F004F004F004F004F00740373
:108D60000B030B030B039E0394034F004F0084037C
:108D70004F004F004F004F005D034F003A034F007C
:108D80004F004F0033034F004F004F001E036D0391
:108D90004F004F004F004F004F004F004F00740333
:108DA0000B030B030B039E0394034F004F0084033C
:108DB0004F004F004F004F005D034F003A034F003C
:108DC0004F004F0033034F004F004F001E036D0351
:108DD000A0056FD5386A037893426BD1C7E9024585
:108DE0007E60814618EE106A4FF000085C4607E08E
:108DF000216091F800E099F8000086451CD1DA4620
:108E000019F8010F45460AF1010B013108F101087B
:108E1000002800F064866068013800286060E7DCA4
:108E20002146304604F044F830B9216899F8000032
:108E300091F800E08645E2D0A3463A6ABC683D61FD
:108E40002B46B146BE6CFD68BD6401335D4602EB46
:108E50000308B3462646144618F8011D2A4648461C
:108E600003F0E6FF4445F7D13B693446AAEB030A19
:108E70005E46AB46BD6C20E0E00500F10185BB6CB1
:108E8000F96BD94216D124F4C07405F8012B013EC8
:108E9000DBF80430013B002B0AF1010ACBF8043067
:108EA00040F36F83DBF800300133CBF80030002E45
:108EB0007FF436AFBE6C18EE109A7B6B002B40F03F
:108EC000DC82FB6B013B012B41F21680731E062BEB
:108ED00040F22786E3051BD5660501F1B58015F83C
:108EE000011C652905F1FF330AF1FF360AD0452937
:108EF00008D05A46484603F09BFF15F8021CAAF119
:108F00000206AB1E5A464846B2461D4603F090FF85
:108F100014F010027FF4D7AD04F4C063B3F5806F92
:108F20002A7000F0D284BB69002B40F02C874846A1
:108F3000B96A0022FEF7BCFFE0073B6B00F1C98570
:108F4000A10700F1C685B4EE400BF1EE10FA53F81C
:108F5000044B80F1F486B7EEC00B3B6384ED000A4E
:108F6000A2E308F1FF33B3F5AE7F40F2A2836FF4C2
:108F7000AE7208EB0203FB6340F25D1807F5B873AD
:108F80000022BE6BBB62594644F45864D3461D466A
:108F900092460A681078A0F12B034D2B60D8DFE8C9
:108FA00013F082025F0082025F005F00CD02E001E9
:108FB000E001E001E001E001E001E0016F026F0289
:108FC0005F005F005F005F005F005F005F004E00BA
:108FD0004E004E004E004E004E005F005F005F00EE
:108FE0005F005F005F005F005F005F005F005F0089
:108FF0005F005F005F005F005F005F0076025F0060
:109000005F005F005F005F005F005F005F004E0079
:109010004E004E004E004E004E005F005F005F00AD
:109020005F005F005F005F005F005F005F005F0048
:109030005F005F005F005F005F005F0076020A2E46
:109040000EDD24F438644B6805F8010B013B002B5E
:109050004B6040F38D8201320A60B8F1010898D16B
:10906000E005D046BE63DA468B4607D5BB6A9D4213
:1090700000F22284BB6A9D423FF4F3AD14F010026B
:1090800010D1B96ABB6BFE6A2A704846B047A10688
:1090900040F108843B6B53F8042B10603B637B6CFE
:1090A00001337B64BB6AED1A4544AA440BE5B8F171
:1090B000000F08BF4FF0FF38E00740F1958214F031
:1090C00010037B6340F07484210640F166863C6B9C
:1090D00054F8043BFB63002B3FF4C3AD802001F048
:1090E00027F9B864002800F07887FB6BBA6C1A6027
:1090F0003A6CD58893889D4280F052851068FB6B4E
:1091000040F825303B6C3C630135DD80BB6CBB62B5
:1091100020233B62DBF80030B14E1B78F35C13F088
:10912000080340F0BB847C6A7E621D4601F03AFD74
:10913000A8423FF48DADDBE9003207F5B87013F8B3
:10914000011B4155013A032CCBE9003205F1010521
:1091500007F1680602D13368042B04D008220021ED
:10916000304601F09BFC07F5B872B96C00962B46AF
:10917000484601F0CDFB421C04463FF469AD00288F
:1091800040F07884BB6C186003F0A8FC002840F025
:109190005C86AA4408F1FF387B6B002B40F03386D5
:1091A000BB6CFA6B0433BB64002A00F02C86BA6AED
:1091B0009D1A3B6AB3EBA50F40F256877D6B00F01A
:1091C0005CBCB8F1000F08BF4FF0FF38E00740F17A
:1091D0007B8214F01003BB6240F0F383210640F160
:1091E000ED853E6B56F8043B3B62002B3FF439ADF6
:1091F000802001F09DF80446002800F0EE863B6ACE
:109200003A6C1860D58893889D4280F0DD841068A0
:109210003B6A40F825303B6C3E630135DD802023FE
:10922000FC61BB617E6AC7F83CA00025C246A0462F
:1092300001F0B8FCA8423FF40BADDBE9003213F8B3
:10924000011B013A07F5B870CBE90032032E05F196
:1092500001034155BB6407F1600402D12368042B6C
:1092600004D008220021204601F018FC07F5B8724E
:10927000BB6C00944146484601F04AFB421C06463E
:109280003FF4E6AC002840F0CA82C8F8000005466A
:1092900007F168030822002118467B6301F0FEFBFA
:1092A00050497B6BD1F8E0102A4648460D4607F13D
:1092B0005001A847012800F0D583002207F1700370
:1092C0009B5C002B00F0A185FB6BBA6C032E134452
:1092D000FB6300F0CA830AF1FF3ABB6A5BB93B6AE1
:1092E00008F104083BB1FB69A8EB0304BB69B3EBCD
:1092F000A40F40F20584DBF80430002B4FF000058A
:1093000040F39682BAF1000F92D1D7F83CA07E626A
:109310004446BB6A002B7FF4D6AB23603B6A002B2C
:1093200000F0C281FB69BA69E11A8B1001339A42DD
:1093300040F2BA813C6A0431206802F0F5FB002853
:1093400000F0B2812060AFE121057FF5B3ADFB6B8A
:10935000B96C5B187FF4AEADBB6424F4C074FB63DE
:1093600093E5214B24F4386433F916606BE604F47A
:109370001863B3F5807F7FF49DAD7B6B012B7FF489
:1093800099AD302305F8013B24F48074002344F4A4
:109390000064013E7B6378E5BB6C062B40F074856E
:1093A0000723BB6471E523057FF584AD04F4A06356
:1093B000B3F5806F05D061057FF57CAD7B6B002B2D
:1093C00047D0A30504D47B6BF9695B1AC7E9055341
:1093D00024F47864002344F4C0747B6355E500BF33
:1093E0009525002038A30020BC410020FB6B002BFA
:1093F00000F0FF81FB6B022B00F0B083BB6C012BF4
:1094000000F0F181042B00F0EE8153E5BB6C072BDB
:1094100040F03A850823BB6437E5200500F1F98167
:10942000FB6B012B7FF446AD0223FB632DE5230686
:109430007FF540AD24F0800427E5BB6C002B40F0A5
:10944000CC817B6BB3B904F4E063B3F5E06F00F05B
:109450002085BE6C18EE109A33E5210500F1B78126
:10946000BB6C022B40F010850323BB640DE5200587
:109470009CD56CE7BE6C18EE109A24F4807420E53D
:109480008D4B33F91660082E3FF7DBADE8E504F4A9
:10949000C063B3F5007F7FF4E3AD24F4007444F4BB
:1094A000A0641026CFE523067FF5DAAD24F0800412
:1094B000C9E544F00104DBF80430F964002B44F002
:1094C00040044FF000053FF7F8AB5946484603F01B
:1094D000EFFC00287FF4BCAB60063FF5F1ABDBF896
:1094E0000020764E1378F35C19077FF5E9ABDBF8C3
:1094F0000430013B002B0AF1010ACBF8043002F1E1
:1095000001024ADDCBF800201378F35C19077FF5E0
:10951000D7ABECE744F00104694BFB620823F96424
:10952000BB630325FFF7C4BB44F00104654BFB623A
:109530000A23F964BB630325FFF7BABB23057FF554
:1095400082AD16B944F400740826630500F1A681C3
:10955000FB6B24F460741BB1013BFB6308F1010851
:109560004B68013B002B0AF1010A4B603FF773ADDA
:109570004846B96403F09CFCB96C00283FF46DAD1B
:109580006EE518EE100A594603F092FC00287FF4AD
:1095900091AC002E7FF4C4AB8CE45946484603F0EE
:1095A00087FC00287FF454ABDBF800209AE7DBF857
:1095B00004200FE0DBF800301A78B25C110703F1E9
:1095C00001037FF580AADBF80420013ACBE90032E1
:1095D0000AF1010A002AEDDC5946484603F068FC0E
:1095E0000028E7D0FFF76FBAE10600F1498314F0D5
:1095F000800400F0AB833C6B54F8046BBE64002E17
:109600003FF42FAB202000F093FE0546002800F029
:1096100062843A6C30609388D6889E4280F0A8823B
:109620001068BB6C40F826303B6C3C630136DE8032
:109630002023FB63DBF80020204E1178715C0807C3
:1096400000F1AC8233462C4610462E46DBF804105F
:10965000BA6C0139CBF80410411CCBF80010354628
:10966000017805F8011B22B1FA6B2E1B964280F09F
:109670007A83B8F101080BD0DBF8041000292E46DC
:1096800040F3AE83DBF800000178595C0907DDD5B3
:10969000291B8A4401314FF000032B70BB6C1BB1B6
:1096A000FB6B8B4200F294837B6C01337B64FFF78E
:1096B0000ABA0023FB6361E4BC4100209525002029
:1096C000DD640100D5A50100E60600F1818114F0FA
:1096D000800400F06D833C6B54F8046BBE64002E74
:1096E0003FF4BFAA202000F023FE0546002800F02A
:1096F000F2833A6C30609388D6889E4280F07A82FA
:109700001068BB6C40F826303B6C3C630136DE8051
:109710002024DBF8002007F1700319461378CB5C96
:10972000002B3FF49EAA08EE109AD7F84890C7F88D
:109730003CA02E46A24610460C46DBF80410431C03
:109740000139CBE900312946007801F8010BB9F164
:10975000000F02D08D1B55457AD20D46B8F1010895
:109760000AD0DBF80410002940F36A81DBF800001E
:109770000178615C0029E0D1544618EE109AD7F8C0
:109780003CA0AE1B3FF46DAA4FF000032B70BB6CE6
:109790001BB1711C8C4200F22D837B6C0133B244EF
:1097A0007B64FFF790B900233B61FFF7A9BA14F07F
:1097B0008F0F7FF456AA08EB880802EB4808A8F13F
:1097C0003008FFF767BAF9640425FFF771BAFB6B3D
:1097D000B96C5B187FF444AEBEE5BB6C032B02D0C2
:1097E000052B7FF467ABBB6C0133DBB2BB64FFF7C7
:1097F0004CBB7B6B002B7FF401AE04F4E063B3F54C
:10980000E06F7FF4FBAD012324F4F064FB63FFF70A
:109810003CBBFB6BB96C5B187FF402AE9CE5831C10
:1098200040F05B84DBF80430BD6C002B3FF700ADEB
:109830005946484603F03CFB00283FF463ADD7F897
:109840003CA07E624446002D3FF463ADFFF700BAB2
:109850004FEA4A0A3046514602F066F906460028A9
:1098600000F039830544C9F8000077E744F4007438
:10987000BC4BFB621023F964BB630325FFF718BAE6
:109880007B6B01337B633B6924F08004002B3FF446
:10989000FEAA3B69013B3B61FFF7FABA24F4B064CE
:1098A000FFF7D1BB220740F1C7813B6B53F8042B74
:1098B0003B631070FFF7F3BB15F8011C5A4648468E
:1098C000013D03F0B5FAFFF7D5BBFB697A6B934214
:1098D0003FF42DAB9A1A07F2C3239D4228BF07F22B
:1098E000C225A149284603F011F9FFF720BBE20683
:1098F00000F13181230700F1BA81660740F1B4829B
:109900003B6BF96453F8042B3B63A2F800A0FFF70C
:10991000DAB823077FF4A5A94278682A00F0868187
:1099200044F004040846FFF72FB98E4BFB620A236C
:10993000F964BB630325FFF7BBB98C4BFB620023C3
:10994000F964BB630325FFF7B3B944F408748FE7E8
:1099500007F1700002F06EFA44F04004F86401254B
:10996000FFF7A6B922077FF47CA942786C2A00F0A1
:10997000578144F001040846FFF706B914F08F033D
:109980007FF46FA93A6C002A00F0E781427844F036
:1099900080040846FFF7F8B858EA04087FF461A984
:1099A000427810240846FFF7EFB8F964FFF7A7B82C
:1099B00000233B62BB62FB6307F15403BB64FFF708
:1099C000A9BB0023C7E906333B6207F1540429E42D
:1099D000DBF8003007F1700211461A788A5C002A21
:1099E0003FF43FA90133CBF80030DBF80430B8F185
:1099F000010F03F1FF33CBF8043018BF0C4614D12C
:109A0000FFF753BBDBF800301A78A25C0133002A61
:109A10003FF44BABCBF80030DBF804300135013BB1
:109A20004545CBF804303FF440AB002BEADC594607
:109A3000484603F03DFA0028E4D0AA44FFF743B8B3
:109A400018EE100A594603F033FA00283FF48EAEA0
:109A5000B542544618EE109AD7F83CA07FF491AE68
:109A6000FFF7F6B897F8502028E42368042B7FF41A
:109A700032AC32E4831C40F03983DBF80430002B35
:109A800040F3D781DBF800307A6A1B78D35C180783
:109A900003D4B8F1000F7FF449AB7C627B6B002BE1
:109AA0007FF411A8BA6C1360FB6B002B3FF4FCAD84
:109AB000BB6AD11A8B103A6A01339A427FF6F4AD31
:109AC000FC6B0431206802F02FF800287FF43AACD8
:109AD000EAE553F8042B82ED000B3B63E4E5FD68F7
:109AE000396A7E6828464246A346BC6803F02EF8D1
:109AF0007B6BFB6124F42074013E0546FFF7C8B977
:109B0000F869D9001D4602F00FF8F861002800F04E
:109B100064823A6A6B0000EB04081060BB61FFF7D7
:109B2000EABB022E40F2C482032E3FF4D3A9043EC6
:109B30005FFA86F86FEA0803EE1815F8011D5A4619
:109B4000484603F075F9AE42F7D10AF1FF3AAAEBA5
:109B5000080AFFF7BFB9F964FEF7B5BF0323FB633B
:109B6000FFF793B9DD6401008C250020D5A5010025
:109B70004FF6F672934200F297823A6C08339BB22A
:109B80001068F86399007B6301F0CEFF002800F0B5
:109B90007B823A6C7B6B9380106042E501217AE511
:109BA0004FF6F672934200F2938208339EB23B6CFA
:109BB000B100186801F0B8FF3B6C002800F03E824D
:109BC0009E801860FFF79BBA4FF6F672934200F240
:109BD0007F823A6C08339BB299001068BB6401F035
:109BE000A3FFBB6C002800F028823A6C93801060C1
:109BF000FFF70EBB4FF6F672934200F255823A6CB5
:109C000008339BB21068F86399007B6301F08CFF06
:109C1000002800F039823A6C7B6B9380106070E50D
:109C2000827844F002040230FEF7AEBF827844F03E
:109C300008040230FEF7A8BF630758D414F00102ED
:109C40007FF428AAA6077FF525AAB34BF96A9942A3
:109C50004846BB6BB96A00F03D8202F02DFE3B6BBB
:109C600053F8042B3B63C2E90001FFF718BA3B6BC2
:109C7000F96453F8042B3B6382F800A0FEF723BF7E
:109C8000DBF80030A54E1A78B25C12073EF51BAF28
:109C90000133CBF80030DBF80430B8F1010F03F1E9
:109CA000FF33CBF8043008BF0AF1010A3EF40BAFD2
:109CB000012411E0DBF800301A78B25C150703F1DB
:109CC000010311D4CBF80030DBF804300134013B40
:109CD0004445CBF8043007D0002BEBDC594648460E
:109CE00003F0E6F80028E5D0A244FEF7ECBE3B6B9B
:109CF00053F8042B3B631080FFF7D1B93B6C002B6A
:109D000000F06E813B6CD3F80080DE8876B10024D1
:109D1000A8F10405A14655F8043F186800F010FBAF
:109D200001342B68A642C3F80090F4D14FF0FF3302
:109D30007B64B8F1000F7EF49CAFFEF79DBF7848BE
:109D40003B6302F009F984ED000AADE43A6BFC6371
:109D500052F8045B3A63BC646CE482B0CDE9023330
:109D600002AB3B6412E67B63530020461946FB635B
:109D700001F0DAFE0446002800F0AD80BB6C8519C6
:109D800018607B6B75E47D6929460A2301314846DA
:109D900002F0CCFCBB69C21A9DE5D7E90C3253F83E
:109DA000041B3A62B9643B63BA62FA63FFF7B2B963
:109DB0003B6BBC6453F8045B3B63AAE43B6BBA6A3D
:109DC00053F8044BBA61C7E907223B63FFF72ABA8D
:109DD000BC6C206801F0A8FE00287FF4B3AA63E4FD
:109DE000594648467B6303F063F87B6B00283FF4D9
:109DF00049AC4DE418681C4601F096FE00283FF47B
:109E0000CCAC2060C9E4002537E6BD6CD7F83CA097
:109E10007E624446002D3FF47CAA013D07F5B873ED
:109E20005A46595D484603F003F8002DF5D1FFF777
:109E300070BA5946484603F03BF800283FF422AE7A
:109E40007C62002D7EF404AF28E67C62002D3FF496
:109E500025AE013D07F5B8735A46595D484602F0F4
:109E6000E7FF002DF5D119E6E5073CD4A4073AD564
:109E70003B6BF96453F8042B3B634FEAEA73C2F877
:109E800000A05360FEF71FBE18EE109A1E46FFF7A3
:109E900014B8012324F4F064BB64FEF7F6BFB8F1F4
:109EA000010F38BF4FF0010814F001033AD1E50665
:109EB00000F13681240640F14C813B6B53F8045B82
:109EC000BB64002D3EF4CDAE404600F031FA0346AF
:109ED000002840F0DC803B6C002B00F08180D3F840
:109EE0000080DE8812E73B6BF96453F8042BC2F85C
:109EF00000A03B63FEF7E7BD2B46BD6AAB427EF692
:109F0000B0AE1C4614F8011D5A46484602F090FFB8
:109F1000AC42F7D1FEF7A5BEDD6401009525002017
:109F2000C813002014F010037B635ED00025FD638E
:109F3000BD642E4600244B46C146A84625461C4615
:109F400000F030FEA8423EF483AEDBE9003213F8A5
:109F5000011B013ACBE900327A6A07F5B870032A8F
:109F6000415505F1010307F1680502D12A68042A69
:109F700006D0082200212846BB6200F08FFDBB6A94
:109F8000009507F5B87231462046BB6200F0C0FC70
:109F9000431C78623EF45CAEBB6A002840F0478107
:109FA0007A6B02B932609A4409F1FF397B6B002B5E
:109FB00040F07581BB6C002B00F07081FB6BF51AD3
:109FC000B8EBA50F00F26A8118464FEAC80101F00C
:109FD000ABFDF863002840F05C813B6C002B2DD179
:109FE0004FF0FF337B64FEF747BE220640F18F80BF
:109FF0003C6B54F8043BBB64002B3EF432AE802033
:10A0000000F096F906460028E7D0BB6C18603B6C60
:10A01000DD889A889542C0F0B3804FF6F6718A4287
:10A0200056D8083293B23A6CFB639900106801F07D
:10A030007BFDFB6B002840F0AE803B6CDB883A6C0C
:10A040001E46D2F8008061E62B46BD6AAB427EF622
:10A0500008AE1C4614F8011D5A46484602F0E8FEB8
:10A06000AC42F7D1FEF7FDBD1046D9001E4601F007
:10A070005BFDB8620028B0D04219BA64FA6B7D6B00
:10A08000106073003B62F8E4D7F83C803EE6396C20
:10A090002860CE888A889642C0F08E804FF6F6718E
:10A0A0008A42386340F2A5803B6CD3F800802DE6ED
:10A0B000BA6A95427EF6D5AD2C46BD6A14F8011DEC
:10A0C0005A46484602F0B4FEAC42F7D1FEF7C9BD8D
:10A0D0002B46B4E702F0C0FCC1E5D8F800301D46BD
:10A0E00001337FF4D5A82A46FFF7E8B8BB6C18689F
:10A0F00002F0F4FC00287FF4A8AE032CAA447FF4FD
:10A1000049A83368042B7FF445A8FFF745B8D7E981
:10A110000C3253F8046B3B631546FA63BA6409E7E3
:10A120001C46DBF80430984539DDDBF800201A4482
:10A13000CBF80020594648461C44A8EB030802F01F
:10A14000B7FE0028EDD0002C3EF482ADA244FEF70D
:10A15000BABC3D6B43462968CDF800B001224846A1
:10A1600002F0C4FE044600283EF472AD0435BD641E
:10A170007B6C01337B64BB6C3B63A244FEF7A3BCE6
:10A180001868BB6C40F825303B6C3C630135DD80C2
:10A19000FE632025CEE63A6C93801060F1E7A3EBD6
:10A1A0000803CBF80430DBF8003044444344CBF8D8
:10A1B0000030A244FEF787BC0A68FA63FA6B42F8E3
:10A1C00026503A6C0136B6B2D6801946CDF800B0AA
:10A1D00043460122484602F089FE0446D8B1804534
:10A1E000C6D92868214601F09FFC0028C0D028600D
:10A1F000BEE73B6C083294B21A687A631046A1003D
:10A2000001F092FC7A6BF86300285BD03B6C9C8079
:10A2100018603B6BD2E77B6CD7F83C80002B3FF497
:10A2200075ADBBF80C305B067EF51DAD6AE57A6A4C
:10A2300002321DD1DBF80420002A1D463FF780AE14
:10A240005946204602F034FEE0B9B9F1000F7FF420
:10A2500077AE4546A146BB6C23B1FB6BF11AB5EB5B
:10A26000A10F27D87B6B002B7EF42DACFFF71CBA17
:10A270009A447B6A032B7FF497AE2B68042B7FF400
:10A2800093AE93E6A1462C464546002CE3D0FEF75C
:10A29000DFBCBA6C461910604FEA48080436DBF898
:10A2A0000430002B4FF00005CADDB9F1000F7FF438
:10A2B00047AECEE7BC6C206801F036FC0028D1D058
:10A2C0002060CFE7904621E5F0B5ADF5057D04AF00
:10A2D000009313464FF400720E460392394603AAC8
:10A2E000054601F0FFFC88B104460246039B314657
:10A2F0002846FEF7A5FBBC42039004D02846214621
:10A3000002F06CF803980DF5057DF0BD4FF0FF30BD
:10A31000F9E700BF10B4054C8446134620685DF889
:10A32000044B0A466146FFF7CFBF00BFC0A800201C
:10A33000024B0146186800F00BB800BFC0A800200F
:10A34000024B0146186802F049B800BFC0A80020BF
:10A350002DE9F04F01F10B06162E83B0044624D8E8
:10A36000102900F2BA8000F0F3FD10261822022016
:10A37000B54F3A44A2F1080153688B4200F0BA800D
:10A380005A68D96822F003021A449D68E9608D601A
:10A39000516841F001012046516003F1080500F0C9
:10A3A000DDFD284603B0BDE8F08F36F0070600F16A
:10A3B0009480B14200F2918000F0CAFDB6F5FC7FB6
:10A3C000C0F09A81730A00F08F80042B00F26F8135
:10A3D000B30903F1390003F1380CC3009A4F3B4431
:10A3E000A3F108055B689D4206D10CE0002980F2CC
:10A3F0002781DB689D4206D05A6822F00302911B38
:10A400000F29F3DD60463D69DFF850C265457CD019
:10A410006A6822F00302931B0F2B00F37B81002B51
:10A42000C7E904CC80F26C81B2F5007F80F01A811C
:10A43000D308796801334FEA521E012202FA0EF264
:10A440000A4357F833E0C5F808E007EBC3010839C1
:10A45000E9607A6047F83350CEF80C508310012140
:10A460009940914257D8114206D120F0030049008B
:10A47000114200F10400FAD007EBC0094D468646B0
:10A48000D5F80C80454508D11DE1002B80F22481D0
:10A49000D8F80C80454500F01681D8F8042022F049
:10A4A0000302931B0F2BF0DD2046D8E9025408EB82
:10A4B000060146F00106C8F80460EC60A56043F0B0
:10A4C0000104C7E90411C1E902CC4C6048F802302C
:10A4D00000F044FD08F1080502E00C23236000258C
:10A4E000284603B0BDE8F08F4FF4007340204FF0D2
:10A4F0003F0C73E7D3689A4208BF02307FF440AF45
:10A500003D69DFF858C1654582D17A688310012121
:10A5100099409142A7D9BD686B6823F003094E4565
:10A5200003D8A9EB06030F2B7ADCDFF834B1474BD5
:10A53000DBF800201B680132334405EB090A00F008
:10A54000338103F580530F3323F47F6828F00F081D
:10A550004146204602F06AFB411C024600F0F380AF
:10A56000824500F2EE803A4B196841441960084672
:10A5700000F04E81DBF80010019301311BBFA2EB0C
:10A580000A010918CBF80020196012F0070B00F03F
:10A590001781CBF108010A44CBF580519044083172
:10A5A000A1EB0801C1F30B0A51462046009202F0CC
:10A5B0003DFB421CDDE9002300F04F81801A00EBD7
:10A5C0000A081968BA6048F001005144BD42506061
:10A5D000196000F02981B9F10F0F40F227816868F6
:10A5E000A9F10C0C2CF0070C00F0010040EA0C0063
:10A5F00068604FF0050E05EB0C00BCF10F0FC0E9D1
:10A6000001EE00F2328150681546124B1A688A42F8
:10A6100038BF1960104B1A688A4238BF196094E03D
:10A62000AA1943F0010346F001066E602046BA60A5
:10A63000536000F093FC0835284603B0BDE8F08F66
:10A64000D9681A44A1E600BFA4A4002038CD002098
:10A6500008CD002030CD002034CD0020ACA4002057
:10A66000ACA80020B2F5206F4FEA522363D3142B1D
:10A6700000F2B78003F15C01C9005B3307EB010E08
:10A680007958AEF1080E8E4500F091804B6823F0AA
:10A690000303934202D989688E45F7D1D1F80CE0C3
:10A6A0007A68C5E9021ECEF80850CD60D6E6142BB4
:10A6B00059D9542B00F29D80330B03F16F0003F145
:10A6C0006E0CC3008AE60EF1010E1EF0030F05F1B9
:10A6D00008057FF4D5AE51E0424445465368D8F8AA
:10A6E0000C1043F00103536055F8083F2046D96031
:10A6F0008B6000F033FCF3E6F00806F1080237E661
:10A700002A442046536843F001035360083500F0A3
:10A7100025FCE5E6A919204646F0010643F00104B0
:10A720006E60C7E90411C1E902CC4C60AB5000F087
:10A7300015FC0835D4E6930903F13901C900383313
:10A740009CE7BD425FD0BD68686820F003084645BD
:10A75000A8EB060302D80F2B3FF762AF204600F0AC
:10A76000FDFB0025BCE603F15C0003F15B0CC300BC
:10A7700034E659F808394B4540F0968010F0030F45
:10A7800000F1FF30F5D17B6823EA01037B604900CB
:10A7900099423FF6C0AE19B9BDE649000EF1040E6C
:10A7A0001942FAD0704667E603F11008D0E69A1015
:10A7B0004FF001087B6808FA02F21A437A6070E7EA
:10A7C00002EB08014942C1F30B0A514620460092B0
:10A7D00002F02CFA431CDDE900237FF4EFAEDA46E9
:10A7E000EFE6542B25D8130B03F16F01C9006E332C
:10A7F00044E7B3F5AA7F25D8F30B03F1780003F102
:10A80000770CC300EAE5294B186840441860B1E6AC
:10A81000CAF30B0CBCF1000F7FF4ACAEBD68C844AA
:10A8200048F001006860F0E61546EEE6012353604B
:10A8300094E7B3F5AA7F23D8D30B03F17801C900BD
:10A8400077331BE740F25452934223D8B30C03F101
:10A850007D0003F17C0CC300C0E5ABF1080BD844CC
:10A86000A8EB02084FF0000AABE605F1080120460C
:10A87000009301F0B3FDBD68009B68681968C4E6E9
:10A8800040F254518B420BD8930C03F17D01C90067
:10A890007C33F3E64FF47E737F204FF07E0C9DE512
:10A8A0004FF47E717E23E9E67B6870E708CD0020D7
:10A8B000032A70B514D940EA01039B0722D104464C
:10A8C0000B46194620460E680568B54204F104049B
:10A8D00003F1040316D1043A032A20461946F0D89E
:10A8E000541E9AB1421E013901E0C3180CD012F86F
:10A8F00001EF11F801CFE645A4EB0203F5D0AEEB72
:10A900000C0070BD541EEDE7184670BD104670BDBA
:10A9100070B582B00446069D55B16AB10F480095E6
:10A92000D0F8E4602046B047431C10D002B070BDA0
:10A9300000F1F405002AF1D1084B0095D3F8E4604A
:10A9400011460123064A2046B047431CEED100229F
:10A950008A232A60236002B070BD00BF38A30020A4
:10A96000C813002088420DD98B1883420AD900EB06
:10A97000020CBAB1624613F801CD02F801CD99423A
:10A98000F9D170470F2A0ED8034602F1FF3C4AB1B5
:10A990000CF1010C013B8C4411F8012B03F8012F41
:10A9A0006145F9D1704740EA01039B0750D1A2F1FC
:10A9B000100370B501F1200C23F00F0501F1100E0A
:10A9C00000F11004AC441B095EF8105C44F8105C04
:10A9D0005EF80C5C44F80C5C5EF8085C44F8085CBB
:10A9E0005EF8045C44F8045C0EF1100EE64504F1D8
:10A9F0001004E9D1013312F00C0F01EB031102F046
:10AA00000F0400EB031327D0043C24F003064FEAA5
:10AA1000940C1E441C1F8E465EF8045B44F8045FD1
:10AA2000B442F9D10CF1010402F0030203EB8403F8
:10AA300001EB840102F1FF3C4AB10CF1010C013B36
:10AA40008C4411F8012B03F8012F6145F9D170BD39
:10AA500002F1FF3C03469BE72246EBE700B50B4CB7
:10AA600025681446EE681A4685B003460D464CB17B
:10AA700007490095CDE901143046064902F01AF85D
:10AA8000FAF764FF04490C46F3E700BFC0A80020B2
:10AA90007823002088230020C8130020830730B5C6
:10AAA00048D0541E002A3FD0CAB2034601E0013C00
:10AAB0003AD303F8012B9D07F9D1032C2DD9CDB240
:10AAC00045EA05250F2C45EA054536D9A4F11002C3
:10AAD00022F00F0C03F1200EE6444FEA121C03F1A2
:10AAE000100242E9045542E9025510327245F8D18C
:10AAF0000CF1010214F00C0F03EB021204F00F0C26
:10AB000013D0ACF1040323F003030433134442F8DD
:10AB1000045B9342FBD10CF003042CB1C9B21C447A
:10AB200003F8011B9C42FBD130BD64461346002C48
:10AB3000F4D1F9E703461446BFE71A46A446E0E716
:10AB400013460A460146022005F00EB870B50D4EB8
:10AB50000D4D761BB61006D0002455F8043B013489
:10AB60009847A642F9D1094E094D761B06F0ECFF35
:10AB7000B61006D0002455F8043B01349847A6428D
:10AB8000F9D170BD501F0060501F0060601F006051
:10AB9000501F0060704700BF704700BF704700BF84
:10ABA000704700BF014B93F82801704738A300207D
:10ABB0000048704728A40020A2EB0300704700BFA4
:10ABC00002780B78012A28BF9A42F5D16DE9044535
:10ABD00040EA0104CDE902676FF0000C4FEA4472CD
:10ABE00012B380EA010414F0070F6AD100F00704E1
:10ABF00020F0070004F0030521F007014FEAC50526
:10AC0000F0E8042314F0040FF1E804670CFA05F4EB
:10AC100062EA040266EA04060AD063EA04036246B2
:10AC200067EA0407664603E0F0E80423F1E80467F6
:10AC300082FA4CF582EA0604A4FA8CF46CBB83FA1F
:10AC40004CF583EA0705A5FA8CF595B950E902237E
:10AC500051E9026782FA4CF582EA0604A4FA8CF400
:10AC600083FA4CF583EA0705A5FA8CF52543DBD07A
:10AC70009CB92DBAB5FA85F424F0070427FA04F13B
:10AC8000DDE9026723FA04F303F0FF0001F0FF019E
:10AC9000FDE80445A0EB0100704724BAB4FA84F43F
:10ACA00024F0070426FA04F1DDE9026722FA04F22F
:10ACB00002F0FF0001F0FF01FDE80445A0EB0100F8
:10ACC000704714F0030F3CD110F0030428D150F862
:10ACD000082B51F8083B82FA4CF582EA0305A5FAE5
:10ACE0008CF55DB950F8042C51F8043C82FA4CF50F
:10ACF00082EA0305A5FA8CF5002DE8D02DBAB5FA45
:10AD000085F424F0070423FA04F122FA04F202F095
:10AD1000FF0001F0FF01FDE80445A0EB01007047D2
:10AD20004FEAC40420F0030050F8082B21F003017F
:10AD300051F8083B0CFA04F462EA040263EA0403E3
:10AD4000C9E710F003041AD0A1EB040120F00300BE
:10AD5000E40750F8042B06D00FD28B785FFAA2F4E8
:10AD6000E41A06D12BB1CB785FFAB2F4E41A00D121
:10AD70001BB920465DF8104B704701F1040150F8F3
:10AD8000042BCC0721F0030151F8043B48D824D20E
:10AD900022F07F4482FA4CF594EA1325A5FA8CF54B
:10ADA0000AD165B951F8043B84EA0204B4EB036F9D
:10ADB0000ED150F8042BEBE74FEA132355E035F0A2
:10ADC0007F454DD10878FDE80445C0F1000070478B
:10ADD0004FEA126203F0FF0347E002EA1C4482FAE2
:10ADE0004CF594EA1345A5FA8CF50AD165B951F8EA
:10ADF000043B84EA0204B4EB034F0CD150F8042B5B
:10AE0000EBE74FEA134330E015EA1C4528D10B88E5
:10AE10004FEA124229E04FEA124203EA1C4324E0BF
:10AE200002F0FF0482FA4CF594EA1365A5FA8CF55A
:10AE30000AD165B951F8043B84EA0204B4EB032F4C
:10AE400009D150F8042BEBE74FEA13630DE015F03E
:10AE5000FF0F05D10B684FEA122223F07F4304E075
:10AE60004FF00000FDE80445704712BA1BBA82FAA1
:10AE70004CF482EA0304A4FA8CF5B5FA85F402FADC
:10AE800004F203FA04F34FEA1260FDE80445A0EB74
:10AE90001360704780EA0102844612F0030F4FD11D
:10AEA00011F0030F32D14DF8044D11F0040F51F899
:10AEB000043B0BD0A3F101329A4312F0803F04BF50
:10AEC0004CF8043B51F8043B16D100BF51F8044B39
:10AED000A3F101329A4312F0803FA4F101320BD169
:10AEE0004CF8043BA24312F0803F04BF51F8043BEE
:10AEF0004CF8044BEAD023460CF8013B13F0FF0F4B
:10AF00004FEA3323F8D15DF8044B704711F0010F7D
:10AF100006D011F8012B0CF8012B002A08BF70474E
:10AF200011F0020FBFD031F8022B12F0FF0F16BF45
:10AF30002CF8022B8CF8002012F47F4FB3D170470D
:10AF400011F8012B0CF8012B002AF9D1704700BF32
:10AF50000148FFF723BE00BF00CD00200148FFF7E6
:10AF60001FBE00BF00CD0020436C70B505460C46E7
:10AF70004BB153F8240080B1026843F82420002329
:10AF8000C0E9033370BD2122042100F091FD034686
:10AF900068640028EDD1002070BD012101FA04F69B
:10AFA000721D9200284600F083FD0028F3D0C0E90E
:10AFB0000146E4E731B1436C4A6853F82200086067
:10AFC00043F82210704700BF2DE9F0410E6980461A
:10AFD0000F461D4601F1140E0020DEF800108CB261
:10AFE00002FB0453090C4FEA134C02FB01CC013065
:10AFF0009CB204EB0C4486424EF8044B4FEA1C45CD
:10B00000EBDC3DB1BB68B34207DD07EB86030136DD
:10B010005D613E613846BDE8F081796840460131A6
:10B02000FFF7A2FF0446B0B13A69023207F10C0102
:10B0300092000C30FAF7D6F9D8F844307A6853F811
:10B040002210396043F82270274607EB8603013649
:10B050005D613E61DEE7034B03482246BA21FFF7FC
:10B06000FDFC00BFB8230020302500202DE9F84367
:10B070001746274A1E4608330C46092E82FB031248
:10B080004FEAE3730546C3EB620339DD4FF0010C71
:10B0900000214FEA4C0C634501F10101F9DC28461F
:10B0A000FFF762FF014668B3089B4361092F4FF029
:10B0B0000103036112DC0A340927BE420BDDF21BD7
:10B0C000A61814F8013B0A22303B2846FFF77CFF04
:10B0D000A6420146F5D10846BDE8F88304F1090906
:10B0E000C8463C4418F8013B0A22303B2846FFF78B
:10B0F0006BFFA0450146F5D1A7F108044C44DCE7FD
:10B100000021CCE70A46034B0348D321FFF7A6FCF6
:10B11000398EE338B823002030250020030C1B04AF
:10B12000D3B90004102310F07F4F04BF000208338E
:10B1300010F0704F04BF0001043310F0404F04BF03
:10B1400080000233002805DB10F0804F03F101037B
:10B1500008BF2023184670470023E4E7036813F074
:10B16000070208D0D9071FD49A0722D55B080360CD
:10B1700001221046704799B209B91B0C1022D9B2AE
:10B1800009B908321B0A190704BF1B0904329907C1
:10B1900004BF9B080232D90703D45B0802F1010205
:10B1A00005D00360104670470022104670472022E9
:10B1B000DFE79B08022203601046704738B5436CF6
:10B1C00004460D464BB15868B0B102685A6000227F
:10B1D0000123C0E90435C26038BD2122042100F0FA
:10B1E00067FC034660640028EDD1094B0948002242
:10B1F00040F24511FFF732FC1C220121204600F0ED
:10B2000057FC0028F1D001220223C0E90123DEE728
:10B21000B8230020302500202DE9F04F0E69156974
:10B22000AE4285B08846144605DB2A46234635469D
:10B230000C4616469846A3686168AF19BB42B8BF72
:10B240000131FFF791FE0190002800F08780019BFB
:10B2500003F1140909EB870AD14505D24B460022B8
:10B2600043F8042B9A45FBD808F1140808EB860B29
:10B2700004F11403D8451A4603EB85055FD22B1B56
:10B28000153B23F0030304331534A54238BF0423D0
:10B29000CDE902A7AC461F46924605E0090C29D12C
:10B2A000C34509F1040948D958F8041B8DB2002D93
:10B2B000F4D056464C46002356F8041B22681FFA69
:10B2C00081FE90B2090C05FB0E00120C034405FB35
:10B2D000012202EB13429BB243EA0243B44544F815
:10B2E000043B4FEA1243E7D849F8073058F8041CEA
:10B2F000090CD5D0D9F8003050461A464C460026E5
:10B300000588120C01FB052216449BB243EA064352
:10B3100044F8043B50F8045B22682D0C93B201FB07
:10B32000053303EB164384454FEA1346E8D8C3457B
:10B3300049F8073009F10409B6D8DDE902A7002F62
:10B3400002DC05E0013F03D05AF8043D002BF9D0A0
:10B35000019B18461F6105B0BDE8F08F034B044800
:10B36000019A4FF4B171FFF779FB00BFB8230020B9
:10B370003025002012F003032DE9F0411446064663
:10B3800032D10D46A41020D0D6F84080B8F1000F7D
:10B3900033D0E3074FF0000707D4641015D0D8F876
:10B3A0000000A8B18046E307F7D54246294630465B
:10B3B000FFF732FFB5B16968736C641053F8212050
:10B3C0002A6043F821500546E9D12846BDE8F081BE
:10B3D000424641463046FFF71FFFC8F800000760AD
:10B3E0008046E0E70546D8E7013B0F4A52F82320A4
:10B3F0000023FFF7E9FD0546C4E701213046FFF7CA
:10B40000B3FD804640B1012340F27122C0E904320D
:10B41000002330640360BCE7044B0548424640F219
:10B420004511FFF71BFB00BF64960020B8230020E6
:10B43000302500202DE9F0470D4614462F69AB68F2
:10B44000496807EB62177E1C9E4280464FEA6219EC
:10B4500004DD5B009E4201F10101FADC4046FFF78A
:10B4600083FD8446002852D0B9F1000F00F1140288
:10B470000EDD09F105014FEA810E134600EB810153
:10B48000002043F8040B8B42FBD1AEF114031A44A5
:10B49000296905F1140314F01F0E03EB81012ED06E
:10B4A000CEF1200910464FF0000A1C6804FA0EF491
:10B4B00044EA0A0440F8044B53F8044B994224FA36
:10B4C00009FAF2D84B1B153B23F00303043305F1B3
:10B4D0001500814238BF0423BAF1000F18BF374668
:10B4E00042F803A0D8F844306A68CCF8107053F8DA
:10B4F00022102960604643F82250BDE8F087043AE4
:10B5000053F8040B42F8040F9942F9D8EAE7034BC9
:10B51000034862464FF4EF71FFF7A0FAB82300200A
:10B52000302500200B6984460069C01A16D10CF141
:10B53000140C14310CEB830210B401EB830301E013
:10B54000944508D252F8044D53F8041D8C42F7D0AC
:10B5500005D24FF0FF305DF8044B70477047012073
:10B560005DF8044B704700BF2DE9F84F0F69136970
:10B57000FF1A002F0E4690467FD101F114051432B8
:10B5800002EB830205EB830301E09D4278D253F87E
:10B59000041D52F8044DA142F7D069D37168FFF73A
:10B5A000E3FC8146002877D03569D8F81020C760C1
:10B5B00008F1140E06F1140009F1140A06F1100145
:10B5C0000EEB820200EB850756464FF0000C5EF84A
:10B5D000044B51F804BFA3B21CFA8BFCACEB030381
:10B5E0004FEA144CCCEB1B4C0CEB234C9BB243EAC4
:10B5F0000C43724546F8043B4FEA2C4CE7D8A2EBCB
:10B600000801153908F11508424521F0030404F139
:10B61000040438BF0424204421F0030238BF002270
:10B6200087425244544418D92646014651F8043BF7
:10B630001CFA83FC4FEA2C4202EB13421FFA8CFCEB
:10B640004CEA02438F4246F8043B4FEA224CEDD8C5
:10B65000013F3F1A27F00307E21923B952F8043DCE
:10B66000013D002BFAD0C9F810504846BDE8F88FCC
:10B67000334601274646984690E7F9DB00278DE7D9
:10B680000021FFF771FC814668B101220023C9E95E
:10B6900004234846BDE8F88F064B07484A4640F267
:10B6A0004521FFF7DBF9034B03484A4640F23721B7
:10B6B000FFF7D4F9B82300203025002082B08DEDAB
:10B6C000000B164B019A1340A3F15073002B06DDBB
:10B6D00000221946104641EC100B02B070475B4245
:10B6E000B3F1A07F4FEA235209DA4FF4002313414C
:10B6F00000221946104641EC100B02B07047A2F12F
:10B7000014031E2BDABF4FF00042DA40012200235F
:10B710001946104641EC100B02B070470000F07F54
:10B72000F8B5046900F1140606EB8404271F54F8E9
:10B73000045C2846FFF7F2FCC0F120030A280B60E6
:10B740001BDDBE420BD20B3854F8081C2ED145F03D
:10B750007F5343F440130A4643EC102BF8BDB0F17D
:10B760000B01F4D005FA01F141F07F53002143F4BD
:10B7700040130A4643EC102BF8BDC0F10B0C25FA20
:10B780000CF1BE4241F07F5338BF54F8081C00F161
:10B79000150034BF21FA0CF1002105FA00F0014335
:10B7A00043F440130A4643EC102BF8BDC0F1200CC3
:10B7B000854021FA0CF345EA0307A4F10805AE42DF
:10B7C00001FA00F13CBF54F80C0C20FA0CF047F0E1
:10B7D0007F5338BF014343F440130A4643EC102B18
:10B7E000F8BD00BF2DE9F043884683B0012157EC36
:10B7F000106B1546FFF7B8FB0446002851D0C7F37D
:10B800000A59C7F31303B9F1000F01D043F48013B1
:10B81000002E019318D101A8FFF7A0FC019A6261E4
:10B82000012200F120032261B9F1000F25D0A9F215
:10B83000334909EB03022046C3F13503C8F8002061
:10B840002B6003B0BDE8F08368460096FFF786FCE6
:10B85000034610B3DDE90002C3F1200102FA01F151
:10B860000143DA4061610192002AA26114BF022201
:10B8700001222261B9F1000FD9D1A3F23243C8F8F5
:10B88000003004EB82031869FFF748FCC0EB421359
:10B8900020462B6003B0BDE8F083009A6261019AF4
:10B8A000E2E7034B0348224640F20F31FFF7D6F898
:10B8B000B823002030250020F0B583B00E4669463D
:10B8C0000746FFF72DFF01A9304655EC104BB0EEAF
:10B8D000407BFFF725FF33693A69D21ADDE9003171
:10B8E0005B1A03EB4213002B09DD17EE902A02EBE3
:10B8F000035545EC174B87EE000B03B0F0BD10EE7F
:10B90000902A51EC100BC3EB033302EB035141ECD3
:10B91000100B87EE000B03B0F0BD00BF01394911D9
:10B9200001F1010C116902F1140303EB81018B4257
:10B9300000EB8C0C17D210B5A0F1040E53F8044B99
:10B940004EF8044F9942F9D88A1AA2F1150323F050
:10B95000030304331844844504D9002340F8043B0E
:10B960008445FBD810BD844505D9002340F8043B2D
:10B970008445FBD87047704703694A11934200F130
:10B98000140009DA00EB830302E053F8042DC2B976
:10B990008342FAD80020704710DD11F01F010DD04E
:10B9A00010B450F8224000EB820324FA01F28A40DE
:10B9B00094420CD001205DF8044B704700EB8203E9
:10B9C000E6E70120704753F8042D002AF2D18342A4
:10B9D000F9D800205DF8044B704700BF11F0FF015B
:10B9E000034644D0820732D110B5046841EA012EE3
:10B9F0004EEA0E4E8EEA0402A2F1013323EA02035C
:10BA0000A4F1013222EA0402134313F0803F0FD164
:10BA100050F8044F84EA0E0CA4F10133ACF101326A
:10BA200023EA040322EA0C02134313F0803FEFD011
:10BA3000037823B936E010F8013F002B32D0994249
:10BA4000F9D110BD8A4211D09A071846CCD01846B9
:10BA500013F8012B002AF5D11046704799071846B4
:10BA600007D0184601330278002AF7D170478207C1
:10BA7000F7D10268A2F1013323EA020313F0803FF9
:10BA800008D150F8042FA2F1013323EA020313F086
:10BA9000803FF6D00378002BE8D010F8013F002B50
:10BAA000FBD17047184610BD0A22002100F040BEAD
:10BAB00038B5A1FB02148CBBFEF74AFC0546E0B189
:10BAC00050F8042C22F00302043A242A17D8132A2F
:10BAD0001AD91B2AC0E900441DD9242A14BF00F139
:10BAE000100200F118024FF00003C0E9024404BF45
:10BAF00004614461C2E900339360284638BD2146A1
:10BB0000FEF7CCFF284638BD02460023C2E90033C9
:10BB10009360284638BD00F10802F6E7FCF7A6FF5F
:10BB20000C2300250360E8E710B4044C03460A46E2
:10BB300020685DF8044B194600F014BAC0A8002034
:10BB400038B5074D0022044608462A60F9F7EEFE94
:10BB5000431C00D038BD2B68002BFBD0236038BDC0
:10BB600090CE0020024A0349034801F071B800BF9B
:10BB7000B4A8002011DB0100289B00200C4B416879
:10BB8000994210B5044601D004F06EF8A168094B43
:10BB9000994202D0204604F067F8E168064B9942CA
:10BBA00004D02046BDE8104004F05EB810BD00BFD0
:10BBB0003CCD0020A4CD00200CCE00202DE9F84380
:10BBC0002A4C2B4B2B48DFF8C090DFF8C0802A4F5F
:10BBD0001860002504230822294604F15C00274E42
:10BBE0006566C4E90253C4E90055C4E90455A5617A
:10BBF000FEF754FF224B63670822294604F1C40074
:10BC0000C4E90749C4E90987C4E91A55C4E91E55BE
:10BC1000C4F8CC502567C4F88050E662FEF73EFFBA
:10BC2000184BC4F8DC30294604F16803082204F5F7
:10BC30009670C4F88430C4E92298C4E92476C4E933
:10BC40003455C4E93855C4F83451C4F8D850C4F850
:10BC5000E850FEF723FF04F1D003C4E93C98C4E99F
:10BC60003E76C4F8EC30BDE8F88300BF3CCD002040
:10BC700074CE00200D9A010095680100B56801009E
:10BC800009000100120002002D6801005568010042
:10BC900010B504460A48FEF781FF636B23B9094BD0
:10BCA000094A1B68626323B1BDE810400448FEF7EF
:10BCB00077BFFFF783FFBDE810400148FEF770BF74
:10BCC00004CD002074CE0020259A01000148FEF723
:10BCD00065BF00BF04CD00200148FEF761BF00BF73
:10BCE00004CD002030B5146815469BB01A4609B142
:10BCF000002C19D100214FF42273ADF80C300091C3
:10BD000004914FF6FF7302910591ADF80E3069462C
:10BD10001E9B01F045F9002813DB009B28600022E0
:10BD20001A7004981BB030BD4FF4C16300910491A8
:10BD3000ADF80C302146E4DA8B23036000201BB001
:10BD400030BD0020EEE700BF000000000000000052
:10BD5000000000000000000090F800F06DE90245CE
:10BD600020F007016FF0000C10F0070491F820F0AC
:10BD700040F049804FF000046FF00700D1E9002344
:10BD800091F840F000F1080082FA4CF2A4FA8CF22B
:10BD900083FA4CF3A2FA8CF34BBBD1E9022382FA6B
:10BDA0004CF200F10800A4FA8CF283FA4CF3A2FAE8
:10BDB0008CF3E3B9D1E9042382FA4CF200F10800D4
:10BDC000A4FA8CF283FA4CF3A2FA8CF37BB9D1E992
:10BDD000062301F1200182FA4CF200F10800A4FAD6
:10BDE0008CF283FA4CF3A2FA8CF3002BC6D0002A13
:10BDF00004BF04301A4612BAB2FA82F2FDE80245D4
:10BE000000EBD2007047D1E9002304F00305C4F130
:10BE100000004FEAC50514F0040F91F840F00CFA49
:10BE200005F562EA05021CBF63EA050362464FF0AE
:10BE30000004A9E770B50C785E2C86461ED000225F
:10BE4000481C94460EF1FF330EF1FF0103F8012F59
:10BE50008B42FBD184B18CF001010EF80410451C1B
:10BE600015F8013C2D2B0ED05D2B03D01BB11C46C9
:10BE70002846F2E7284670BD013870BD01224C7893
:10BE8000881C9446DEE790F801C0BCF15D0FEED04F
:10BE90006445ECDC661C02300EEB060202F8011B66
:10BEA000A2EB0E03013B9C45F8DCACEB0403013B29
:10BEB0006445A8BF002302359C19D1E70CB410B526
:10BEC0001F4B00291C689CB035DB4FF40273ADF8A2
:10BED0001430029006901FAB18D001394FF6FF7254
:10BEE00004910791ADF8162002A91E9A01932046ED
:10BEF00001F056F8421C01DA8B232360029B0022DA
:10BF00001A701CB0BDE8104002B070474FF6FF72C7
:10BF100004910791ADF8162002A91E9A01932046BC
:10BF200001F03EF8431C01DA8B2323601CB0BDE80E
:10BF3000104002B070478B2323604FF0FF30F5E7CD
:10BF4000C0A80020000000009FED010B704700BF5B
:10BF5000000000000000F87F9FED010A704700BF5D
:10BF60000000C07F2DE9F84F1746002900F09880A7
:10BF70000C4607F10B058046FEF7EAFF162D54F834
:10BF8000041C5BD810252A46AF425CD821F003067A
:10BF90009642A4F1080962DABC4BD3F808C009EB59
:10BFA0000600844500F09780D0F804C02CF001030F
:10BFB00003445B68DB0768D42CF0030C06EB0C032E
:10BFC000934247DACB0710D454F8083CA9EB030A94
:10BFD000DAF8043023F003018C44B444944580F231
:10BFE00011817318934280F2E88039464046FEF78B
:10BFF000AFF90746E0B154F8043C23F001034B4489
:10C00000A0F10802934200F0D280321F242A00F2ED
:10C01000F580132A00F2AC800346224611681960AD
:10C020005168596092689A602146404600F0D6F9FE
:10C030004046FEF793FF3846BDE8F88F25F0070528
:10C04000002D2A46A0DA0C23C8F800300027384615
:10C05000BDE8F88F1E46D0E90223D3609A60731BB7
:10C060000F2B22D8D9F8043003F0010333434E4498
:10C07000C9F80430736843F00103736040462746F3
:10C08000FEF76CFF3846BDE8F88FC907ADD454F809
:10C09000083CA9EB030ADAF8041021F00301A0E739
:10C0A000BDE8F84F1146FEF753B9D9F8042009EB63
:10C0B000050102F001024E4443F001032A43C9F88E
:10C0C00004204B60736843F00103083173604046FD
:10C0D00000F084F9D2E7DCF8040020F0030B06EB53
:10C0E0000B0C05F1100084454DDAC9073FF57DAF13
:10C0F00054F8081CA9EB010ADAF8041021F0030136
:10C100008B44B34458453FF76CAF5746DAF80C10F0
:10C1100057F8080F321F242AC160886000F2DB80C4
:10C12000132A40F2D6802168CAF808106168CAF85C
:10C130000C101B2A00F2DF8008340AF1100221687B
:10C14000116061685160A16891600AEB0501ABEB79
:10C15000050242F0010299604A60DAF8043003F007
:10C1600001032B434046CAF80430FEF7F7FE6EE7A2
:10C1700023680360636843601B2A68D804F10802DF
:10C1800000F108034AE709EB05029A60ACEB0503EE
:10C1900043F00103536054F8043C03F001032B43C4
:10C1A000404644F8043CFEF7D9FE27464FE750F8D6
:10C1B000043C23F003031E4451E75746DAF80C1001
:10C1C00057F8080F321F242AC16088604CD8132A00
:10C1D00048D92168CAF808106168CAF80C101B2AEF
:10C1E00056D808340AF110021E46236813606368AB
:10C1F0005360A3689360D1463C4630E72146FEF782
:10C20000B1FB11E7D0E902135746CB60996057F8AC
:10C21000081FDAF80C30CB60321F242A99602DD821
:10C22000132A29D92368CAF808306368CAF80C3081
:10C230001B2A42D808340AF1100322681A60626887
:10C240005A60A2689A606646D1463C4607E7A368F2
:10C250008360E368C360242A26D004F1100200F151
:10C260001003DBE63A46BFE7214638461E46D14674
:10C27000FEF778FB3C46F2E63B46DEE721463846D1
:10C280006646D146FEF76EFB3C46E8E6A4A40020D5
:10C29000A168CAF81010E168CAF81410242A20D046
:10C2A00010340AF118029FE7236903616169416153
:10C2B00004F1180200F11803B0E6A368CAF81030C0
:10C2C000E368CAF81430242A21D010340AF1180384
:10C2D000B3E73A4633E721463846FEF743FB164BB1
:10C2E00033E72269CAF818206269CAF81C2018349A
:10C2F0000AF1200278E7A168CAF81010E168CAF8CC
:10C300001410242A0DD010340AF1180217E72369FB
:10C31000CAF818306369CAF81C3018340AF12003CF
:10C320008BE72269CAF818206269CAF81C20183401
:10C330000AF1200203E700BFA4A40020F8B5244FAF
:10C340000C460646FEF704FEBB685D68C4F57E61D8
:10C350000F3125F003054B1923F47F6323F00F03FE
:10C36000A3F58054B4F5805F07DB0021304600F070
:10C370005DFCBB682B44984204D03046FEF7EEFDCE
:10C380000020F8BD6142304600F050FC01300DD075
:10C39000104ABB682D1B45F001055D6013683046EF
:10C3A0001B1B1360FEF7DAFD0120F8BD00213046AB
:10C3B00000F03CFCBA68831A0F2BDEDD43F001036A
:10C3C0005360054B03491B68C01A0860D5E700BFDE
:10C3D000A4A4002008CD0020ACA80020002961D032
:10C3E000F8B50C460646FEF7B3FD54F8042C7B4F17
:10C3F000A4F1080522F0010105EB010CB868DCF896
:10C400000430604523F0030300F08B80D207CCF8A2
:10C41000043032D454F8082CAD1A1144AA6807F13C
:10C42000080082426AD00CEB0304D4F804E0EC6804
:10C43000D4601EF0010FA26000F0978041F001036C
:10C440006B60CCF80010B1F5007F35D27868CB086E
:10C450000122490901338A40024357F833107A60B8
:10C4600007EBC302083AC5E9021247F83350CD6022
:10C470003046BDE8F840FEF771BD0CEB0302526890
:10C48000D00710D4194407F10800DCF808308342C3
:10C4900073D0DCF80C20DA60936041F001036B602C
:10C4A0006950D0E7704741F00103B1F5007F44F8CF
:10C4B000043CCCF80010C9D3B1F5206F4FEA5123EA
:10C4C00048D28B0903F1390003F13802C300F81890
:10C4D000FB580838984259D05A6822F003028A4221
:10C4E00002D99B689842F7D1D868C5E902308560C7
:10C4F000DD603046BDE8F840FEF730BD0CEB0302CE
:10C500005268D20763D40B44DCE90212CA6091601E
:10C5100043F001026A603046EB50BDE8F840FEF798
:10C520001DBD0B44D10707D454F8082CAD1A134491
:10C53000D5E90212CA60916043F001026A60284A9C
:10C54000BD6012689A4293D8264B30461968FFF7AF
:10C55000F5FE8DE7142B0AD9542B1FD80B0B03F1D2
:10C560006F0003F16E02C300B1E719448DE703F1D8
:10C570005C0003F15B02C300A9E741F00103C7E9D6
:10C580000455C5E902006B60695071E77968921043
:10C59000012404FA02F20A437A60A6E7B3F5AA7FFF
:10C5A00006D8CB0B03F1780003F17702C3008EE7C6
:10C5B00040F25452934206D88B0C03F17D0003F1F4
:10C5C0007C02C30083E74FF47E737E227FE741F055
:10C5D00001036B60CCF800104AE700BFA4A4002060
:10C5E000B0A8002038CD0020012B2DE9F84F40D015
:10C5F000242B98463DD84C4D8E4676461EF801BBFE
:10C6000015F80B4014F00804F7D1BBF12D0F72D0D0
:10C61000BBF12B0F08BF9EF800B06FF0004908BFB8
:10C6200006F1020E002B42D0102B57D0B9FBF8F7C1
:10C6300000252E4608FB179A05E033D008FB06C6F6
:10C6400001251EF801BBABF1300CBCF1090F06D976
:10C65000ABF1410CBCF1190F12D8ABF1370C6345AB
:10C6600017DDB5F1FF3FECD0B742E6D24FF0FF3512
:10C67000E7E7FCF7FBF9162303600020BDE8F88F1D
:10C68000ABF1610CBCF1190F03D8ABF1570C63454A
:10C69000E7DC6B1C27D08CB90AB1A5BB1160304612
:10C6A000BDE8F88FE245C9DA4FF0FF35C9E7BBF1C5
:10C6B000300F05D04FF00A084346B7E77642EBE764
:10C6C0009EF8003003F0DF03582B21D14FF0100803
:10C6D0009EF801B043460EF1020EA7E7BBF1300F02
:10C6E0001AD09846A2E72223036072B10EF1FF31FF
:10C6F0004E461160D3E79EF800B04FF0004906F1B6
:10C70000020E01248EE7B146F0E74E463046C7E7F9
:10C710004FF00808434689E79EF8005005F0DF0512
:10C72000582DD3D0984681E795250020FFF75CBFB0
:10C7300010B4054C8446134620685DF8044B0A4645
:10C740006146FFF751BF00BFC0A800202DE9F04FA0
:10C7500085B01F46574B03908A4600920D462A46E5
:10C7600015F8014B1E5D16F00806F8D12D2C75D07A
:10C770002B2C05BF2C7802960296951C4FF0FF36A5
:10C780006FF0004B2FB1102F6FD0B8464FEAE7790A
:10C7900005E0302C74D04FF00A08B94647464246AF
:10C7A0004B4630465946FAF7CDFA002301928446AB
:10C7B0000A461846194611E08A4208BF84453DD012
:10C7C00000FB09F308FB0133A0FB08010B441EEB3F
:10C7D000000043EBEE71012315F8014BA4F1300E7C
:10C7E000BEF1090F06D9A4F1410EBEF1190F0CD804
:10C7F000A4F1370E774511DD5C1CEDD0844572EB5A
:10C800000103D9D24FF0FF33E6E7A4F1610EBEF188
:10C81000190F03D8A4F1570E7745EDDC5A1C13D03D
:10C82000029A12B1404261EB4101009A1AB1A3BBD6
:10C83000009BC3F800A005B0BDE8F08F019B7345D5
:10C84000BEDA4FF0FF33C7E7039A22231360009B41
:10C8500033B305F1FF3A30465946E9E701232C7816
:10C860000293951C4FF0004B8CE7302C04D12B78B1
:10C8700003F0DF03582B08D0B8464FF000098EE7CD
:10C880002B7803F0DF03582B0FD14FF010086C7892
:10C890004FF000090235474681E706468B46D8E748
:10C8A0003046594605B0BDE8F08F4FF00808B9464C
:10C8B000474674E795250020FFF748BF2DE9F04F64
:10C8C00085B08B460192624A03901E460D4629466A
:10C8D00015F8014B135D13F00803F8D12D2C00F06F
:10C8E00082802B2C03BF2C7802938D1C0293BEB147
:10C8F000102E7DD04FEAE67A324653464FF0FF3095
:10C900004FF0FF31FAF71EFA324607468846534683
:10C910004FF0FF304FF0FF31B146FAF713FA0AE05B
:10C92000302C79D04FF00A09DFF82881B246052271
:10C930004FF099374E464FF0000C6046614611E0CB
:10C94000414508BFB8423ED000FB0AF409FB014153
:10C95000A0FB09042144181841EBE3714FF0010CCE
:10C9600015F8014BA4F13003092B05D9A4F14103BB
:10C97000192B0DD8A4F137039E4211DDBCF1FF3F06
:10C98000EED0874278EB0104DAD24FF0FF3CE7E7C4
:10C99000A4F16103192B03D8A4F157039E42EDDCE7
:10C9A000BCF1FF3F14D0029B13B1404261EB410147
:10C9B000019B2BB1BCF1000F12D1019BC3F800B059
:10C9C00005B0BDE8F08F9342BEDD4FF0FF3CC7E7F6
:10C9D000039A22231360019B60466146002BEFD02F
:10C9E00005F1FF3BE9E701232C7802938D1C7EE7DC
:10C9F000302C23D12B7803F0DF03582B1BD14FF0C1
:10CA000010096C780F2202354FF0FF376FF0704835
:10CA10004FF0000A4E468EE72B7803F0DF03582BC9
:10CA2000EDD04FF00809B24607224FF0FF376FF004
:10CA300060484E467FE74FF0000A5DE70F224FF057
:10CA4000FF376FF07048B1464FF0000A73E700BF40
:10CA50009525002099999919FFF730BF38B50C46F4
:10CA6000084D8446114620461A4600232B60644632
:10CA7000F8F768FF431C00D038BD2B68002BFBD0B3
:10CA8000236038BD90CE002038B50C46084D844652
:10CA9000114620461A4600232B606446F8F744FFEF
:10CAA000431C00D038BD2B68002BFBD0236038BD61
:10CAB00090CE00200EB410B583B005AB064C53F8F1
:10CAC000042B01930146206802F048F803B0BDE84A
:10CAD000104003B0704700BFC0A80020002100F044
:10CAE00001B800BF10B500F071F9044600F06EF80F
:10CAF000A0F11A03DBB2022B06D9A4F10900042825
:10CB00008CBF0020012010BD012010BD0EB410B557
:10CB10009DB06FF000411FABCDE9060104910949BA
:10CB200053F8042B0290084C0868019302A905945D
:10CB300000F036FA029B00221A701DB0BDE81040CA
:10CB400003B07047C0A800200802FFFF41EA0003BD
:10CB50009B0730B401D1032A0FD801F1FF3C07E055
:10CB60001CF8011F03F8011B541EC1B122461846D0
:10CB70000346002AF4D130BC70470B46194653F8DF
:10CB8000045BA5F1013424EA050414F0803FE4D1EC
:10CB9000043A032A40F8045B1946EFD8DDE7024463
:10CBA000002CE8D003F8011B9342FBD130BC704746
:10CBB00049B1FF2A02D80A70012070478A23036016
:10CBC0004FF0FF3070470846704700BF154B984242
:10CBD00023D870B5144E4FF0000E40F6DB0403E08E
:10CBE00002F1010EA64516DC04EB0E0222F0010351
:10CBF00003EB620306EB4303521059785D88B3F8E8
:10CC000004C041EA05218C446045E9D8884206D237
:10CC1000541EA645E8DDFF2070BDFF207047187840
:10CC200070BD00BFEF010E000042002038B5074D77
:10CC30000022044608462A60F8F75CFE431C00D038
:10CC400038BD2B68002BFBD0236038BD90CE002070
:10CC50002DE9F84380460F4616464FF00009D6E905
:10CC60000154013D11D4A389012B05F1FF3508D9E9
:10CC7000B4F90E300133214603D04046B84749EAA3
:10CC800000096B1C04F16804EDD13668002EE6D172
:10CC90004846BDE8F88300BF022932D00329C0F31B
:10CCA00007231DBFA0F1800283F08003D2B2C2B27D
:10CCB00003F15001C9B21F2906D84CF6D37188423E
:10CCC00069D94FF0FF30704703F13001C9B2242910
:10CCD0000ED84FF2A6418842F3D8D03BC3EBC31322
:10CCE000A2F1A10000EB4300304A32F81000704777
:10CCF000A13B072BE5D8DFE803F0483E342E292579
:10CD00002119C2B29E2AC0F307210BD92332D2B215
:10CD100080239F2994BF7039503103EB410303F006
:10CD2000FF03C5E77E3AD2B27F23F2E7C02AC8D814
:10CD30001F4BA2F1A10033F810007047F12AC0D8B0
:10CD40001C4B19E0D82ABCD81B4B15E0F62AB8D8E2
:10CD500002F540507047F32AB3D802F53E50203018
:10CD60007047164B134413F8A13C002BA9D002F5D1
:10CD70007E4060307047124BA2F1A10033F81000E2
:10CD8000002808BF4FF0FF3070470E4BA2F1A10002
:10CD900033F810007047B03BC3EBC313A2F1A100FE
:10CDA00000EB4300084A32F8100070472877002053
:10CDB000502A0020AC2900203C290020E028002037
:10CDC0002428002068270020902A002038B5054636
:10CDD000B9B101F5957412492046FDF7F1FE28B965
:10CDE00028460121BDE83840FFF756BF0D492046CF
:10CDF000FDF7E6FE38B928460221BDE83840FFF7C6
:10CE00004BBF094CE7E709492046FDF7D9FE28B991
:10CE100028460321BDE83840FFF73EBF284638BD0D
:10CE2000042700200827002062A4002010270020EB
:10CE300038B54B1C1AD093891446126B23F020038B
:10CE4000A381CDB2AAB16268636B9A4209DA236802
:10CE50005A1E226003F8015C636801336360284650
:10CE600038BD214604F04EF90028F0D04FF0FF35D0
:10CE7000F5E7236922682BB1934203D212F8013CF3
:10CE8000AB420FD06168E1632346A26304F1400125
:10CE900003226263216303F8425F0122C4E9003286
:10CEA000284638BD6368013A0133C4E90023D6E758
:10CEB00010B50C46096B69B104F14003994201D0E9
:10CEC000FFF78CFAE36B63600020206313B1A36B60
:10CED000236010BDA3892169002243F02003C4E927
:10CEE0000012A3814FF0FF3010BD00BF2DE9F04FBD
:10CEF00085B0CDE9023202FB03F30E9C0193A3B38C
:10CF0000D4F804A0019B53458B4646D9A046019D09
:10CF100058F8401B0746002652465846F8F762FA72
:10CF20002368226B5344A946C4E9003611463846AB
:10CF3000D344A5EB0A05E2B1424501D0FFF74EFA12
:10CF4000E36B26636360A3B1A16B2160AB429A4699
:10CF5000E2D3029B01932A465846F8F743FAD4E9F4
:10CF60000032521B2B44C4E90032019805B0BDE8E1
:10CF7000F08F019A039B5244A2EB0902B2FBF3F338
:10CF80000193A3892269019843F02003A381002320
:10CF9000C4E9002305B0BDE8F08F21681D46D8E73D
:10CFA0002DE9F04F2DED088BD1B00C460BEE101A89
:10CFB000904608938346FDF7FBFD036812931846DD
:10CFC000FEF7CAFE20AF1090082200213846FDF778
:10CFD00065FDA3891B0603D52369002B00F0558747
:10CFE00000239FED838B9FED849BCDE92533CDE915
:10CFF0001333CDE9153327AA0E9324929246119349
:10D0000004934446A1467E4BD3F8E450FDF7CAFD95
:10D010004A4603461CA900975846A847002800F036
:10D02000B080C0F2A6801C9A252A034601D09944FC
:10D03000E9E7B9EB0405064640F0A78000234FF06E
:10D04000FF328DF867309846069309F1010999F887
:10D05000003003922B25202609F10109A3F12002BB
:10D060005A2A00F2CF80DFE812F0E802CD00CD00AE
:10D07000E302CD00CD00CD006A00CD00CD00050259
:10D080008402CD001002C902CD00BD025B005B002E
:10D090005B005B005B005B005B005B005B00CD0046
:10D0A000CD00CD00CD00CD00CD00CD005301CD0091
:10D0B00083011A02530153015301CD00CD00CD006D
:10D0C000CD001502CD00CD009602CD00CD00CD00E3
:10D0D000AB01CD00AA02CD00CD00E306CD00CD000E
:10D0E000CD00CD00CD00CD00CD00CD005301CD0051
:10D0F0008301DE015301530153017702DE017F00FA
:10D10000CD008902CD005F02E0062F027F00CD0036
:10D11000AB017C00B806CD00CD00BD06CD007C0083
:10D12000A3F13002002119F8013B01EB810102EB70
:10D130004101A3F13002092AF5D906918EE758463C
:10D14000FDF736FD436815931846FEF705FE169069
:10D150005846FDF72DFD83681393169B002B40F076
:10D160002D8699F8003077E799F8003048F02008CC
:10D1700072E7082200213846FDF790FC012399440C
:10D1800041E7B9EB0405064611D0269B2B442693B4
:10D19000259B0133072BCAE9004525931CDC0AF1C6
:10D1A000080A049B2B440493002E7FF447AF269B70
:10D1B000002B41F00B821BEE103AB3F90C3013F048
:10D1C000400F049B18BF4FF0FF330493049851B0F5
:10D1D000BDEC088BBDE8F08F1BEE101A24AA584650
:10D1E00004F046F90028E6D10DF19C0AD9E700BF0A
:10D1F0000000000000000000FFFFFFFFFFFFEF7FC7
:10D2000038A300200B93002BD1D00021CDE90C11C5
:10D210008DF8DC3001238DF8671002930791059398
:10D2200003910F9137AC18F00203099302D0029BCF
:10D230000233029318F084030A9305D1069B029AE5
:10D240009D1A002D00F36983269A89B125990DF165
:10D25000670001310132CAF8000007294FF00100D0
:10D2600026922591CAF8040000F3A2830AF1080A65
:10D27000099B83B1259B1AA901330232CAF8001019
:10D28000072B4FF0020126922593CAF8041000F3F1
:10D29000A3830AF1080A0A9B802B00F06C82039B8F
:10D2A00005995D1A002D00F3A58218F4807F40F0E7
:10D2B0000D82059BCAF804301A44259BCAF8004029
:10D2C0000133072B2692259300F31B830AF1080AEA
:10D2D00018F0040F05D0069B02995C1A002C00F38D
:10D2E0008883049B069902988142ACBF5B181B1887
:10D2F0000493002A40F0B08200232593079B1BB1C2
:10D3000007995846FFF76AF80DF19C0A4C4679E6F2
:10D310000B93089B073323F00703B3EC028BB0EEAB
:10D32000C87BB4EE497BF1EE10FA089340F3E98430
:10D33000B5EEC08BF1EE10FA01F159809DF867103F
:10D34000AB4CAC4B28F080080B9A472AC8BF1C4650
:10D350000023CDE90C330322079302920592039335
:10D360000F9300293FF45FAF029B013302935AE70A
:10D37000432B0B9303D018F0100F00F05D85089D30
:10D380000822002122A837ACFDF788FB22AB55F814
:10D39000042B2146584602F041FC03460133059018
:10D3A00001F0EE82059B089523EAE37302930021C6
:10D3B000CDE90C118DF86710079103910F9132E7B9
:10D3C0000B93089B1A4600238DF86730134653F8D9
:10D3D000044B0893002C00F048850B9B532B00F066
:10D3E000EC8618F010030C9340F0E786039B5D1C5D
:10D3F00001F0E5800C991A46204603F045FD0790A0
:10D40000002801F02883079B1A1B05920C9B0393AD
:10D4100022EAE2720F930D93079373239DF867102E
:10D4200002920B939DE718F0200F0B93089B3DD0C1
:10D43000073323F007031A4611465B6851F8082B9F
:10D4400008911946002BC0F20C84039B013300F0B5
:10D450009E8228F0800052EA0103029040F09982F7
:10D46000039B002B40F09A82804600230393059390
:10D4700050AC06E1089B53F8042B0692002A80F278
:10D480001984069A08935242069299F8003048F09F
:10D490000408E1E599F8003048F00808DCE548F0B8
:10D4A000100818F0200F0B93089BC1D118F0100F33
:10D4B00040F00B8418F0400F00F0038433F9042B84
:10D4C0000893D1170B46BDE7089B48F00202029271
:10D4D00053F8042B089347F63003ADF868307820F2
:10D4E000454B1193002102230B900020039C8DF8E3
:10D4F0006700601C00F0AD80029820F0800852EABE
:10D50000010040F0A480002C40F0AE86002BACD18E
:10D51000029B13F00103059300F0D18330238DF8B3
:10D520003F310DF23F14ACE018F0200F40F0D483EF
:10D5300018F0100F40F09F8618F0400F40F09787CA
:10D5400018F4007F00F09786089B049953F8042B89
:10D55000089311704C4655E599F80030682B03BFCD
:10D5600099F8013048F4007809F1010948F04008C1
:10D5700072E599F800308DF867506DE599F8003044
:10D580006C2B03BF99F8013048F0200809F101091C
:10D5900048F0100860E50B9348F0100818F02001DF
:10D5A00000F05183089B073323F00703596853F8B1
:10D5B000082B089328F480630293002395E70B93CC
:10D5C00048F010030293029B13F0200100F029831E
:10D5D000089B073323F00703596853F8082B089377
:10D5E000012382E799F8003048F0800834E500BF55
:10D5F000282700202C27002038270020494611F832
:10D60000013B2A2B01F04982A3F13002092A894605
:10D6100098BF002101F2448119F8013B01EB81011F
:10D6200002EB4101A3F13002092AF5D9039115E576
:10D6300099F8003048F001080EE59DF86730002B9E
:10D640007FF48FAD99F800308DF8676004E5CDF870
:10D650000880012B00F09D81022B50AC20D1119845
:10D6600002F00F031209C35C04F8013D42EA0172A3
:10D67000090952EA0103F3D150AB1B1BDDF8088006
:10D680000593059A03989DF8671082424FF00003B6
:10D69000B8BF0246CDE90C33079302920F9360E6C0
:10D6A00002F00703D20842EA4172C908303352EA55
:10D6B0000105204604F8013DF2D1029AD10700F19C
:10D6C0004D8250AB1B1B90460593DAE70B9B652BF5
:10D6D00040F3D480B5EE408BF1EE10FA40F0C181FA
:10D6E000259BBA49CAF80010013301320121072BEA
:10D6F00026922593CAF8041000F351850AF1080A0E
:10D700001B9B0E998B4280F2D082109B12991A4477
:10D71000CAE90013259B26920133072B259300F3BA
:10D7200097830AF1080A0E9B5C1E002C7FF7D0AD90
:10D73000102C259B40F36E851BEE106A102505E02A
:10D740000AF1080A103C102C40F364850133A0490B
:10D750001032072BCAE90015CDE92532F0DD24AAE5
:10D760003146584603F084FE00287ED1DDE925329B
:10D770000DF19C0AE6E7069B02995D1A002D7FF7E2
:10D780008EAD102D259B21DD099410261BEE104A2D
:10D7900004E0103D102D0AF1080A16DD01338C4912
:10D7A0001032072BCAE90016CDE92532F1DD24AA93
:10D7B000214658460DF19C0A03F05AFE002854D128
:10D7C000103D102DDDE92532E8DC099C8049CAF8BE
:10D7D000045001332A44072BCDE92532CAF8001042
:10D7E00000F32685039B05995D1A002D0AF1080AAE
:10D7F0007FF75BAD102D259B1FDD514610261BEEDC
:10D8000010AA04E0103D102D01F1080114DD0133D0
:10D810006F481032072BC1E90006CDE92532F1DD52
:10D8200024AA5146584603F023FEF0B9103D102DAE
:10D83000DDE9253227A9EADC8A4601336449CAF8C2
:10D8400004502A44072BCDE92532CAF8001000F312
:10D85000DA810AF1080A28E51BEE101A24AA5846B4
:10D8600003F006FE00283FF447AD079B002B3FF472
:10D87000A2AC07995846FEF7B1FD9CE40E9B012B24
:10D8800040F37A81259BCAF800400133013201211F
:10D89000072B26922593CAF8041000F3F8810AF1A9
:10D8A000080A1099129801330A44072BCAE90001AB
:10D8B000CDE9253200F3DD810AF1080AB5EE408B8F
:10D8C000F1EE10FA00F077810E990133013901343D
:10D8D0000A44072BCAF800402593CAF80410269280
:10D8E00000F35B810AF1080A1499CAF804100133A5
:10D8F0000A44072B1EA9CDE92532CAF800107FF78C
:10D90000E5AC1BEE101A24AA584603F0B1FD00281E
:10D91000ABD1269A0DF19C0ADAE4102DDDE925122F
:10D920002C4E24DD179410231BEE104A084604E009
:10D93000103D102D0AF1080A17DD013010320728BA
:10D94000CAE90063CDE92502F2DD24AA2146584642
:10D950000DF19C0A03F08CFD002886D1103D102D9E
:10D96000DDE925024FF01003E7DC179C0146013189
:10D970002A440729CDE92512CAF80060CAF80450E4
:10D9800000F3BD839DF867100AF1080A5DE4CDF845
:10D9900008800A2A71F1000380F0458330320123A8
:10D9A000DDF808808DF83F2105930DF23F1468E6FD
:10D9B0001BEE101A24AA584603F05AFD00287FF4E3
:10D9C00054AF269A0DF19C0A52E400BFC096002085
:10D9D000049B0020E04100201BEE101A24AA5846A8
:10D9E00003F046FD00287FF440AF269A0DF19C0A13
:10D9F00051E4102C259BBE4E1FDD1BEE108A102516
:10DA000004E0103C102C0AF1080A16DD0133103234
:10DA1000072BCAE90065CDE92532F2DD24AA41468B
:10DA200058460DF19C0A03F023FD00287FF41DAF3A
:10DA3000103C102CDDE92532E8DC01332244072BB1
:10DA4000CAE90064CDE925327FF74BAC1BEE101A12
:10DA500024AA584603F00CFD00287FF406AF269A4E
:10DA60003FE41B99002940F35A830C9E0E9B9E4273
:10DA7000A8BF1E46002E0BDD259B01333244072B29
:10DA8000CAE900462692259300F389860AF1080A1E
:10DA90000C9D002EA8BFAD1B002D00F303820C9B34
:10DAA00018F4806F2344059340F01F821B9B0E994E
:10DAB0008B4203DB18F0010F00F0CF84109912980D
:10DAC0000A44CAE9000125992692013107292591C6
:10DAD00000F3A5860AF1080A0E996518CC1A059B71
:10DAE000ED1AA542A8BF2546002D0DDDCAF800306D
:10DAF000259BCAF8045001332A44072B269225930C
:10DB000000F3BB860AF1080A002DA8BF641B002C95
:10DB10007FF7DEAB102C259B40F37C831BEE106A55
:10DB2000102505E00AF1080A103C102C40F372831E
:10DB3000013370491032072BCAE90015CDE92532AF
:10DB4000F0DD24AA3146584603F092FC00287FF409
:10DB50008CAEDDE925320DF19C0AE5E7302B3FF470
:10DB60008BAD3023023804F8013C50AB1B1ADDF8B2
:10DB700008800593044684E518F0010F7FF482AE17
:10DB8000259BCAF80040013301320121072B269260
:10DB90002593CAF804107FF7A5AE1BEE101A24AA2D
:10DBA000584603F065FC00287FF45FAEDDE92532BE
:10DBB0000DF19C0A98E60E994C1E002C7FF794AE4E
:10DBC000102C40F361831BEE106A102505E00AF16A
:10DBD000080A103C102C40F357830133454910329A
:10DBE000072BCAE90015CDE92532F0DD24AA31461C
:10DBF000584603F03DFC00287FF437AEDDE92532BE
:10DC00000DF19C0AE5E71BEE101A24AA584603F012
:10DC10002FFC00287FF429AE269A0DF19C0AFFF70D
:10DC200044BB029B13F0100340F0C180029A12F033
:10DC3000400200F07A83089850F8042B08901946A7
:10DC400092B2012351E418F0100355D118F04002AC
:10DC500000F05D83089850F8042B0890194692B2A2
:10DC6000A8E4524261EB4101CDF808802D20012348
:10DC70003CE41BEE101A24AA584603F0F9FB0028D6
:10DC80007FF4F3ADDDE925320DF19C0A16E61BEEBB
:10DC9000101A24AA584603F0EBFB00287FF4E5ADE8
:10DCA000DDE925320DF19C0AFBE518F0010F3FF488
:10DCB0000FAB2AE5089399F80030FFF7CDB950ACC7
:10DCC000DFE418F4007F40F0DB8353F8042B089363
:10DCD000D1170B46FFF7B6BB089B049853F8041BFB
:10DCE0000893C217C1E900024C46FFF78BB900BF89
:10DCF000E0410020049B0020089B53F8042B08936C
:10DD000058E4B4EE488BF1EE10FA80F194860B9B48
:10DD1000612B00F05285412B00F0C085039B01333D
:10DD20000B9B23F0200500F08084472D04D1039B3A
:10DD3000002B08BF0123039318EE903A002B48F400
:10DD400080724646C0F21886B0EE48AB002390467B
:10DD5000099307930B9B413B252B00F29883DFE847
:10DD600013F06F0496039603960368046C049603FD
:10DD700096039603960396039603960396039603DB
:10DD800096039603960396039603960396039603CB
:10DD900096039603960396039603960396039603BB
:10DDA0009603960396039603960368046C04089BF7
:10DDB00053F8042B08930123FFF797BB139B002B09
:10DDC0003FF4CFA9139B1B78002B3FF4CAA999F805
:10DDD000003048F48068FFF73FB90B93CDF8088016
:10DDE000FFF7F1BB0B939A4B119318F0200100F051
:10DDF0000581089B073323F00703596853F8082B64
:10DE0000089318F0010F0AD052EA010307D00B9BC8
:10DE10008DF86930302348F002088DF8683028F416
:10DE2000806302930223FFF760BB0B93FFF7B6BB3F
:10DE30000B93884B1193D8E7089B012153F8042BCF
:10DE400002918DF8DC200893059137ACFFF7AFBA4B
:10DE50001BEE101A24AA584603F00AFB00287FF490
:10DE600004AD269A0DF19C0A5DE4039B0794062BF2
:10DE7000224628BF062303942146CDE90C22764C86
:10DE8000029305930F92FFF76CBA40215846FCF7B6
:10DE90005FFA20602061002800F00F864023636154
:10DEA000FFF79EB8102D259B40F35D82514610264A
:10DEB0001BEE10AA04E00831103D102D40F35282F1
:10DEC000013366481032072BC1E90006CDE925323F
:10DED000F1DD24AA5146584603F0CAFA00287FF41F
:10DEE000C4ACDDE9253227A9E6E70E9BCDF82490E6
:10DEF000E31803930D9BCDF82880139E059DDDF854
:10DF00005890DDF83C800B941BEE101A5046002B05
:10DF100034D0B8F1000F35D10D9B013B013E0D937C
:10DF2000159BC0E90039259B01334A44072B2692F3
:10DF300025936CDC0830039B96F800C05B1B63459F
:10DF4000A8BF6346002B9A460CDD259C01341A4479
:10DF5000072CC0E900532692259400F3778196F8A8
:10DF600000C00830BAF1000FACBFACEB0A04644645
:10DF7000002C0ADC65440D9B002BCAD1B8F1000FC0
:10DF800000F0AC8308F1FF38CAE7102CDDF894C02C
:10DF900024DD05954FF0100A63460D4604E0103C61
:10DFA000102C00F1080016DD01332C491032072B2C
:10DFB000C0E9001ACDE92532F1DD24AA29465846E8
:10DFC00003F056FA00287FF450AC103C102CDDE929
:10DFD000253227A8E8DC2946059D9C460CF1010363
:10DFE00022444460072B1D4C0460CDE9253200F328
:10DFF000C68396F800C008306544BCE718F01003EB
:10E0000000F0C280089B53F8042B0893F9E624AA79
:10E010005846059103F02CFA00287FF426AC269A86
:10E02000059927A887E70298CDF81CA050AC00F40A
:10E03000806000250AEE10BA094BDDF84CA0CDF83F
:10E040001490A3464FF00508AC46044610E000BF0C
:10E05000382700204C27002060270020049B002048
:10E06000CDCCCCCC0A2A71F1000136D34A463146D8
:10E07000501840F10000A3FB005626F0030505EB05
:10E080009605401B151A4FF0CC3661F1000E06FBC9
:10E0900005F6A5FB039503FB0E6609F0010E2E4461
:10E0A000AEFB085E2D184FEA590930350BF8015CBC
:10E0B00049EAC6790CF1010C0BF1FF3B7608002C04
:10E0C000D0D09AF800008445CCD1BCF1FF0FC9D064
:10E0D0000A2A71F1000180F08F815C4650AB1B1B56
:10E0E000DDF81490CDF84CA01AEE10BADDF81CA0A3
:10E0F000DDF80880CDF838C00593FFF7C2BA1BEEF3
:10E10000101A24AA584603F0B3F900287FF4ADABE7
:10E110009DF86710269A0DF19C0AFFF796B8259B8B
:10E12000BE48CAF80000013301320120072B2692B5
:10E130002593CAF8040000F377810AF1080A002940
:10E1400040F0AF800E9908F001030B433FF4C0A8E4
:10E15000109B12991A44CAE90013259B2692013399
:10E16000072B259300F352820AF1080A0E99CAF888
:10E17000004001330A44072BCDE92532CAF80410C8
:10E180007FF7A4A8FFF7BDBB18F0400200F0DD80C8
:10E19000089850F8042B0890194692B231E61BEE0D
:10E1A000101A24AA584603F063F900287FF45DABE7
:10E1B000269A0DF19C0AFFF7A3BA22AE082200218D
:10E1C00030461D94FCF76AFC039B5A1C00F0DB8070
:10E1D0000025CDF80890CDF81C809946A8460CE0A3
:10E1E00037A9584601F01AFD431C404400F0C8838B
:10E1F000484508DC00F0188480461D9A5259334681
:10E200000435002AECD1CDF81480DDF80890DDF853
:10E210001C80C5E001338249CAF804402244072B20
:10E22000CAF80010CDE925327FF750A8FFF769BB87
:10E230001BEE101A24AA584603F01AF900287FF49E
:10E2400014AB269A0DF19C0AFFF729B824AA584668
:10E25000059103F00DF900287FF407AB96F800C094
:10E26000269A059927A87DE6012BCDF808807FF432
:10E27000F3A9FFF793BB089B049953F8042B4C4672
:10E2800011600893FEF7BEBE01336549CAF8044029
:10E290002244072BCDE92532CAF800107FF722ABC4
:10E2A0007BE4109B12981A44CAE90003259B26922E
:10E2B0000133072B259300F3A9810AF1080A0029ED
:10E2C000BFF654AF4D42103180F20F831BEE101A8F
:10E2D000102605E00AF1080A103D102D40F30583D1
:10E2E00001334F481032072BCAE90006CDE9253229
:10E2F000F0DD24AA5846039103F0BAF800287FF411
:10E30000B4AADDE9253203990DF19C0AE4E7089BE4
:10E3100018F400711ABF114653F8042B53F8042B5C
:10E32000089318BFD2B2FFF745B9029B13F40071EE
:10E33000089B1ABF114653F8042B53F8042B08937B
:10E3400018BFD2B20123FFF7D0B8089B18F40071B0
:10E350001ABF114653F8042B53F8042B089318BF27
:10E36000D2B24EE58A4601332D49CAF804502A44F8
:10E37000072BCDE92532CAF8001000F339810AF1E4
:10E38000080AFFF78CBB0023194600961DAA5846C1
:10E3900001F0A0FD03460133059000F0F1821D94C9
:10E3A000059B002B4ED0632B00F3188100230793AD
:10E3B00037AC082200213046FCF770FB059D009623
:10E3C0002B461DAA2146584601F084FD854240F0A7
:10E3D0007C83059A0023A35422EAE272CDE90C3330
:10E3E0009DF86710039302920F93FEF7BABF2D2199
:10E3F0008DF86710FEF7A4BF169B1599ABEB030BC6
:10E400001A465846FAF760FA9AF80120054B0AB105
:10E410000AF1010A4FF0000C28E600BFC096002068
:10E42000049B0020CDCCCCCC1BEE101A24AA58465D
:10E4300003F01EF800287FF418AA1B99269A0DF104
:10E440009C0A7CE6059B9DF867100F93CDE902338B
:10E45000CDE90C330793FEF784BF0E990598651834
:10E460002D1ACC1AA542A8BF2546FFF74DBB089B25
:10E47000049953F8042B089311804C46FEF7C2BD53
:10E4800013F9042B0893D1170B46FEF7DBBF039A51
:10E49000022122AB01931DAB009358461BABB0EE9B
:10E4A0004A0B029201F0B8FD472D029A044600F093
:10E4B0006181462D104405D12378302B00F06F8206
:10E4C0001B9A1044B5EE40ABF1EE10FA40F04681D5
:10E4D00003461B1B0E93472D00F01081462D00F0C4
:10E4E000B5811B9B0C930C9B412D03F1FF331B93B8
:10E4F00000F0E5819DF82C200021002BB8BF0C9B7B
:10E500008DF87820BABFC3F101032D222B22092BED
:10E510008DF8792040F3DA810DF18F05DFF81CC406
:10E520002A4610468CFB0321DA17C2EBA10202EB4C
:10E530008201A3EB4101303100F8011C1946632927
:10E54000134600F1FF32ECDC3033D9B2831E9D421A
:10E5500002F8011C40F28B8213460DF17A0201E0B1
:10E5600013F8011B02F8011B9D42F9D10DF1910333
:10E570000DF17A021B1A13441EAA9B1A14930E9BC8
:10E58000149A012B1A44059240F30382059B109ABA
:10E590001344059326F48063059A43F4807800239E
:10E5A000CDE90C3322EAE2720F930292099B002B11
:10E5B00040F0B1809DF867100393FEF7D2BE20466D
:10E5C000FDF7CAFB02460590FEF720BF1BEE101AAE
:10E5D00024AA584602F04CFFFEF7EDBD591C5846E0
:10E5E000FBF7B6FE0446002800F0CA810790E0E67B
:10E5F0001BEE101A24AA584602F03AFF00287FF4B6
:10E6000034A9269A0DF19C0AFFF749BA1BEE101A9D
:10E6100024AA584602F02CFF00287FF426A9DDE941
:10E6200025321B990DF19C0A49E606230393FFF757
:10E6300083BB039B02215A1C2BE7039A032128E783
:10E640001BA8B0EE4A0B02F06FFCB4EE007B20EE8C
:10E65000070BB5EE400BF1EE10FA01D101231B932D
:10E66000B348039BB3EE005B013B224604E0B5EEEA
:10E67000400BF1EE10FA13D020EE050BFDEEC07B3F
:10E68000B3F1FF3F17EE901A415CB8EEE76B94468A
:10E6900030EE460B02F8011B194603F1FF33E6D1B9
:10E6A000B6EE006BB4EEC60BF1EE10FA00F3488143
:10E6B000B4EE460BF1EE10FA04D117EE903ADB07F8
:10E6C00000F13E81002906DB4B1C1344302102F887
:10E6D000011B9342FBD1131B0E93FCE60B9C0E9B7C
:10E6E000DDF82490DDF828801396E3189D42294632
:10E6F00028BF194682460591FFF7D8B91B9B0C939A
:10E70000DA1C02DB039A93420CDD0B9B023B0B935A
:10E7100023F02005E7E62D2100238DF867100393F1
:10E72000FEF722BE0C9B0E9A9342C0F2BD80F0070A
:10E730000C9B40F13281109A13440593710503D567
:10E740000C9B002B00F33581059B23EAE3730293B6
:10E7500067230B9300230F930D9327E7229B83429C
:10E76000BFF4B7AE30215A1C22921970229B9842F6
:10E77000F9D8AEE6F30700F1A780229BA9E624AA08
:10E780005846059102F074FE00287FF46EA896F8B2
:10E7900000C0269A059927A86544FFF7ECBB1BEE3D
:10E7A000101A24AA584602F063FE00287FF45DA8E0
:10E7B000269A0DF19C0AFFF76BB978238DF8693022
:10E7C00030238DF86830039B632B48F0020600F37A
:10E7D000A6800023079337AC18EE903A002B48F43C
:10E7E00081782BDBB0EE48AB0B9B23F02005002398
:10E7F00009930B9B612B7FF4ADAAB0EE4A0B1BA8CB
:10E8000002F092FBB4EE007B20EE070BB5EE400B5E
:10E81000F1EE10FA01D101231B93464821E71BEECC
:10E82000101A24AA584602F023FE00287FF41DA8DF
:10E830001B9B269A0DF19C0AFFF74EB90B9B23F008
:10E8400020052D230993B1EE48ABD2E71B9A0C9219
:10E85000002A06F0010340F30D8103990B4340F0B9
:10E86000CF800C9B059366230B93720500F1A38068
:10E87000059B23EAE37302936CE71BEE101A24AAAC
:10E88000584602F0F5FD00287EF4EFAF1B9C0E9B6E
:10E89000269A1C1B0DF19C0AFFF736B958238DE709
:10E8A00000220392FEF7DABB0E9B109A9A180C9B7B
:10E8B0000592002B40F3AB8067230B93D5E70B9AAF
:10E8C0000F32D2B2012118E6A018FBE5002940F072
:10E8D000A88030228DF87A200DF17B02303302F8C7
:10E8E000013B1EABD31A149349E601331249CAF80F
:10E8F00004502A44072BCDE92532CAF800107FF7CF
:10E9000033AC1BEE101A24AA584602F0B1FD0028C1
:10E910007EF4ABAFDDE925320DF19C0A26E4591CEB
:10E920005846FBF715FD044650B3079054E700BF67
:10E930004C27002038270020049B0020676666666D
:10E94000CDF888C012F8011C90F80FC0614513463D
:10E950000AD14FF0300E03F801EC229B591E229190
:10E9600013F8011C8C45F6D0392916BF0131817A84
:10E97000C9B203F8011CAEE600239046079360E796
:10E980001BEE102AB2F90C3043F040039381FEF7DE
:10E9900016BCF5077FF5FEADF8E50593CEE6B5EEBE
:10E9A00040ABF1EE10FA3FF48BADC2F101021B92C5
:10E9B00087E567230B9313990B78FF2B79D00025FC
:10E9C0000C9A284603E001300131FF2B08D0934216
:10E9D00006DAD21A4B78002BF5D10B780135F4E723
:10E9E0000C9213910D900F950F9A0D9B169913444D
:10E9F000059A01FB0323059323EAE3730293D5E50C
:10EA0000109BD3181944662305910B932DE7C3F18E
:10EA100001031A4422EAE2730293672305920B93DF
:10EA200098E60DF17A0259E7039BDDF80890DDF8CE
:10EA30001C800593B4E418EE903A002BB4BF2D214E
:10EA40009DF86710254C264BB8BF8DF8671028F04D
:10EA50008008FEF779BC039B0293059373239DF80E
:10EA6000671003900F900D900B93FEF77ABC022372
:10EA7000149384E5039A134305D10123662202937C
:10EA80000B92059366E6109B01331A4422EAE27367
:10EA90000293662305920B935CE6089A99F801307D
:10EAA000894652F8041B089241EAE1710391FEF78E
:10EAB000D3BA00230F930D9396E70C23CBF80030C5
:10EAC0004FF0FF330493FEF781BB1BEE102A9389AE
:10EAD00043F040039381FEF7C8BE00BF30270020FB
:10EAE000342700202DE9F84F4B6E9C0490462DD51D
:10EAF0009368126843B38B46064602F1080959E948
:10EB0000025A5FEA9A0715D0043D002401E0A742AB
:10EB10000ED055F8041F5A46304602F0BFFA431C87
:10EB200004F10104F3D10023C8E90133BDE8F88FF3
:10EB3000D8F808302AF0030AA3EB0A03C8F8083013
:10EB400009F10809002BDAD10020ECE702F016FBEE
:10EB50000023C8E90133BDE8F88F00BF2DE9F04F6D
:10EB60002DED028BC5B00DF1500A834608EE101A48
:10EB700016460021082250461C460793FBF78EFFDD
:10EB8000BBF1000F04D0DBF83430002B00F0A0867E
:10EB900018EE102A536EDB0740F11385B2F90C1002
:10EBA0008AB295040BD418EE103A41F400519981C1
:10EBB0005B6E8AB218EE101A23F400534B661007EE
:10EBC00040F1058118EE103A1B69002B00F0FF8020
:10EBD00002F01A030A2B00F00A810023CDE9193351
:10EBE000CDE90D331BAA0C93189291460B93059314
:10EBF000B0464446A84BD3F8E450FBF7D3FF224677
:10EC0000034612A9CDF800A05846A847002800F0F6
:10EC10004581C0F23981129A252A034601D01C444D
:10EC2000E8E7B4EB0806054640F03C810023617834
:10EC30008DF8433004F1010806934FF0FF371E466C
:10EC40002B2408F10108A1F120035A2B00F278814E
:10EC5000DFE813F0B50276017601B00276017601A5
:10EC600076016A00760176017D028D0276018802C6
:10EC70009702760192025B005B005B005B005B0029
:10EC80005B005B005B005B0076017601760176013C
:10EC9000760176017601760176015C0284007601C8
:10ECA00076017601760176017601760176017601AC
:10ECB0007601E80076017601760133027601DA0208
:10ECC000760176018B057601760176017601760173
:10ECD000760176017601760176015C028600760186
:10ECE00076017601CD0286007F007601C0027601B2
:10ECF000FD02EA00ED027F00760133027C00690527
:10ED0000760176016B0576017C00A1F130030022CB
:10ED100018F8011B02EB820203EB4202A1F130035F
:10ED2000092BF5D906928EE75846FBF741FF436859
:10ED30000D931846FDF710F80E9005465846FBF760
:10ED400037FF83680B93002D40F0D68498F80010AD
:10ED500077E798F8001046F0200672E746F01006B4
:10ED6000B40640F18E81079B073323F007031A4650
:10ED7000596852F8083B07920A460029C0F270848D
:10ED8000791C00F0A28526F08001039153EA02016C
:10ED900000F03F840A2B72F1000180F0418530338E
:10EDA0008DF80F31039E012304930DF20F14049B81
:10EDB000BB42B8BF3B460393002308939DF8433002
:10EDC000002B00F0CB80039B01330393C6E018EEC9
:10EDD000101A584618EE105A00F0AAFF002840F00A
:10EDE0005286AA8902F01A030A2B7FF4F6AE18EEB7
:10EDF000101AB1F90E30002BFFF6EFAE4B6EDB07A9
:10EE000002D4970540F1128618EE101A23463246B6
:10EE1000584600F069FE0590059845B0BDEC028BA0
:10EE2000BDE8F08F46F0100616F0200200F03681A3
:10EE3000079B073323F0070319465A6851F8083B2C
:10EE4000079126F480610391002100208DF8430092
:10EE5000781C00F01082039820F0800653EA02002C
:10EE600040F00882002F40F03885002940F0D5831B
:10EE7000039B13F00103049300F0118430238DF8F9
:10EE80000F310DF20F1492E7082200215046FBF7D4
:10EE900005FE01231C44ADE638A30020B4EB0806B0
:10EEA00005461BD0199B1A9A01333244072BC9E936
:10EEB00000861A9219931CDD002A00F0A68318EE32
:10EEC000101A18AA5846FFF70DFE20BB0DF16C0969
:10EED000059B33440593002D7FF4A8AE1A9B002BAD
:10EEE00040F0C18518EE103A0022B3F90C301992A7
:10EEF00015E009F10809EBE718EE101A18AA5846B0
:10EF0000FFF7F0FD002800F0A680089B1BB10899D0
:10EF10005846FDF763FA18EE103AB3F90C3018EEC4
:10EF2000102A526E12F0010F9AB200F0A080500623
:10EF300000F1B285059845B0BDEC028BBDE8F08FBD
:10EF40000029CBD000238DF843300123CDE90333D2
:10EF50008DF8AC102BAC002308931F4616F002036B
:10EF6000099302D0039B0233039316F084030A93A0
:10EF700005D1069B039A9D1A002D00F37B82DDE9E3
:10EF80001903411C9DF8432082B101220133C9F8C5
:10EF9000042007290DF14302CDE91913C9F8002017
:10EFA00000F34A82084609F108090131099AE2B1E1
:10EFB00011AA0233C9F8002007294FF00202CDE957
:10EFC0001913C9F8042040F35082002B00F043834A
:10EFD00018EE101A18AA5846FFF784FD002894D19D
:10EFE000DDE919030DF16C09411C0A9A802A00F031
:10EFF0008481049ABD1A002D00F3D781049AC9F8C0
:10F00000004013440729CDE91913C9F8042040F33F
:10F010006E81002B00F0758218EE101A18AA58465F
:10F02000FFF760FD00287FF470AF1A9B0DF16C09AB
:10F03000750705D5069A0399541A002C00F36B82C4
:10F04000DDE9052103988142ACBF521812180592E0
:10F05000002B7FF451AF089900231993002900F089
:10F0600049815846FDF7BAF90DF16C09C1E59C05D7
:10F070003FF55DAF18EE104AA06DFBF791FDA28938
:10F0800055E7F006079A00F11F83710640F11983D6
:10F0900032F9043B0792DA1711466EE616F01003B8
:10F0A000079940F0098316F0400000F001831A46EA
:10F0B00051F8043B07919BB2C3E6079B1A46002315
:10F0C0008DF84330134653F8044B0393002C00F0A3
:10F0D0001284532900F0658316F0100540F0618317
:10F0E0007B1C00F0B3843A462946204601F0CCFE52
:10F0F0000890002800F09F84031B039A049323EADE
:10F10000E3732F4607920393089557E6432902D0ED
:10F11000F50640F12D83079D0822002116A82BAC8F
:10F12000FBF7BCFC16AB55F8042B2146584600F003
:10F1300075FD03460133049000F0B384049B0795EA
:10F1400023EAE373039300238DF8433003E7079B1F
:10F1500053F8042B0692002A80F29C82069A5242AF
:10F16000CDE9062398F8001046F0040669E598F802
:10F1700000108DF8434064E598F8001046F08006D2
:10F180005FE5424612F8011B2A2900F09684A1F19E
:10F190003003092B90464FF000073FF654AD18F8A6
:10F1A000011B07EB870703EB4707A1F13003092B8E
:10F1B000F5D948E598F8001046F0010641E59DF8BC
:10F1C0004330002B7FF4C2AD202398F800108DF857
:10F1D000433036E598F800106C2903BF98F8011009
:10F1E00046F0200608F1010846F0100629E598F8D7
:10F1F0000010682903BF98F8011046F4007608F162
:10F20000010846F040061CE546F010030393039BFB
:10F2100013F0200200F00682079B073323F0070358
:10F2200019465A6851F8083B079101210DE6079AE3
:10F2300046F00203039352F8043B079247F630026C
:10F24000ADF84420B84A0C9202210022FDE5B70631
:10F2500000F14882F50600F14683740600F1D5837B
:10F26000B00540F14083079B059953F8042B0793A1
:10F270001170BEE4039601293FF48CAD022944AC21
:10F2800011D10C9803F00F011B09415C04F8011D1A
:10F2900043EA0273120953EA0201F3D1039E44AB1D
:10F2A0001B1B049383E503F00701DB0843EA427369
:10F2B000D208303153EA0205204604F8011DF2D18C
:10F2C000039EF307EBD53029E8D03023023804F849
:10F2D000013C44AB1B1A039E0493044667E5049B60
:10F2E0001B9401221C931A9319920DF16C0909F1D8
:10F2F00008099DE60DF16C097BE4069A039D551BF8
:10F30000002D7FF776AE102D40F3BB83099418EEE5
:10F31000104A07E000F1020C09F108091046103DFF
:10F32000102D1EDD8149C9F80010421C1033102138
:10F33000072ACDE91923C9F80410EBDD18AA002B20
:10F3400074D0214658460DF16C09FFF7CBFB00281D
:10F350007FF4DBADDDE91903103D102D00F1010C48
:10F36000E0DC099C714AC9F804502B44BCF1070F3A
:10F37000CDE919C3C9F8002040F39481002B00F0B7
:10F380001F8318EE101A18AA5846FFF7ABFB002887
:10F390007FF4BBAD049ADDE91903BD1A002D00F11D
:10F3A00001010DF16C097FF729AE102D29DD0994BB
:10F3B000102718EE104A07E000F1020C09F10809C5
:10F3C0001046103D102D1ADD421C58491033072AF3
:10F3D000C9E90017CDE91923EEDD18AA03B32146C8
:10F3E00058460DF16C09FFF77DFB00287FF48DADC9
:10F3F000DDE91903103D102D00F1010CE4DC099C3E
:10F4000061464A4AC9F804502B440729CDE919132B
:10F41000C9F8002000F3E78009F108090131EDE5A2
:10F420004FF0010C18460DF16C09CAE74FF0010CC2
:10F4300018460DF16C0972E7002B00F0048118EEFC
:10F44000101A18AA5846FFF74DFB00287FF45DAD4F
:10F45000DDE919030DF16C09411CA7E5022311AA8E
:10F460001C931B9201210DF16C09084609F1080952
:10F47000411CBAE5102D40F3E582DDE919130F9424
:10F48000084618EE104A07E000F1020C09F10809DD
:10F490001046103D102D1DDD2549C9F80010421CF5
:10F4A00010331021072ACDE91923C9F80410EBDD28
:10F4B00018AA03B3214658460DF16C09FFF712FB59
:10F4C00000287FF422ADDDE91903103D102D00F175
:10F4D000010CE1DC0F9C6046154AC9F804502B442E
:10F4E0000728CDE91903C9F8002000F3C18009F10C
:10F4F0000809411C46E518464FF0010C0DF16C0956
:10F50000C7E77607199353D5069A0399541A002C26
:10F510004EDD0DF16C09102C40F3B082199918EEF4
:10F52000106A10250DE000BF38270020149B002032
:10F53000F0410020881C09F108091146103C102CEC
:10F540001ADD4A1CB3481033072AC9E90005CDE982
:10F550001923EFDD18AA33B331465846FFF7C2FA34
:10F5600000287FF4D2ACDDE91913103C102C01F116
:10F5700001000DF16C09E4DCA64AC9F804402344FB
:10F580000728CDE91903C9F800207FF759AD7BB1F1
:10F5900018EE101A18AA5846FFF7A4FA00287FF4AC
:10F5A000B4AC1A9B4CE5012019460DF16C09C5E776
:10F5B000DDE9053203998A42ACBF9B185B180593BD
:10F5C00049E5B2F90C108F0518EE103A8AB23FF5F2
:10F5D000E8AA18EE105A986DFBF7E0FAB5F90C108E
:10F5E0008AB2FFF7DEBA002B3FF479AE18EE101A9C
:10F5F00018AA5846FFF776FA00287FF486AC1999C6
:10F600001A9B01310DF16C09F8E419920DF16C09A6
:10F610005EE4002F7FF4C3AB039E0027049744AC45
:10F62000FFF7C5BB039B13F0100354D1039A12F0EC
:10F63000400000F06B8107991A4651F8043B07918E
:10F640009BB2012101E4099A002A64D118460121E4
:10F650000DF16C09C9E4012118460DF16C09C4E4EF
:10F660005B4262EB420203962D200121FFF7EEBBC5
:10F67000002B00F0888018EE101A18AA5846FFF7E1
:10F6800031FA00287FF441ACDDE919030DF16C0972
:10F69000411C77E498F800100793FFF7D2BA44AC06
:10F6A000FFF785BB09F108090CF101016046A0E4F0
:10F6B00016F4007240F0978151F8043B0791FFF770
:10F6C000C0BBB30500F1888152F8043B0792DA17FA
:10F6D0001146FFF752BB079951F8043B07910121EE
:10F6E000FFF7B3BB079B059853F8041B0793C2179A
:10F6F000C1E90002FFF77DBA0B9B002B3FF426AB5C
:10F700000B9B1B78002B3FF421AB98F8001046F4BC
:10F710008066FFF796BA022311AA1C931B92012060
:10F720000DF16C09A2E6039671E53B4B0C9316F0C4
:10F73000200259D0079B073323F0070318465A6865
:10F7400050F8083B0790F40709D553EA020006D0A9
:10F750008DF84510302146F002068DF8441026F44D
:10F76000806103910221FFF770BB2C4B0C93DEE705
:10F77000079B012153F8042B03918DF8AC200793CC
:10F7800004912BACDFE49DF84320002A40F0328145
:10F79000099A002A7FF462AE184601210DF16C0926
:10F7A00027E40021082216A81394FBF777F9791CA7
:10F7B00000F0BC80002507942C460CE02BA958468D
:10F7C00000F02CFA421C204400F06B81B84208DCA7
:10F7D00000F070810446139A525916AB0435002A82
:10F7E000ECD10494079CAFE016F0100307980CD1FD
:10F7F00016F0400405D01A4650F8043B07909BB21F
:10F80000A1E716F4007240F0E18050F8043B079045
:10F8100099E700BFF0410020382700204C27002046
:10F820000399049744AC9E4608EE90BA01F48066B2
:10F830004FF0000C234606E0BEF10A0F72F1000201
:10F8400039D3A6462A46A6491EEB020040F1000025
:10F850000F46A1FB001424F0030101EB9401401AB0
:10F86000BEEB00014FF0CC3562F1000405FB01F561
:10F8700007FB0455A1FB07410D44052704F00101D6
:10F88000A1FB071B09186408303103F8011C44EA86
:10F89000C5740CF1010C013B6D08002ECCD00B9906
:10F8A00009786145C8D1BCF1FF0FC5D0BEF10A0F80
:10F8B00072F100026CD21C4644AB1B1B049F039EDA
:10F8C000049318EE90BAFFF772BA0396FFF762BA84
:10F8D0005846FCF7DDF9FFF75BB9012903967FF481
:10F8E000CDACFFF75CBA079B059953F8042B116068
:10F8F0000793FFF77EB9062F3B46039A794C079290
:10F9000028BF062304930393FFF725BB039B0799A6
:10F9100013F4007214BF51F8043B51F8043B0791F3
:10F920001CBF0246DBB20121FFF78FBA16AB009372
:10F930000023194613AA584600F0CCFA03460133B7
:10F94000049000F0AE801394049B002B30D0632B06
:10F9500063DC002308932BAC0822002116A8FBF7D8
:10F960009DF8049D16AB009313AA2B4621465846DA
:10F9700000F0B0FA854240F0AB80039B049A0793F5
:10F980000023A3541F4622EAE2730393FFF716BA3B
:10F990000E9A0D999B1A18460893F8F795FF0B9944
:10F9A000089B4A780AB101310B914FF0000C48E7EF
:10F9B000039B0793049B03931F460893FFF7FEB92D
:10F9C000012118460DF16C09FFF713BB50F8043BF9
:10F9D00007902246DBB2B6E612F9043B0792DA172B
:10F9E0001146FFF7CAB951F8043B07910246DBB252
:10F9F000FFF727BA01231C9301210DF143031B9349
:10FA00000DF16C090B46FFF7CDBA079B059953F82A
:10FA1000042B07931180FFF7ECB8591C5846FAF7EE
:10FA200097FC044600283CD0089095E7886DFBF7CA
:10FA3000B7F8FFF7E9B9039B0793CDE90377089F70
:10FA4000FFF7BCB919981A9B013045E5039B079352
:10FA50002046FCF781F920EAE0732F4604900393D7
:10FA60000895FFF7ABB918EE101A18AA5846FFF719
:10FA700039F800283FF436AAFFF74DBA199801303B
:10FA80007AE58C466EE46B6ED90705D4AB899A058E
:10FA900002D4A86DFBF784F84FF0FF330593FFF70E
:10FAA00049BA18EE102AB2F90C3043F040039381A2
:10FAB000FFF735BA079C049746E7079B98F80110B3
:10FAC00053F8047B0793904647EAE777FFF7B9B806
:10FAD00018EE102A938943F040039381FFF715BA7B
:10FAE000CDCCCCCC6027002070B50C468989ADF513
:10FAF0008E6D21F00201ADF81410616E1B91E18949
:10FB0000ADF81610E1690991616A0B911CA9029187
:10FB100006914FF4806106460491079118A80021D0
:10FB2000CDE900320891FBF735F8DDE9003202A992
:10FB30003046FFF713F8051E07DB02A9304601F037
:10FB400079F9002818BF4FF0FF35BDF814305B0677
:10FB500003D5A38943F04003A3811898FBF71CF851
:10FB600028460DF58E6D70BD2DE9F047DFF87CA0BD
:10FB70000646DAF8000098460F469146FBF70EF865
:10FB8000184B1C6824B365681F2D24DC5EB96B1C00
:10FB90000235DAF80000636044F82570FBF700F8DE
:10FBA0000020BDE8F08704EB85010123C1F88890AF
:10FBB000D4F88821AB401A43022EC4F88821C1F83A
:10FBC0000881E4D1D4F88C211A43C4F88C21DEE7F3
:10FBD000054C1C60D7E7DAF80000FAF7E1FF4FF0B8
:10FBE000FF30DEE768CB00206CCB00202CA3002088
:10FBF00082B049B15AB16BB113780B601278101E04
:10FC000018BF012002B0704701A9002AF3D11046A5
:10FC100002B070476FF00100F4E700BF70B5054611
:10FC200084B05BB11C4669B10E4B2846D3F8E06046
:10FC30002346B047431C0FD004B070BD00F582745A
:10FC40000029F1D1074A2346D2F8E06028460A4647
:10FC500001A9B047431CEFD100228A2322602B6008
:10FC600004B070BD38A3002070B500294BD0064603
:10FC70000C4610B1436B002B48D0636ED80734D5C7
:10FC8000B4F90C30002B3ED02146304601F03AF852
:10FC9000E36A054633B1E169304698470028B8BFAA
:10FCA0004FF0FF35A3891A063CD4216B41B104F112
:10FCB0004003994202D03046FCF790FB00232363B7
:10FCC000616C21B13046FCF789FB00236364FBF7CC
:10FCD000FDFF636E0022DB07A2811FD5A06DFAF73E
:10FCE0005BFFFBF7F9FF284670BDA3899905CBD4CC
:10FCF000A06DFAF753FFB4F90C30002BC4D1656E38
:10FD000015F0010505D00025284670BDFBF7C0FFA2
:10FD1000B3E7A06DFAF744FF284670BDA06DFAF76F
:10FD20003FFFDBE721693046FCF758FBBDE700BF2A
:10FD300038B5314B1B6805460C4613B15A6B002A87
:10FD40004ED0B4F90C3018079AB21CD5216929B3EA
:10FD500012F0010007D00020A06060694042A0615D
:10FD600039B1002038BD950758BF6069A0600029EF
:10FD7000F7D1120658BF0846F4D543F04003A381DB
:10FD80004FF0FF3038BDD1062ED5520714D421696B
:10FD900043F00803A3819AB20029D9D102F420705C
:10FDA000B0F5007FD4D02146284600F027F8B4F9FA
:10FDB0000C3021699AB2CBE7216B51B104F14002BA
:10FDC000914204D02846FCF709FBB4F90C3000221C
:10FDD000226321690022C4E9001223F02403D7E73B
:10FDE0001846FBF755FFACE7092243F040032A60B1
:10FDF0004FF0FF30A38138BDC0A800202DE9F041AD
:10FE00008B890C46990796B008D504F1430301226B
:10FE1000C4E90432236016B0BDE8F081B4F90E10D5
:10FE20000029064625DB6A4601F0BAF800281FDBE8
:10FE3000019D05F47045A5F50055B5FA85F54FF41B
:10FE400080686D094FF4006741463046FAF780FA42
:10FE5000E0B1B4F90C30C4F8148043F080032060A2
:10FE60002061A38135BB3B43A38116B0BDE8F0817F
:10FE7000A38913F0800519D04FF0400800254146B2
:10FE800030462F46FAF764FA0028E2D1B4F90C3074
:10FE90009A05C0D423F0030304F1430243F00203A4
:10FEA0000121C4E90421A3812260B4E74FF48068F2
:10FEB0002F46C9E7B4F90E10304601F087F810B9A3
:10FEC000B4F90C30CFE7A38923F0030343F0010317
:10FED0001BB2C8E710B582B0049CCDE900344FF0E6
:10FEE000FF3301F021FC02B010BD00BF2DE9F04F3F
:10FEF00003690C69A34283B0C0F28780013C01F121
:10FF00001405A30000F11408009355F8243058F8A4
:10FF10002420013381469A4208EB840005EB8407D4
:10FF20000190B2FBF3F63BD34FF0000CAE464046D7
:10FF3000E24663465EF804BB02681FFA8BFC06FBD0
:10FF40000C334FEA134C4FEA1B4B06FB0BCC9BB216
:10FF5000AAEB03031FFA8CFA13FA82F3CAEB1242DC
:10FF600002EB23429BB243EA0243774540F8043B4D
:10FF70004FEA224A4FEA1C43DCD2009B58F8033078
:10FF800073B9019B043B984504D307E0984504F1FD
:10FF9000FF3403D253F80429002AF7D0C9F81040DF
:10FFA0004846FBF7BFFA00282BDB01364146002309
:10FFB00055F8040BD1F800C082B29A1A030C12FA59
:10FFC0008CF2C3EB1C4303EB224392B242EA03429E
:10FFD000AF4241F8042B4FEA2343E9D258F82420DA
:10FFE00008EB84036AB9043B984504D307E09845BD
:10FFF00004F1FF3403D253F80429002AF7D0C9F8DA
:02000004600298
:100000001040304603B0BDE8F08F002003B0BDE8DB
:10001000F08F00BF000000002DE9F04F2DED028BA6
:100020008FB08DED020B0191816B1A9D059357ECFA
:10003000106B0446934641B1C26B4A600123934062
:100040008B60FAF7B7FF0023A363B7F10008B4BFD2
:10005000012300232B60BE4BBCBF28F00048CDF825
:100060000C8033EA080300F09F809DED028BB5EE13
:10007000408BF1EE10FA11D1059A012313601B9BFE
:10008000002B00F03F82B34B1B9A1360013B00939F
:1000900000980FB0BDEC028BBDE8F08F0CAA0DA943
:1000A0002046B0EE480BFBF79DFB5FEA1853054670
:1000B00040F09280DDE90C130B4403F23242202A17
:1000C00040F3FA82C2F1400208FA02F803F2124247
:1000D000D64048EA060207EE102AB8EE477B581EC3
:1000E00017EE906A53EC172B4FF0010AA6F1F87344
:1000F0009FED913B9FED927B9FED935B06EE900A07
:1001000043EC122BB8EEE64BB7EE086B32EE466BC3
:10011000A6EE037BA4EE057BFDEEC76BB5EEC07BC0
:10012000F1EE10FA16EE907A08D5B8EEE66BB4EE62
:10013000476BF1EE10FA18BF07F1FF37162F00F2E8
:100140004581854B03EBC70393ED007BB4EEC78B72
:10015000F1EE10FA57D5091A0023B1F1010807F1A1
:10016000FF370A9300F1398100230693002F52DAFA
:10017000069B0497DB1B06937B420893019B092B8C
:100180004FF000074ED8052B40F39D82043B0193AE
:100190000026019B9A1E032A00F22581DFE812F057
:1001A000AA03A7039D037E03059AC8F3130842F22E
:1001B0000F7358EA060813601ED11B9B002B00F03A
:1001C0009185664B009308331B9A009813600FB01B
:1001D000BDEC028BBDE8F08F18EE906AC6F31306F3
:1001E000A3F2FF3053EC182B46F07F530C994FF0DD
:1001F000000A43F440137BE71B9B002B40F03B833A
:10020000574B009344E7091A0023B1F101080A9300
:1002100000F1E380069300230893019B0497092BC8
:10022000B844B0D900230126019307964FF0FF3957
:100230009B460021E163CDF82C902046FAF794FE0E
:100240000090002800F04085009BA363B9F10E0FD9
:1002500000F2DC80002E00F0D980049B002B40F3DC
:10026000DE833D4A03F00F0102EBC10292ED007BF9
:100270001A11DB0540F182833A4991ED086B02F0D7
:100280000F02032088EE065B5AB13649D60704D523
:1002900091ED006B013027EE067B521001F1080151
:1002A000F4D185EE076B0A9B3BB1B7EE007BB4EE51
:1002B000C76BF1EE10FA00F1AE8407EE900AB8EECB
:1002C000E75BB1EE0C7BA5EE067B17EE902A51ECB6
:1002D000170BA2F15071B9F1000F00F08883049E52
:1002E0004A46079B002B00F04784B6EE003B1A4BB2
:1002F000FDEEC64B03EBC20CB8EEE47B36EE477B5B
:100300001CED026B83EE065B41EC160B14EE900ABB
:1003100035EE465B0099B4EEC75B3030F1EE10FA73
:1003200001F8010B00F3AC84B7EE002BB2EE044BE6
:100330004FF0000C31E000BF61436F63A787D23FED
:10034000B3C8608B288AC63FFB799F501344D33FC4
:100350000000F07FC1960020C803002098260020EE
:10036000A4260020A00300200CF1010C94454DDAD6
:1003700027EE047B25EE045BFDEEC76B16EE903A8C
:10038000B8EEE63B303337EE437BB4EEC57BF1EE9F
:1003900010FA01F8013B00F1738432EE476BB4EEC2
:1003A000C56BF1EE10FADFD5009A049602E08A429E
:1003B00000F05084894611F8013D392BF7D0013304
:1003C000DBB20B70049B0133049355E1091A01233E
:1003D000B1F101080A937FF5C7AEC1F1010306939D
:1003E0004FF00008C2E60026E66331462046FAF7E1
:1003F000BBFD0090002800F06784009BA3634FF0D2
:10040000FF330B9399460123B34607930D9A002AB5
:1004100055DB04990E2952DCB74BBBF1000F03EBFF
:10042000C10393ED006B15DAB9F1000F12DC40F057
:10043000F282B1EE047B26EE077BB4EEC78BF1EEC1
:1004400010FACA464E4600F26D82DDF800806FEA6F
:100450000B0B70E288EE067BBDEEC77B009917EEB2
:10046000103AB9F1010F03F13003B8EEC75B01F8A0
:10047000013BA5EE468B00F03483B2EE044B012322
:1004800011E088EE067BBDEEC77B013317EE102A24
:100490004B4502F13002B8EEC75B01F8012BA5EE27
:1004A000468B00F01E8328EE048BB5EE408BF1EEF8
:1004B00010FAE6D1049B013304938946DCE0079BE4
:1004C00043B3019B012B40F37682089B09F1FF3A6D
:1004D000534580F23F82089BCDF820A0AAEB03028F
:1004E00017444FF0000AB9F1000FC0F22583069BB4
:1004F00009934B44C844069301212046FAF75EFE57
:1005000006460CE07D4B009300980FB0BDEC028BCB
:10051000BDE8F08F069BDDF820A0079E0993099B9C
:100520006BB1B8F1000F0ADD434506991A46A8BF22
:100530004246891A9B1A06910993A8EB0208089B68
:1005400063B1079B002B00F0A782BAF1000F00F304
:100550000482089BB3EB0A0240F0FF82012120468F
:10056000FAF72CFE002F824600F3AF80019B012B8F
:1005700040F38781002308930120002F40F0B180D1
:10058000404410F01F0000F07A81C0F12002042ADC
:1005900000F3888040F0F681069B002B05DD29469C
:1005A0001A462046FAF746FF0546B8F1000F05DD6A
:1005B000514642462046FAF73DFF82460A9B002BF1
:1005C00040F03F81B9F1000F40F32581079B002BDC
:1005D00040F0A380049B01330493DDF800800127E1
:1005E00007E0294600230A222046FAF7EDFC0137EE
:1005F000054651462846FFF779FCB94500F1300021
:1006000008F8010BEDDCB9F1000F009ACCBFCB4626
:100610004FF0010B03469344002729460122204650
:100620000193FAF707FF51460546FAF77BFF0028CA
:1006300040F3AF811BF8013C009A0BF1FF3B04E053
:100640005A4500F0B1811BF8013D392B0BF101092E
:10065000F6D001338BF8003051462046FAF7AAFC59
:1006600056B12FB1B74203D039462046FAF7A2FC63
:1006700031462046FAF79EFC29462046FAF79AFCB6
:10068000002389F80030DDE904231A601B9B002B4E
:100690003FF4FEAC0098C3F800900FB0BDEC028BA5
:1006A000BDE8F08FC0F11C00069B03440693099B34
:1006B0000344099380446FE7C2F1200206FA02F274
:1006C00007EE102A09E5012663E501463A46204671
:1006D000FAF750FE019B012B824640F3C5810023AF
:1006E0000893DAF810200AEB82021069FAF716FD77
:1006F000C0F1200044E700BFC8030020C0960020DE
:10070000314600230A222046FAF75EFC0B9B002BA1
:10071000064640F3CE8204979946099B002B05DDDF
:1007200031461A462046FAF785FE0646089B002BFE
:1007300040F0EB81B046029B009F03F001027B1E5C
:100740004B440893019B0A92134309935146284650
:10075000FFF7CCFB314683462846FAF7E3FE4246D4
:10076000514681462046FAF7FFFEC26801460BF16A
:100770003003002A42D1CDE906032846FAF7D2FE1B
:10078000069902902046FAF715FC029A079B1AB9BF
:100790000999002900F07E82B9F1000FC0F283812F
:1007A000019949EA01090A9951EA090900F07B8196
:1007B000002A00F3C681089A3B7007F101099742AD
:1007C000CB4600F0C481294600230A222046FAF7CE
:1007D000FBFB4645054631464FF000034FF00A0249
:1007E000204612D0FAF7F0FB4146064600230A22C3
:1007F0002046FAF7E9FB4F468046A7E720460293DA
:10080000FAF7D8FB029B0122C6E7FAF7DDFB4F4659
:10081000064680469AE7019B022B71DC079B002B62
:100820007FF47BAF049B5146013328460493FFF7C6
:100830005DFBDDF800B000F130030BF8013B002751
:10084000EBE651462846FAF76DFE0028BFF6BAAE31
:10085000294600230A222046FAF7B6FB049B5F1EB6
:10086000079B0546002B7FF44BAF0B9B002B40F3FF
:1008700018829946B1E6BC4B00930333A4E41C20D4
:1008800012E7DDE9020100287FF474AEC1F3130220
:10089000002A00F0F480029B08936DE60123079381
:1008A000049B5B4403F10109B9F1010FCC460B93A2
:1008B000B8BF4FF0010C0021BCF1170FE1637FF7C7
:1008C000BCAC01200422520002F11403634501462E
:1008D00000F10100F7D9E163AFE401230793BBF115
:1008E000000F52DDCDF82CB0D946DC46E3E70023FB
:1008F0000793D5E700230793F1E7DDF82C900497E1
:10090000B9F1000F7FF4A1AD51464B4605222046B8
:10091000FAF75AFB014682462846FAF703FE0028FA
:100920007FF793AD049B03F1010B009B31229846A6
:1009300003F8012B009351462046FAF73BFB0BF1DD
:100940000103DDF800900493CDF80080002E7FF4C1
:100950008FAE91E6A3EB0A0AC5E531465246204622
:10096000FAF708FD2A46014606462046FAF754FCE7
:10097000294605462046FAF71DFBEAE50220B0EEBF
:10098000485B81E4C0F13C008EE64FF0010BD94694
:100990004FE403D1019BDB073FF54CAED9461BF872
:1009A000013D302BFAD057E6049B009A01330493A3
:1009B0003123137050E6BAF1000F00F0238102F2E8
:1009C0003342069B09931344DDF820A0069390441C
:1009D00092E507EE900AB1EE0C5BB8EEE77BA6EE6F
:1009E000075B15EE902A51EC150BA2F1507141EC0A
:1009F000150BB1EE047B36EE477BB4EEC57BF1EE12
:100A000010FA00F33781B1EE455BB4EEC57BF1EE31
:100A100010FA7FF5FBAC4FF0000A564615E500F0E2
:100A2000F580049B51495A4202F00F0001EBC001CE
:100A300091ED006B121128EE066B00F04281B0EED2
:100A4000467B4B4900260220D30705D591ED005B7C
:100A50000130012627EE057B521001F10801F3D188
:100A6000002E06FE076B1EE4029B002B7FF437AEC0
:100A7000DDE90201C1F31302002A40F037813D4A4B
:100A80000A40002A00F0FA80069B013306930123F6
:100A900008F1010808936FE52946089A2046FAF7FD
:100AA00069FC05465AE5002A12DD29460122204646
:100AB0000193FAF7BFFC51460546FAF733FD0028CB
:100AC000019B40F3E180392B00F0CA800BF1310328
:100AD000B94609F8013B049B013337460493464667
:100AE000BAE538EE088BB4EEC68BF1EE10FA0ADCEC
:100AF000B4EE468BF1EE10FA7FF4DCAC17EE103A50
:100B0000D8077FF5D7AC009A54E471682046FAF70D
:100B10002BFA0746002800F0DE80336902339A0082
:100B200006F10C010C30F4F75DFC39460122204639
:100B3000FAF780FC8046FEE5069BA3EB09030993C8
:100B4000DAE4392B00F08C80B9460133C1E7049A0E
:100B500001323746049246465FE529462046FAF7B9
:100B600009FC0546FAE400BFA4260020C8030020C3
:100B7000A00300200000F07F5E4BFDEEC65B03EBA0
:100B8000C20C1CED023BB8EEE57B36EE477B41EC38
:100B9000160B15EE901A23EE063B00983031012A11
:100BA00000F8011B00F08380B2EE044B009B991803
:100BB00027EE047BFDEEC76B16EE903A303300F85B
:100BC000013B8142B8EEE65B37EE457BF0D1B6EEF5
:100BD000006B33EE065BB4EEC75BF1EE10FA3FF547
:100BE000E3AB36EE436BB4EEC76BF1EE10FA7FF772
:100BF0000DAC8946013919F8013C302BF9D0731C32
:100C0000049339E50C9AC2F13602DAE60220B0EE1E
:100C1000486BFFF748BBB9F1000F3FF4DAAE0B9A0F
:100C2000002A7FF7F3ABB2EE044B26EE046B0130E3
:100C300007EE900A049BB8EEE75BB1EE0C7BA6EEE4
:100C4000057B17EE90CA51EC170B5E1EACF150718C
:100C5000FFF747BB049B013304933123FFF7B1BB7C
:100C6000049BBB4601330493392337460BF8013B01
:100C70004646E1E44FF0000A564653E608927BE40C
:100C8000731C04938946F7E47FF422AFDA077FF5FB
:100C90001FAF18E7392BE3D0B9F1000F3FF716AFBC
:100CA00016E7019B022B3FF728AE0497BAE50146F1
:100CB0008DE7019B022B3FF720AEDDF82C900497C7
:100CC0002BE50220FFF7EFBA0B4B0C48002240F255
:100CD000AF11F9F7C3FE084B08483A4640F2EF213E
:100CE000F9F7BCFE064B0093FFF7D2B9029B0893BD
:100CF000F7E400BFC8030020B8230020A826002086
:100D000098260020B1F90C202DE9F0410C4611077E
:100D1000804647D4636842F40062002BA2815EDD06
:100D2000A56A002D58D00023D8F80060C8F800301C
:100D300093B212F4805256D10123E1694046A8478C
:100D4000431C67D0A389A56A5F0705D56368C01AED
:100D5000236B0BB1E36BC01AE169024600234046E6
:100D6000A847411C41D1D8F80030002B3DD01D2BA5
:100D700001D0162B56D1A3892269226023F4006387
:100D800000216160A381216BC8F8006021B304F1E8
:100D90004003994202D04046FBF720FB002020632D
:100DA000BDE8F0812669BEB193B2256826609A0736
:100DB0000CBF63690023AD1BA3600BE02B463246DA
:100DC000E169676A4046B847B0F1000CA5EB0C0535
:100DD000664417DD002DF1DC0020BDE8F081E36BF7
:100DE000002B9DDCF8E7206DAEE7B4F90C302269EA
:100DF000226023F40063A3810022DB046260C2D579
:100E00002065C0E7A38943F040034FF0FF30A38182
:100E1000BDE8F081D8F80030002B93D01D2B06D010
:100E2000162B04D0A38943F04003A381D5E7C8F86B
:100E30000060D1E738B50C46054608B1436B03B3F3
:100E4000B4F90C0088B1636EDB0701D481050FD5BE
:100E500028462146FFF756FF636EDA07054602D49F
:100E6000A3899B0508D5284638BD0546284638BDC8
:100E7000A06DF9F793FEEBE7A06DF9F791FE284618
:100E800038BDFAF705FFDBE701F0FF01102A2BDB85
:100E900010F0070F08D010F8013B013A8B422DD01B
:100EA00010F0070F42B3F6D1F0B441EA012141EA54
:100EB000014122F007047FF000070023F0E802560A
:100EC000083C85EA010586EA010685FA47F5A3FA9A
:100ED00087F586FA47F6A5FA87F68EB9EED1F0BC0B
:100EE00001F0FF0102F0070232B110F8013B013AB4
:100EF00083EA010313B1F8D100207047013870472D
:100F0000002D06BF35460338073815F0010F07D10D
:100F1000013015F4807F02BF013015F4C03F01306D
:100F2000F0BC0138704700BF30B482B08DED000BCB
:100F3000019A194C22F000430021A342016021DCF8
:100F4000009C1C431ED0154C144054B99FED107BDF
:100F500020EE077B8DED007B019A6FF0350122F0CA
:100F6000004322F0FF42DDE9004522F4E00242F0B6
:100F70007F551B1545F40015A3F2FE33CDE900455E
:100F80000B4403609DED000B02B030BC704700BF06
:100F90000000000000005043FFFFEF7F0000F07FE3
:100FA00070B50C46084D03460026204611461C46E7
:100FB0002E60F4F7BFFC431C00D070BD2B68002BE3
:100FC000FBD0236070BD00BF90CE002038B5074D28
:100FD0000022044608462A60F4F7B2FC431C00D005
:100FE00038BD2B68002BFBD0236038BD90CE00208D
:100FF0002DE9F04782B0824688461446F9F7D2FDC3
:10100000012803D108F1FF33FE2B36D90DF1040975
:10101000424604F15C0349465046FEF7FFFD421C80
:10102000064632D020B39DF804C0002509E02368AD
:101030005A1C226083F800C00135B54218D219F855
:1010400001CFA368013B002BA360F0DAA769BB4284
:1010500061462246504602DBBCF10A0FE7D100F0A0
:1010600087FA431CE8D10646304602B0BDE8F08757
:101070004646304602B0BDE8F0875FFA88FC8DF83E
:1010800004C006460DF10409CFE7A389304643F0BA
:101090004003A38102B0BDE8F08700BF30B5536EB6
:1010A00013F0010FB2F90C30144683B005469AB222
:1010B00001D198051CD5900406D4626E43F4005308
:1010C00042F40052A381626622462846FFF790FF51
:1010D000636EDA07054602D4A3899B0502D528462C
:1010E00003B030BDA06DF9F75BFD284603B030BDFD
:1010F000A06D0191F9F752FDB4F90C3001999AB243
:10110000D9E700BF01F140032DE9F0410C46096B1E
:10111000994214D0666B77003A46FAF723FF0546EA
:1011200040B300EB0608014632464046F4F75AF950
:10113000C4E90C57C4F800800020BDE8F0814FF4EA
:101140008061F9F705F9A8B194F842304FF4806254
:10115000C4E90C0280F8FF3394F8413080F8FE3384
:1011600094F8402080F8FD2300F2FD332360002036
:10117000BDE8F0814FF0FF30DFE700BF9368002B40
:1011800000F085802DE9F04FB1F90C300C461907BD
:10119000804683B0174698B225D523691BB310F05B
:1011A00002033D682DD04FF0000ADFF8C0B256466A
:1011B000B9465E453346524628BF5B464046002E40
:1011C00052D0E169676AB847002856DDD9F808307F
:1011D0001B1A8244361AC9F80830002BE9D10020C6
:1011E00003B0BDE8F08F21464046FEF7A1FD002880
:1011F00040F03881B4F90C303D6898B210F0020329
:10120000D1D110F0010944D14E46009746B3820572
:10121000D4F808B040F18580B3455A4600F2B48056
:1012200010F4906F40F0C180206801924946F9F7B0
:1012300099FBA368019AA3EB0B012368A1601344F7
:10124000B24623600026009A9368A3EB0A03D144B8
:101250009360002BC3D0B4F90C0080B2002ED6D11D
:10126000D5E900960835D1E7D5E900A60835A0E70D
:1012700021464046FFF7DEFD88B3B4F90C3043F059
:1012800040034FF0FF30A38103B0BDE8F08F002092
:1012900070471E46BA469946184600951F4666B3E3
:1012A000002832D04A46D4E904132068A568B24227
:1012B00028BF3246884204D905EB030B5A4500F398
:1012C000A780934264DCE169656A3A464046A847D4
:1012D000B0F1000BD1DDB9EB0B09C9D00120DAF870
:1012E0000830A3EB0B035F44A6EB0B06CAF80830EB
:1012F000002B3FF474AF002ED2D1009A56681346EB
:1013000008320092002EF8D01F6832460A21384673
:10131000FFF7BAFD002800F09C800130A0EB070920
:10132000C0E720682369984216D86269B24213D890
:101330006FF00043B34228BF3346E16993FBF2F3F9
:10134000676A02FB03F340464A46B847B0F1000A19
:1013500093DDA6EB0A0676E7B345DA4628BFB24628
:1013600052464946F9F7FEFAA3682268A3EB0A033E
:101370005244A3602260002BEBD121464046FFF788
:1013800059FD0028E5D078E72068B34632464CE79F
:1013900039460192F9F7E6FA019AA3689B1AA3600D
:1013A000236813442360934695E723682169A3EBE0
:1013B000010B636903EB430A0AEBDA7A0BF10103D1
:1013C0004FEA6A0A33445345524684BF9A4652460E
:1013D00043052CD511464046F8F7BAFF00283BD00C
:1013E0005A4621690190F3F7FDFFA289019B22F47F
:1013F000906242F08002A28103EB0B002361AAEB12
:101400000B03C4F814A0A3602060B34632460CE777
:1014100039465A46F9F7A6FA23685B442360214609
:101420004046FFF707FD00283FF455AF25E740464B
:10143000FAF798FD03460028DED121694046FAF705
:10144000CDFFB4F90C300C2223F08003C8F8002043
:1014500015E7721C914626E70C22B4F90C30C8F847
:1014600000200CE74FF0FF30BAE600BF00FCFF7F22
:101470002DE9F04F9368176883B09246002B70D027
:1014800081468A6808680C46083743E0A38913F44C
:10149000906F2ED0D4E90416A0EB010806EB4606A7
:1014A00006EBD67608F1010076102844B0423246A9
:1014B00084BF064632465B0537D511464846F8F7E5
:1014C00047FF019000283AD042462169F3F78AFF8E
:1014D000A289019B22F4906242F08002A281A6EBD5
:1014E000080203EB08006661A260236120602E46BB
:1014F000A84642465946F9F735FADAF80830A268A4
:101500002068921B40445B1BA2602060CAF8083030
:101510003BB3083757E902B5002DFAD0AA42164668
:101520009046B3D92E46A846E3E74846FAF71AFD97
:1015300003460028D3D121694846FAF74FFFA38913
:101540000C2243F04003C9F800204FF0FF30A38184
:1015500000220023CAF80820CAF8043003B0BDE80E
:10156000F08F00200023CAF8043003B0BDE8F08FEC
:10157000F8B50D461446064610B1436B002B4CD00F
:10158000B4F90C20A369A360170790B21BD5236997
:10159000CBB1EDB281042F4622D522686169D31AFE
:1015A000994229DD0133A1680139A160511C2160F4
:1015B000157062699A4227D0A389DB0701D50A2DED
:1015C00022D03846F8BD21463046FEF7B1FB08BBB5
:1015D000B4F90C20236990B2EDB281042F46DCD41B
:1015E00042F40052A281626E616922F40052626686
:1015F0002268D31A9942D5DC21463046FFF71AFCFF
:1016000040B922680123CEE721463046FFF712FC9D
:101610000028D6D04FF0FF37D3E7FAF739FBAFE712
:101620002DE9F04F8BB0DDE9158A149F03918146B7
:1016300005921E46B8F1000F5CD0039B002B5ED0D4
:10164000059B1D68002F6AD0741E4EB3039B049344
:10165000043D002601950BE0039B2BBB019B1A6800
:10166000002A3AD0BC455CD2013C631C664617D0C8
:10167000D8F800300293019BDAF8E05053F8042FB9
:10168000019307A943464846D8F804B0A847421C2E
:101690003AD000EB060CBC45DED9029BC8E9003B02
:1016A00030460BB0BDE8F08F00280EDD049B019D95
:1016B00018445A1E07A900F1FF3E11F8013B02F839
:1016C000013F7245F9D101950490059B1A680432D7
:1016D0001A60019B1A68002AC4D1039B0BB1059BB9
:1016E0001A600CF1FF3600223046C8F800200BB01B
:1016F000BDE8F08F039B00F58678002BA0D1059BF9
:101700004FF0FF371D689FE706468A2100223046CA
:10171000C9F80010C8F800200BB0BDE8F08F3E46B5
:10172000BEE76646BCE700BF10B584B0054C06981E
:10173000009007980190044800680294FFF770FF3A
:1017400004B010BD38A30020C0A8002081F00041E3
:1017500002E000BF83F0004330B54FEA41044FEA96
:10176000430594EA050F08BF90EA020F1FBF54EA31
:10177000000C55EA020C7FEA645C7FEA655C00F0CD
:10178000E2804FEA5454D4EB5555B8BF6D420CDD9E
:101790002C4480EA020281EA030382EA000083EA21
:1017A000010180EA020281EA0303362D88BF30BDC1
:1017B00011F0004F4FEA01314FF4801C4CEA113117
:1017C00002D0404261EB410113F0004F4FEA033376
:1017D0004CEA133302D0524263EB430394EA050F01
:1017E00000F0A780A4F10104D5F1200E0DDB02FA70
:1017F0000EFC22FA05F2801841F1000103FA0EF204
:10180000801843FA05F359410EE0A5F120050EF1C9
:10181000200E012A03FA0EFC28BF4CF0020C43FAFA
:1018200005F3C01851EBE37101F0004507D54FF007
:10183000000EDCF1000C7EEB00006EEB0101B1F557
:10184000801F1BD3B1F5001F0CD349085FEA30009D
:101850004FEA3C0C04F101044FEA445212F5800FA8
:1018600080F09A80BCF1004F08BF5FEA500C50F145
:10187000000041EB045141EA050130BD5FEA4C0C28
:10188000404141EB0101013C28BFB1F5801FE9D285
:1018900091F0000F04BF01460020B1FA81F308BFA8
:1018A0002033A3F10B03B3F120020CDA0C3208DD74
:1018B00002F1140CC2F10C0201FA0CF021FA02F14F
:1018C0000CE002F11402D8BFC2F1200C01FA02F1BF
:1018D00020FA0CFCDCBF41EA0C019040E41AA2BFE4
:1018E00001EB0451294330BD6FEA04041F3C1CDAAC
:1018F0000C340EDC04F11404C4F1200220FA04F0CC
:1019000001FA02F340EA030021FA04F345EA030175
:1019100030BDC4F10C04C4F1200220FA02F001FA37
:1019200004F340EA0300294630BD21FA04F02946B9
:1019300030BD94F0000F83F4801306BF81F4801152
:101940000134013D4EE77FEA645C18BF7FEA655CC5
:1019500029D094EA050F08BF90EA020F05D054EA97
:10196000000C04BF1946104630BD91EA030F1EBF9C
:101970000021002030BD5FEA545C05D140004941A0
:1019800028BF41F0004130BD14F580043CBF01F593
:10199000801130BD01F0004545F0FE4141F4700179
:1019A0004FF0000030BD7FEA645C1ABF1946104654
:1019B0007FEA655C1CBF0B46024650EA013406BF55
:1019C00052EA033591EA030F41F4002130BD00BF14
:1019D00090F0000F04BF0021704730B54FF48064D1
:1019E00004F132044FF000054FF0000150E700BF52
:1019F00090F0000F04BF0021704730B54FF48064B1
:101A000004F1320410F0004548BF40424FF000019D
:101A10003EE700BF42004FEAE2014FEA31014FEAE0
:101A200002701FBF12F07F4393F07F4F81F060512F
:101A3000704732F07F4208BF704793F07F4F04BF7A
:101A400041F40021704730B54FF4607401F0004557
:101A500021F000411CE700BF50EA010208BF7047B7
:101A600030B54FF000050AE050EA010208BF7047A8
:101A700030B511F0004502D5404261EB41014FF411
:101A8000806404F132045FEA915C3FF4D8AE4FF019
:101A900003025FEADC0C18BF03325FEADC0C18BFFC
:101AA000033202EBDC02C2F1200300FA03FC20FA4D
:101AB00002F001FA03FE40EA0E0021FA02F114449A
:101AC000BDE600BF08B502460B4643EC172BB5EE4A
:101AD000C07BF1EE10FA03D4BDE8084000F00CB86A
:101AE000B1EE477B51EC170B00F006F8404261EB7A
:101AF000410108BD000000009FED0B6B41EC170B8E
:101B00009FED0B5B27EE066BBCEEC66BB8EE464B4B
:101B1000A4EE457BFCEEC77B16EE101A17EE900A7A
:101B2000704700BFAFF30080000000000000F03DF0
:101B3000000000000000F0415FF800F02D17006089
:101B40005FF800F0AD1E00605FF800F0011F00605C
:081B500000000000000000008D
:041B5800F8B500BF1D
:081B5C00B850FF7F01000000FA
:101B64000000000000000000000000000000000071
:101B74000000000000000000000000000000000061
:101B84000000000000000000000000000000000051
:101B94000000000000000000000000000000000041
:101BA4000000000000000000000000000000000031
:101BB4000000000000000000000000000000000021
:101BC4000000000000000000000000000000000011
:101BD4000000000000000000000000000000000001
:101BE40000000000000000000000000000000000F1
:101BF40000000000000000000000000000000000E1
:101C040000000000000000000000000000000000D0
:101C140000000000000000000000000000000000C0
:101C240000000000000000000000000000000000B0
:101C340000000000000000000000000000000000A0
:101C44000000000000000000000000000000000090
:101C54000000000000000000000000000000000080
:101C64000000000000000000000000000000000070
:101C74000000000000000000000000000000000060
:101C84000000000000000000000000000000000050
:101C94000000000000000000000000000000000040
:101CA4000000000000000000000000000000000030
:101CB4000000000000000000000000000000000020
:101CC4000000000000000000000000000000000010
:101CD4000000000000000000000000000000000000
:101CE40000000000000000000000000000000000F0
:101CF40000000000000000000000000000000000E0
:101D040000000000000000000000000000000000CF
:101D140000000000000000000000000000000000BF
:101D240000000000000000000000000000000000AF
:101D3400000000000000000000000000000000009F
:101D4400000000000000000000000000000000008F
:101D5400000000000000000000000000000000007F
:101D6400000000000000000000000000000000006F
:101D7400000000000000000000000000000000005F
:101D8400000000000000000000000000000000004F
:101D9400000000000000000000000000000000003F
:101DA400000000000000000000000000000000002F
:101DB400000000000000000000000000000000001F
:101DC400000000000000000000000000000000000F
:101DD40000000000000000000000000000000000FF
:101DE400BEF3F879EC61F63FDEAA8C80F77BD5BFB1
:101DF4003D88AF4AED71F53FDB6DC0A7F0BED2BFA1
:101E0400B010F0F03995F43F673A517FAE1ED0BF61
:101E14008503B8B095C9F33FE92482A6D831CBBF76
:101E2400A564880C190DF33F5877C00A4F57C6BFF5
:101E3400A08E0B7B225EF23F00819CC72BAAC1BF00
:101E44003F341A4A4ABBF13F5E0E8CCE764EBABF7F
:101E5400BAE58AF05823F13FCC1C615A3C97B1BFD4
:101E6400A70099413F95F03F1E0CE138F452A2BF00
:101E7400000000000000F03F00000000000000002F
:101E8400AC479AFD8C60EE3F8459F25DAAA5AA3F47
:101E9400A06A021FB3A4EC3FB42E36AA535EBC3F23
:101EA400E6FC6A573620EB3F08DB2077E526C53F82
:101EB4002DAAA163D1C2E93F7047220D86C2CB3F50
:101EC400ED417803E686E83FE17EA0C88B05D13F6B
:101ED400624853F5DC67E73F09EEB6573004D43F58
:101EE400EF39FAFE422EE63F3483B848A30ED0BF42
:101EF4006A0BE00B5B57D53F23410AF2FEFFDFBFBD
:101F04000080E03779C34143176E05B5B5B89346F1
:101F1400F5F93FE9034F384D321D30F94877825ABD
:101F24003CBF737FDD4F1575000000000000F03FDB
:101F340000000000000024400000000000005940A0
:101F44000000000000408F40000000000088C340F3
:101F540000000000006AF8400000000080842E4168
:101F640000000000D01263410000000084D79741B4
:101F74000000000065CDCD41000000205FA00242BA
:101F8400000000E876483742000000A2941A6D422F
:101F9400000040E59C30A2420000901EC4BCD64222
:101FA40000003426F56B0C430080E03779C34143CD
:101FB40000A0D8855734764300C84E676DC1AB4343
:101FC400003D9160E458E143408CB5781DAF154461
:101FD40050EFE2D6E41A4B4492D54D06CFF080443C
:101FE400F64AE1C7022DB544B49DD9794378EA4451
:101FF400BC89D897B2D29C3C33A7A8D523F64939DB
:102004003DA7F444FD0FA5329D978CCF08BA5B25FC
:10201400436FAC642806681101005E0000000000F4
:1020240088B0002000000000000000000000000054
:1020340000000000FFFFFFFF0000000000000000A0
:1020440000000000A8B00020000000000000000014
:102054000000000000000000FFFFFFFF0000000080
:1020640000000000000000000C9A0020180A002064
:102074001C9A0020249A0020140000001000120072
:10208400200000005C0000001400000000000000BC
:102094000000000000000000140024001C002400C4
:1020A40000000000740000000000000000000000B8
:1020B40000000000000000002100140000000000E7
:1020C40000001800000000000000000000000000F4
:1020D40000000000000000000000000000000000FC
:1020E400FC0B00000000000000000000280040007D
:1020F40000000000000000000000000000000000DC
:1021040000000000000000000000000000000000CB
:1021140000000000000000000000000000000000BB
:1021240000000000000000000000000000000000AB
:1021340000000000000010000400000088003402C9
:10214400000000000000000000000000000000008B
:1021540000000000000000002C000000000000004F
:1021640010002400480020002400000001020000A8
:102174000300000025303278000000002530347858
:102184000000000072656164696E672068657820EC
:102194006C696E65732E2E2E0A00000061626F72E8
:1021A40074202D206572726F722025303258206998
:1021B4006E20666C6173685F77726974655F626CC8
:1021C4006F636B28290A00000A6865782066696CC9
:1021D400653A20253164206C696E65732025316C65
:1021E4007520627974657320282530386C58202D49
:1021F400202530386C58290A0000000066775F7487
:1022040065656E7379343100656E7465722025647A
:1022140020746F20666C617368206F7220302074A4
:102224006F2061626F72740A0000000061626F7255
:1022340074202D207573657220656E7465726564F3
:102244002030206C696E65730A00000063616C6C59
:10225400696E6720666C6173685F6D6F76652829A7
:1022640020746F206C6F6164206E657720666972DC
:102274006D776172652E2E2E0A00000046583A20B2
:1022840072656164696E6720686578206C696E6543
:102294007320286E6F2D70726F6D7074206D6F6473
:1022A40065292E2E2E0A000046583A2061626F726C
:1022B40074202D2062616420686578206C696E65E5
:1022C4002025730A0000000046583A2061626F72AC
:1022D40074202D20696E76616C69642068657820AD
:1022E400636F64652025640A0000000046583A20A4
:1022F40061626F7274202D206D6178206164647254
:10230400657373202530386C5820746F6F206C61AE
:102314007267650A0000000046583A2061626F72D5
:1023240074202D206572726F7220256420696E20DE
:10233400666C6173685F77726974655F626C6F6302
:102344006B28290A0000000046583A2025642068BA
:102354006578207265636F7264732C206865782ECB
:102364006D696E3D2530386C582C206865782E6D6B
:1023740061783D2530386C580A00000046583A20F0
:102384006E657720636F646520636F6E7461696E38
:102394007320636F7272656374207461726765740D
:1023A4002049442025730A0046583A20636F6D6D16
:1023B400697474696E6720666C6173685F6D6F76AB
:1023C4006528292E2E2E0A0046583A2061626F7223
:1023D40074202D206E657720636F6465206D6973AA
:1023E40073696E6720737472696E672025730A00BF
:1023F400FF00780180014302880187018C018B0171
:10240400920191019501F601990198019A013D0209
:102414009E012002A801A701AD01AC01B001AF01EA
:10242400B901B801BD01BC01BF01F701C601C40176
:10243400C901C701CC01CA01DD018E01F301F1011B
:10244400F501F4013A02652C3C023B023E02662C83
:10245400420241025302810154028601560289015B
:1024640057028A0159028F015B02900160029301B5
:102474006302940168029701690296016B02622C5F
:102484006F029C0172029D0175029F017D02642C02
:102494008002A6018302A9018802AE0189024402D6
:1024A4008A02B1018B02B2018C0245029202B70189
:1024B4007B03FD037C03FE037D03FF03AC03860360
:1024C400C203A303CC038C03CD038E03CE038F037B
:1024D400F203F903F803F703FB03FA03CF04C00480
:1024E4007D1D632C511F591F531F5B1F551F5D1FFB
:1024F400571F5F1F781FF81F791FF91FB31FBC1FD9
:10250400CC1FC31FE51FEC1FFC1FF31F4E213221FC
:1025140084218321612C602C762C752C5B7175656C
:1025240075655D206D6B646972202F7175657565C5
:10253400206661696C6564002F71756575652F256A
:10254400730000005B71756575655D2072656E6171
:102554006D65202573202D3E202573206661696CEE
:1025640065640A005B71756575655D202573202DB2
:102574003E2025730A0000004E4F4E450000000027
:10258400524541445900000053442C52454144599A
:102594002C256C752C256C750A00000053442C46C0
:1025A4004D542C256C750A0053442C4E4F4E450A4D
:1025B4000000000053442C4552520A0053442C415D
:1025C40043544956450A00005B73645D202573201B
:1025D40020746F74616C3D256C754D422066726584
:1025E400653D256C754D420A000000005B71756500
:1025F40075655D206F70656E202573206661696C5A
:1026040065640A005B71756575655D2075706C6F36
:102614006164696E672025732028256C75206279B2
:10262400746573292E2E2E0A000000005B717565F7
:1026340075655D2025732063616E63656C6C6564EC
:10264400206279206461736820E280942075706C44
:102654006F6164732064697361626C656420756E74
:1026640074696C207265626F6F740A005B717565C2
:1026740075655D204F4B20E28094202573206465AE
:102684006C657465640A00005B71756575655D2031
:10269400257320504F5354206661696C656420286B
:1026A4007374617475733D25642920E28094206CF1
:1026B400656176696E6720666F72206E6578742036
:1026C400706173730A0000004F4B00004641494C8F
:1026D400454400005245432C000000005B746565CE
:1026E4006E73795D2052454320535441525420E285
:1026F400809420747261636B3D222573222C2074B4
:102704003D256C756D7320756E69783D256C750A71
:10271400000000005B73645D206F70656E53657329
:1027240073696F6E3A2063617264206E6F74205215
:102734004541445920E2809420736B697070696E3E
:10274400670000002F73657373696F6E7300000078
:102754005B73645D206D6B646972202F73657373A2
:10276400696F6E73206661696C656400554E4B4EEB
:102774004F574E002F73657373696F6E732F7365B4
:102784007373696F6E5F256C755F25732E6E646A53
:10279400736F6E002F73657373696F6E732F736538
:1027A4007373696F6E5F6E6F7274635F256C755FB0
:1027B40025732E6E646A736F6E0000005B73645D34
:1027C400206F70656E202573204641494C45440AAC
:1027D400000000005B73645D206F70656E656420AB
:1027E40025730A005B636C6F75645D2061667465B4
:1027F400722D7261636520504F5354202573202835
:10280400256C75206279746573292E2E2E0A0000BA
:1028140055504C4F41442C53544152542C25732C45
:10282400256C750A000000002F75706C6F616400E0
:1028340043414E43454C4C454400000055504C4FD9
:1028440041442C444F4E452C25730A005B636C6F46
:1028540075645D2061667465722D726163652063C1
:10286400616E63656C6C6564206279206461736871
:10287400000000005B636C6F75645D2061667465C5
:10288400722D72616365204F4B20E280942066694B
:102894006C652064656C6574656400004641494C50
:1028A400000000005B636C6F75645D206166746595
:1028B400722D72616365206661696C65642028739A
:1028C40074617475733D2564290A0000434C442CDB
:1028D40025752C256C750A005B7465656E73795DCE
:1028E400205245432053544F5020E2809420647575
:1028F400726174696F6E3D256C756D730A0000001A
:10290400545241434B2C00005B7465656E73795DD2
:1029140020747261636B2073657420746F202225A8
:1029240073220A005344464F524D415400000000A4
:102934005B7465656E73795D20534420666F726DB8
:1029440061742072657175657374656420627920A1
:1029540064617368000000005B73645D20666F72DD
:102964006D61743A206361726420696E69742066D3
:1029740061696C65640000005B73645D20666F725E
:102984006D61742025730A0053455454494D452CF8
:10299400000000005B7465656E73795D20525443DA
:1029A4002073657420746F20256C750A0000000084
:1029B400545A2C005B7465656E73795D2074696D7F
:1029C400657A6F6E652073657420746F2022257399
:1029D400220A00004346472C00000000636C5F6835
:1029E4006F737400636C5F706F727400636C5F70FC
:1029F400726F746F00000000636C5F7374726D001B
:102A0400636C5F656D61696C00000000636C5F6BF3
:102A1400657900007265635F736400007265635FCB
:102A2400636C0000696E6574000000005B63666798
:102A34005D20756E6B6E6F776E206B6579202573E4
:102A44000A0000005B6366675D202573203D202536
:102A5400730A000055504C4F41442C43414E4345AA
:102A64004C0000005B636C6F75645D2055504C4FE7
:102A740041442C43414E43454C207265636569765D
:102A8400656420E280942075706C6F6164732064C7
:102A9400697361626C656420756E74696C2072651B
:102AA400626F6F74000000005645523F0000000042
:102AB400302E312E370000005645522C7465656E59
:102AC40073792C25730A00004657555044415445E8
:102AD4000000000046572C4552522C62756666650C
:102AE400725F696E69745F6661696C656400000099
:102AF4005B66777570646174655D20627566666592
:102B04007220402030782530386C582C2073697A34
:102B1400653D256C750A000046572C5245414459C1
:102B24002C256C750A00000046572C4552522C7512
:102B340070646174655F6661696C656400000000BF
:102B44005B7465656E73795D20756E6B6E6F776E01
:102B5400206461736820636D643A2025730A000061
:102B64004F50454E00000000434C4F5345000000B9
:102B74005B73645D2053455353494F4E20257320A6
:102B84002066696C653D2573202073616D706C65EA
:102B9400733D256C750A000053442C5245432C2583
:102BA400752C25732C256C750A0000007B22742279
:102BB4003A256C752E2530336C752C226669782283
:102BC4003A25752C2273617473223A25752C226C74
:102BD4006174223A252E36662C226C6F6E223A25B9
:102BE4002E36662C2273706565645F6D7068223AB8
:102BF400252E31662C2268656164696E675F6465A1
:102C040067223A252E31662C2272706D223A257580
:102C14002C0000007B22745F6D73223A256C752CA6
:102C240022666978223A25752C2273617473223ADC
:102C340025752C226C6174223A252E36662C226C62
:102C44006F6E223A252E36662C2273706565645F9A
:102C54006D7068223A252E31662C2268656164699C
:102C64006E675F646567223A252E31662C22727086
:102C74006D223A25752C0000226F696C5F707369B0
:102C8400223A6E756C6C2C00226F696C5F707369EC
:102C9400223A252E31662C0022636F6F6C616E74AC
:102CA4005F66223A6E756C6C2C00000022636F6FB5
:102CB4006C616E745F66223A252E31662C0000002A
:102CC400226178223A252E32662C226179223A2515
:102CD4002E32662C22617A223A252E32662C226705
:102CE40078223A252E31662C226779223A252E3114
:102CF400662C22677A223A252E31667D0A0000006E
:102D04005B73645D2073686F727420777269746595
:102D1400202825642F25642920E2809420636C6F89
:102D240073696E672073657373696F6E0A000000C0
:102D340002E9E500013500005B636C6F75645D209A
:102D4400636F6E6E6563742025733A257520666122
:102D5400696C65640A000000504F535420257320A9
:102D6400485454502F312E310D0A486F73743A2051
:102D740025730D0A436F6E74656E742D54797065F6
:102D84003A206170706C69636174696F6E2F782D7D
:102D94006E646A736F6E0D0A582D4150492D4B6550
:102DA400793A2025730D0A582D557365722D456D9A
:102DB40061696C3A2025730D0A582D536573736944
:102DC4006F6E2D49643A20256C750D0A582D547286
:102DD40061636B2D4E616D653A2025730D0A436F57
:102DE4006E74656E742D4C656E6774683A20257533
:102DF4000D0A436F6E6E656374696F6E3A20636C7F
:102E04006F73650D0A0D0A0055504C4F41442C5008
:102E1400524F472C256C750A00000000485454504A
:102E24002F0000006100E01AE000E017F800E0075E
:102E34000001013032010106390101104A01012E5D
:102E44007901010682010104A0010106B301010414
:102E5400CD010110DE010112F80101282202011244
:102E64004602010AAD03DB03B103E011C303E00929
:102E7400D80301183004E0205004B010600401228B
:102E84008A040136C104010ED00401446105D02630
:102E9400001E0196A01E015A001F0808101F0806F4
:102EA400201F0808301F0808401F0806601F080874
:102EB400701F4A02721F5604761F64027A1F700242
:102EC4007C1F7E02801F0808901F0808A01F0808A6
:102ED400B01F0802D01F0802E01F08027021F01082
:102EE400D024E61A302CD02F672C0106802C0164E4
:102EF400002D002641FFE01A2F71756575650000ED
:102F040057726974696E67204641542000000000BE
:102F14000D0A00004361726420697320746F6F208E
:102F2400736D616C6C2E0D0A00000000466F726DAB
:102F3400617420446F6E650D0A000000466F726D67
:102F44006174204661696C65640D0A004261642005
:102F5400636C757374657220636F756E740D0A000B
:102F640070726F636573735542583A206765744D88
:102F740061785061796C6F616453697A6520726518
:102F84007475726E6564205A45524F212120436C3A
:102F94006173733A203078002049443A2030780035
:102FA40070726F636573735542583A204E41434BB8
:102FB4002072656365697665643A2052657175654A
:102FC4007374656420436C6173733A203078000035
:102FD400205265717565737465642049443A2030E4
:102FE4007800000070726F636573735542583A201D
:102FF400696E636F6D696E6720226175746F6D61B0
:1030040074696322206D6573736167653A20436C4C
:103014006173733A20307800496E636F6D696E672F
:103024003A2053697A653A20000000002052656313
:1030340065697665643A20007061636B6574436604
:1030440067206E6F772076616C6964007061636BD2
:10305400657441636B206E6F772076616C696400E0
:103064007061636B657443666720636C617373415D
:103074006E6449446D617463680000007061636B41
:10308400657441636B20636C617373416E6449447E
:103094006D61746368000000436865636B73756DEC
:1030A400206661696C65643A00000000206368650D
:1030B400636B73756D413A200000000020636865FE
:1030C400636B73756D423A200000000020726F6CD0
:1030D4006C696E67436865636B73756D413A200074
:1030E40020726F6C6C696E67436865636B73756D92
:1030F400423A200070726F636573735542583A20E8
:10310400627566666572206F76657272756E20648C
:1031140065746563746564210000000070726F63F8
:103124006573735542583A20636F756E74657220E7
:10313400686974206D6178696D756D5F7061796C13
:103144006F61645F73697A65202B2036210000006B
:10315400206163746976655061636B65744275665A
:103164006665723A20000000206D6178696D756DA6
:103174005F7061796C6F61645F73697A653A20008E
:10318400434C533A000000004E41560041434B006B
:10319400434647004D4F4E002049443A000000008A
:1031A40050565400524154450000000053415645C6
:1031B40000000000204C656E3A20307800000000CA
:1031C400205061796C6F61643A000000205061798D
:1031D4006C6F61643A2049474E4F524544000000E9
:1031E4000A53656E64696E673A20000053656E6425
:1031F4002049324320436F6D6D616E6420666169BE
:103204006C65640073656E64436F6D6D616E643AE2
:103214002057616974696E6720666F722041434B61
:1032240020726573706F6E736500000073656E6461
:10323400436F6D6D616E643A2057616974696E679E
:1032440020666F72204E6F2041434B20726573706D
:103254006F6E73650000000073746F726550616374
:103264006B65743A2066696C652062756666657282
:10327400206E6F7420617661696C61626C652100F7
:1032840073746F72655061636B65743A20696E7311
:10329400756666696369656E742073706163652021
:1032A400617661696C61626C65212044617461209E
:1032B40077696C6C206265206C6F73742100000068
:1032C400636865636B55626C6F784932433A204991
:1032D4003243206572726F723A20656E6454726173
:1032E4006E736D697373696F6E2072657475726E37
:1032F40065642000636865636B55626C6F7849325E
:10330400433A20493243206572726F723A207265E3
:10331400717565737446726F6D20307846442072FF
:10332400657475726E6564200000000063686563EF
:103334006B55626C6F784932433A204F4B2C207A9C
:1033440065726F20627974657320617661696C615E
:10335400626C6500636865636B55626C6F784932B3
:10336400433A204C61726765207061636B65742019
:103374006F662000206279746573207265636569E5
:1033840076656400636865636B55626C6F78493277
:10339400433A2052656164696E6720002062797443
:1033A400657300004750474741000000474E4747B8
:1033B400410000004750565447000000474E565401
:1033C400470000004750524D43000000474E524D05
:1033D4004300000047505A4441000000474E5A44FD
:1033E4004100000073656E64537069436F6D6D61D5
:1033F4006E643A200000000073656E645370694384
:103404006F6D6D616E643A206E6F206D656D6F72C5
:103414007920616C6C6F636174696F6E20666F7282
:1034240020535049204275666665722100000000F1
:1034340073746F726546696C6542797465733A207A
:1034440066696C6520627566666572206E6F7420AD
:10345400617661696C61626C6521000073746F72DE
:103464006546696C6542797465733A20696E737553
:103474006666696369656E74207370616365206153
:103484007661696C61626C652120446174612077A6
:10349400696C6C206265206C6F73742100000000FD
:1034A40063726561746546696C65427566666572CA
:1034B4003A205761726E696E672E2066696C6542A8
:1034C400756666657253697A65206973207A6572D8
:1034D4006F2E2044617461206C6F6767696E67208A
:1034E4006973206E6F7420706F737369626C652EDC
:1034F4000000000063726561746546696C6542751D
:10350400666665723A205761726E696E672E204650
:10351400696C652062756666657220616C726561AE
:103524006479206578697374732E20536B697070A5
:10353400696E672E2E2E000063726561746546699C
:103544006C654275666665723A2066696C6542759B
:103554006666657253697A652069733A20000000D3
:1035640070726F636573735542587061636B6574F1
:103574003A207061636B65745542584D474141432D
:103584004B2069732066756C6C2E2041434B207769
:10359400696C6C206265206C6F73742100000000FC
:1035A40070726F636573735542587061636B6574B1
:1035B4003A207061636B65745542584D47414442EB
:1035C400442069732066756C6C2E20444244206448
:1035D4006174612077696C6C206265206C6F737410
:1035E4002100000077616974466F7241434B526554
:1035F40073706F6E73653A2076616C6964206461E0
:10360400746120616E642076616C69642041434B6F
:1036140020726563656976656420616674657220ED
:103624000000000077616974466F7241434B526534
:1036340073706F6E73653A206E6F206461746120DD
:10364400616E642076616C69642041434B2061663D
:10365400746572200000000077616974466F7241DE
:10366400434B526573706F6E73653A206461746185
:10367400206265696E67204F56455257524954542B
:10368400454E20616674657220000000776169749C
:10369400466F7241434B526573706F6E73653A2087
:1036A400435243206661696C656420616674657287
:1036B4002000000077616974466F7241434B526584
:1036C40073706F6E73653A206461746120776173FF
:1036D400204E4F5441434B4E4F574C45444745446D
:1036E40020284E41434B29206166746572200000F6
:1036F40077616974466F7241434B526573706F6EA4
:1037040073653A2056414C494420646174612061D8
:103714006E6420494E56414C49442041434B20722B
:10372400656365697665642061667465722000006E
:1037340077616974466F7241434B526573706F6E63
:1037440073653A20494E56414C4944206461746182
:1037540020616E6420494E56414C49442041434BFC
:10376400207265636569766564206166746572209C
:103774000000000077616974466F7241434B5265E3
:1037840073706F6E73653A2054494D454F555420FC
:10379400776974682076616C69642064617461205F
:1037A4006166746572200000206D7365632E2000CD
:1037B40077616974466F7241434B526573706F6EE3
:1037C40073653A2054494D454F55542061667465DC
:1037D40072200000206D7365632E000077616974A8
:1037E400466F724E6F41434B526573706F6E7365D3
:1037F4003A2076616C69642064617461207769742D
:103804006820434C532F4944206D617463682061E0
:103814006674657220000000206D7365630000000B
:1038240077616974466F724E6F41434B5265737092
:103834006F6E73653A2064617461206265696E67B6
:10384400204F5645525752495454454E2061667490
:103854006572200077616974466F724E6F41434B05
:10386400526573706F6E73653A20434C532F49440D
:10387400206D6174636820627574206661696C658B
:103884006420435243206166746572200000000086
:1038940077616974466F724E6F41434B5265737022
:1038A4006F6E73653A2054494D454F5554206166F7
:1038B4007465722000000000206D7365632E204E35
:1038C4006F207061636B65742072656365697665EA
:1038D400642E00007365745061636B65744366679E
:1038E4005061796C6F616453697A653A205A6572E4
:1038F4006F207061796C6F616453697A652100008F
:10390400656E643A207468652066696C652062752A
:103914006666657220686173206265656E20646501
:103924006C657465642E20596F752077696C6C2002
:103934006E65656420746F2063616C6C20736574BC
:1039440046696C6542756666657253697A6520627C
:1039540065666F7265202E626567696E20746F20DC
:103964006372656174652061206E6577206F6E6592
:103974002E000000656E643A207061636B657455B7
:1039840042584E41565056542D3E63616C6C6261F0
:10399400636B4461746120686173206265656E20A5
:1039A40064656C6574656400656E643A2070616377
:1039B4006B65745542584E41565056542068617395
:1039C400206265656E2064656C6574656400000042
:1039D400626567696E3A206973436F6E6E656374DE
:1039E4006564202D207365636F6E64206174746553
:1039F4006D707400626567696E3A206973436F6E17
:103A04006E6563746564202D207468697264206136
:103A14007474656D70740000626567696E3A207431
:103A24006869726420617474656D7074206661697C
:103A34006C65642E20417373756D696E67207375B0
:103A440063636573732E2E2E0000000070726F6323
:103A54006573733A206765744D61785061796C6F52
:103A6400616453697A652072657475726E65642049
:103A74005A45524F212120436C6173733A203078A8
:103A84000000000070726F636573733A206D656D9A
:103A94006F727920697320616C7265616479206149
:103AA4006C6C6F636174656420666F7220706179F9
:103AB4006C6F61644175746F212044656C65746931
:103AC4006E672E2E2E00000070726F636573733A5A
:103AD40020696E636F6D696E6720226175746F6D06
:103AE4006174696322206D6573736167653A20436D
:103AF4006C6173733A2030780000000070726F6359
:103B04006573733A205A45524F204C454E475448EA
:103B1400207061636B6574207265636569766564A2
:103B24003A20436C6173733A2030780070726F638B
:103B34006573733A2041434B20726563656976650A
:103B4400642077697468202E6C656E20213D2032D4
:103B54003A20436C6173733A20307800206C656EB0
:103B64003A20000070726F636573733A204E4D45BE
:103B740041206275666665722069732066756C6C97
:103B84002100000070726F636573733A204E4D45D7
:103B94004120636865636B73756D206661696C2091
:103BA40028322921204578706563746564200000FB
:103BB40020476F742000000070726F636573733A5E
:103BC400204E4D454120636865636B73756D2066B7
:103BD40061696C2028312921000000006CC00F406D
:103BE400C0000000504F0000BD2F00000CFF00007B
:103BF40013000000000000000000000024851F40A6
:103C04000BFF000013000000000000000000000093
:103C140028851F400DFF0000130000000000000075
:103C24000000000020851F400A2524001300000026
:103C34001200000012000000010203000000000056
:103C44001C851F40000000000000000057495A6E08
:103C54006574000000000000000000003DA60000A4
:103C6400C9A400000901000059A4000055A40000E3
:103C7400E5A4000049A5000075A4000065A50000A6
:103C84005DA40000A5A40000A9A50000BDA4000037
:103C940079A6000019A50000FDA6000039A40000C3
:103CA4004DA4000051A4000000000000000000002A
:103CB4006DA10000E99F0000AD9F0000C19F0000BE
:103CC4000DA0000031A00000B9A10000ADA00000CB
:103CD4001D9F000021A0000065A00000F1A10000CC
:103CE400E59E0000E19E000055A00000F19E00004A
:103CF400F99E0000019F000039A1000045A20000C8
:103D0400E5A2000099A30000FD9E00000000000051
:103D1400000000002542000065420000BD3800009C
:103D2400D1590000CD380000000000000000000060
:103D340005F9000011F9000009F9000011FA00006A
:103D44008DFF0000BDFE000019FF0000B9FD00005A
:103D54008DFB0000CD03010021F9000095F800005F
:103D64005D00010081F8000085F800008DF8000076
:103D740091F80000A5FB0000ED01010075010100B0
:103D8400CDFC000079F8000089F80000CD020100A4
:103D9400F5FF000085F900000000000000000000AD
:103DA4001D250100B9410100B5410100B1410100E7
:103DB40001CD000005CD0000AD410100A941010085
:103DC4000000000000000000B5230100ED25010003
:103DD400ED1D0100451F01000D1E0100B11E010073
:103DE400351E0100C91F0100611F0100E91D01000A
:103DF4000000000000000000750200006D020000D9
:103E040009010000BD020000110100009902000038
:103E14009102000000000000000000006533000073
:103E24009133000009010000613300001D330000DC
:103E340029330000493300000000000000000000A6
:103E44008505010089050100F503010079090100D8
:103E5400C1150100410F0100C1F10000B5050100C9
:103E640091150100D1160100C90F010019EA0000E3
:103E7400E90C01001505010021050100E903010019
:103E8400ED030100F10301002D05010051050100BE
:103E940075050100F509010099050100CD07010030
:103EA400410A0100150B01000000000000000000A1
:103EB4002525010030313233343536373839414223
:103EC4004344454600000000D8399D270054EA2A9F
:103ED40000A4781F007B9A172C2066756E637469A2
:103EE4006F6E3A2000000000617373657274696F2D
:103EF4006E2022257322206661696C65643A20660F
:103F0400696C6520222573222C206C696E6520253E
:103F140064257325730A000042616C6C6F6320731F
:103F24007563636565646564000000002F646174F3
:103F3400612F6A656E6B696E732F776F726B737026
:103F44006163652F474E552D746F6F6C63686169AB
:103F54006E2F61726D2D31312F7372632F6E657701
:103F64006C69622D63796777696E2F6E65776C690A
:103F7400622F6C6962632F7374646C69622F676467
:103F8400746F612D6765746865782E6300000000A6
:103F9400000000000000000000000000000000001D
:103FA400000000000000000000000000000000000D
:103FB40000000000000000000000000000000000FD
:103FC4001011121314151617181900000000000020
:103FD400001A1B1C1D1E1F00000000000000000032
:103FE40000000000000000000000000000000000CD
:103FF400001A1B1C1D1E1F00000000000000000012
:1040040000000000000000000000000000000000AC
:10401400000000000000000000000000000000009C
:10402400000000000000000000000000000000008C
:10403400000000000000000000000000000000007C
:10404400000000000000000000000000000000006C
:10405400000000000000000000000000000000005C
:10406400000000000000000000000000000000004C
:10407400000000000000000000000000000000003C
:10408400000000000000000000000000000000002C
:104094002F646174612F6A656E6B696E732F776F1D
:1040A400726B73706163652F474E552D746F6F6C1F
:1040B400636861696E2F61726D2D31312F73726384
:1040C4002F6E65776C69622D63796777696E2F6EE1
:1040D40065776C69622F6C6962632F7374646C69B1
:1040E400622F6D707265632E6300000065256C6439
:1040F400000000000020202020202020202028284C
:104104002828282020202020202020202020202093
:1041140020202020208810101010101010101010D3
:104124001010101010040404040404040404041003
:104134001010101010104141414141410101010191
:10414400010101010101010101010101010101015B
:104154001010101010104242424242420202020267
:10416400020202020202020202020202020202022B
:1041740010101010200000000000000000000000DB
:10418400000000000000000000000000000000002B
:10419400000000000000000000000000000000001B
:1041A400000000000000000000000000000000000B
:1041B40000000000000000000000000000000000FB
:1041C40000000000000000000000000000000000EB
:1041D40000000000000000000000000000000000DB
:1041E40000000000000000000000000000000000CB
:1041F4000000000000000000496E66696E69747971
:10420400000000004E614E002F646174612F6A65E6
:104214006E6B696E732F776F726B73706163652F4A
:10422400474E552D746F6F6C636861696E2F6172B0
:104234006D2D31312F7372632F6E65776C69622D2A
:1042440063796777696E2F6E65776C69622F6C6925
:1042540062632F7374646C69622F64746F612E637C
:10426400000000004A495300534A4953000000002B
:104274004555434A500000006E660000696E69743B
:1042840079000000616E0000494E4600696E6600C8
:104294004E414E006E616E00303132333435363764
:1042A400383961626364656600000000303132337E
:1042B400343536373839414243444546000000001E
:1042C400286E756C6C2900000030013002300CFF40
:1042D4000EFFFB301AFF1BFF1FFF01FF9B309C30BA
:1042E400B40040FFA8003EFF3E203FFFFD30FE30FB
:1042F4009D309E300330DD4E053006300730FC30F3
:10430400142010200FFF3CFF1C3016205CFF2620D9
:104314002520182019201C201D2008FF09FF143017
:1043240015303BFF3DFF5BFF5DFF083009300A306D
:104334000B300C300D300E300F30103011300BFFBD
:104344001222B100D700F7001DFF60221CFF1EFFE0
:10435400662267221E22342242264026B0003220E2
:1043640033200321A50004FFA200A30005FF03FFDF
:1043740006FF0AFF20FFA70006260526CB25CF252A
:10438400CE25C725C625A125A025B325B225BD2543
:10439400BC253B201230922190219121932113308E
:1043A4000000000000000000000000000000000009
:1043B40000000000000008220B22862287228222AD
:1043C40083222A22292200000000000000000000AD
:1043D40000000000000027222822AC00D221D421B2
:1043E4000022032229220000000000000000000037
:1043F400000000000000000000002022A52212237B
:1044040002220722612252226A226B221A223D22B0
:104414001D2235222B222C22000000000000000067
:104424000000000000002B2130206F266D266A2634
:1044340020202120B6002C22000000000000EF25DF
:104444000000000000000000000000000000000167
:10445400010101010101010101000000000000004F
:104464000101010101010101010101010101010138
:10447400010101010101010101010000000000002E
:104484000001010101010101010101010101010119
:1044940001010101010101010101010091039203E4
:1044A40093039403950396039703980399039A033C
:1044B4009B039C039D039E039F03A003A103A303EB
:1044C400A403A503A603A703A803A90300000000EF
:1044D400000000000000000000000000B103B2036F
:1044E400B303B403B503B603B703B803B903BA03FC
:1044F400BB03BC03BD03BE03BF03C003C103C303AB
:10450400C403C503C603C703C803C90310041104C5
:1045140012041304140415040104160417041804E3
:1045240019041A041B041C041D041E041F04200483
:104534002104220423042404250426042704280433
:1045440029042A042B042C042D042E042F04000017
:104554000000000000000000000000000000000057
:1045640000000000000000000000000030043104DE
:104574003204330434043504510436043704380453
:1045840039043A043B043C043D043E043F04400423
:1045940041044204430444044504460447044804D3
:1045A40049044A044B044C044D044E044F040000D7
:1045B400002502250C251025182514251C252C253D
:1045C400242534253C25012503250F2513251B25EA
:1045D4001725232533252B253B254B2520252F2542
:1045E400282537253F251D25302525253825422515
:1045F4009C4E1655035A3F96C0541B612863F659C6
:10460400229075841C83507AAA60E163256EED655F
:104614006684A682F59B93682757A16571629B5BAC
:10462400D0597B86F498627DBE7D8E9B16629F7CFA
:10463400B788895BB55E096397664868C7958D97A7
:104644004F67E54E0A4F4D4F9D4F4950F25637592B
:10465400D459015A095CDF600F6170611366056902
:10466400BA704F757075FB79AD7DEF7DC3800E8494
:104674006388028B55907A903B53954EA54EDF5735
:10468400B280C190EF78004EF158A26E3890327A21
:1046940028838B822F9C41517053BD54E154E056C2
:1046A400FB59155FF298EB6DE4802D856296709648
:1046B400A096FB970B54F353875BCF70BD7FC28FDB
:1046C400E8966F535C9DBA7A114E9378FC81266EFE
:1046D400185604551D6B1A853B9CE559A953666D04
:1046E400DC748F954256914E4B90F2964F830C9901
:1046F400E153B655305B715F2066F3660468386C2D
:10470400F36C296D5B74C8764E7A3498F1825B88B9
:10471400608AED92B26DAB75CA76C599A660018BBD
:104724008A8DB2958E69AD538651125730584459CB
:10473400B45BF65E2860A963F463BF6C146F8E707B
:1047440014715971D5713F73017E7682D182978538
:1047540060905B921B9D6958BC655A6C2575F95134
:104764002E596559805FDC5FBC62FA652A6A276B43
:10477400B46B8B73C17F56892C9D0E9DC49EA15C26
:10478400966C7B8304514B5CB661C681766861721A
:10479400594EFA4F78536960296E4F7AF3970B4E4E
:1047A4001653EE4E554F3D4FA14F734FA052EF534A
:1047B40009560F59C15AB65BE15BD17987669C678C
:1047C400B6674C6BB36C6B70C2738D79BE793C7AEF
:1047D400877BB182DB8204837783EF83D38366870D
:1047E400B28A2956A88CE68F4E901E978A86C44FAB
:1047F400E85C116259723B75E581BD82FE86C08C0E
:10480400C5961399D599CB4E1A4FE389DE564A586B
:10481400CA58FB5EEB5F2A6094606260D0611262EA
:10482400D0623965419B6666B068776D70704C756F
:104834008676757DA582F9878B958E969D8CF15130
:10484400BE521659B354B35B165D68618269AF6D8D
:104854008D78CB845788728AA793B89A6C6DA8997F
:10486400D986A357FF67CE860E9283528756045487
:10487400D35EE162B9643C683868BB6B7273BA7822
:104884006B7A9A89D2896B8D038FED90A395949658
:104894006997665BB35C7D694D984E989B63207BFA
:1048A4002B6A7F6AB6680D9C5F6F72529D5570606B
:1048B400EC623B6D076ED16E5B841089448F144E9D
:1048C400399CF6531B693A6A84972A685C51C37A07
:1048D400B284DC918C935B56289D226805833184D5
:1048E400A57C0852C582E6747E4E834FA051D25BEC
:1048F4000A52D852E752FB5D9A552A58E6598C5B06
:10490400985BDB5B725E795EA3601F616361BE616D
:10491400DB636265D1675368FA683E6B536B576C0F
:10492400226F976F456FB0741875E3760B77FF7A33
:10493400A17B217CE97D367FF07F9D8066829E830A
:10494400B389CC8AAB8C8490519493959195A2951C
:104954006596D39728991882384E2B54B85CCC5D51
:10496400A9734C763C77A95CEB7F0B8DC1961198AB
:1049740054985898014F0E4F71539C556856FA57E6
:104984004759095BC45B905C0C5E7E5ECC5FEE6352
:104994003A67D765E2651F67CB68C4685F6A305EB3
:1049A400C56B176C7D6C7F754879635B007A007DFD
:1049B400BD5F8F89188AB48C778DCC8E1D8FE29859
:1049C4000E9A3C9B804E7D50005193599C5B2F6204
:1049D4008062EC643A6BA07291754779A97FFB877A
:1049E400BC8A708BAC63CA83A09709540354AB553B
:1049F4005468586A708A27787567CD9E7453A25B91
:104A04001A8150860690184E454EC74E114FCA5310
:104A14003854AE5B135F256051653D67426C726C20
:104A2400E36C78700374767AAE7A087B1A7DFE7C28
:104A3400667DE7655B72BB53455CE85DD262E0620C
:104A44001963206E5A86318ADD8DF892016FA6793A
:104A54005A9BA84EAB4EAC4E9B4FA04FD1504751E2
:104A6400F67A7151F651545321537F53EB53AC559D
:104A74008358E15C375F4A5F2F6050606D601F634D
:104A840059654B6AC16CC272ED72EF77F88005818B
:104A940008824E85F790E193FF9757995A9AF04E02
:104AA400DD512D5C81666D69405CF26675698973C0
:104AB4005068817CC550E4524757FE5D2693A46537
:104AC400236B3D6B34748179BD794B7BCA7DB9828C
:104AD400CC837F885F89398BD18FD1911F54809289
:104AE4005D4E3650E5533A53D7729673E977E682B2
:104AF400AF8EC699C899D29977511A615E86B0551E
:104B04007A7A7650D35B47908596324EDB6AE7918A
:104B1400515C485C98639F7A936C7497618FAA7A0E
:104B24008A718896827C1768707E51686C93F25201
:104B34001B54AB85138AA47FCD8EE190665388887D
:104B44004179C24FBE501152445153552D57EA7307
:104B54008B575159625F845F756076616761A961A3
:104B6400B2633A646C656F664268136E66753D7A2B
:104B7400FB7C4C7D997D4B7E6B7F0E834A83CD8677
:104B8400088A638A668BFD8E1A988F9DB882CE8FB1
:104B9400E89B87521F628364C06F99964168915065
:104BA400206B7A6C546F747A507D4088238A08672E
:104BB400F64E3950265065507C5138526352A755F1
:104BC4000F570558CC5AFA5EB261F861F36272630A
:104BD4001C69296A7D72AC722E7314786F78797DA2
:104BE4000C77A9808B89198BE28CD28E6390759394
:104BF4007A965598139A789E43519F53B3537B5E8C
:104C0400265F1B6E906E8473FE73437D3782008A29
:104C1400FA8A50964E4E0B50E4537C54FA56D159AE
:104C2400645BF15DAB5E275F38624565AF67566EC6
:104C3400D072CA7CB488A180E180F0834E86878AD2
:104C4400E88D3792C7966798139F944E924E0D4FF6
:104C5400485349543E542F5A8C5FA15F9F60A76804
:104C64008E6A5A7481789E8AA48A778B90915E4E5C
:104C7400C99BA44E7C4FAF4F1950165049516C51EB
:104C84009F52B952FE529A53E35311540E5489550C
:104C94005157A2577D59545B5D5B8F5BE55DE75DC2
:104CA400F75D785E835E9A5EB75E185F52604C6112
:104CB4009762D862A7633B6502664366F4666D67D4
:104CC40021689768CB695F6C2A6D696D2F6E9D6E44
:104CD400327587766C783F7AE07C057D187D5E7D41
:104CE400B17D15800380AF80B18054818F812A8289
:104CF40052834C8861881B8BA28CFC8CCA90759162
:104D040071923F78FC92A4954D9605989999D89AFA
:104D14003B9D5B52AB52F7530854D558F762E06F92
:104D24006A8C5F8FB99E4B513B524A54FD56407A70
:104D34007791609DD29E4473096F70811175FD5FF8
:104D4400DA60A89ADB72BC8F646B0398CA4EF05683
:104D54006457BE585A5A6860C7610F660666396858
:104D6400B168F76DD5753A7D6E82429B9B4E504F6C
:104D7400C95306556F5DE65DEE5DFB67996C737410
:104D84000278508A9693DF885057A75E2B63B550FC
:104D9400AC508D510067C9545E58BB59B05B695F14
:104DA4004D62A1633D68736B086E7D70C79180721C
:104DB400157826786D798E65307DDC83C188098FFE
:104DC4009B966452285750676A7FA18CB45142570E
:104DD4002A963A588A69B480B2540E5DFC57957885
:104DE400FA9D5C4F4A528B543E6428661467F567FB
:104DF400847A567B227D2F935C68AD9B397B195353
:104E04008A513752DF5BF662AE64E6642D67BA6B93
:104E1400A985D1969076D69B4C630693AB9BBF76BF
:104E24005266094E9850C253715CE860926463659F
:104E34005F68E671CA732375977B827E9586838B40
:104E4400DB8C78911099AC65AB668B6BD54ED44EE8
:104E54003A4F7F4F3A52F853F253E355DB56EB582F
:104E6400CB59C959FF59505B4D5C025E2B5ED75F2D
:104E74001D6007632F655C5BAF65BD65E8659D6775
:104E8400626B7B6B0F6C45734979C179F87C197D32
:104E94002B7DA2800281F38196895E8A698A668A63
:104EA4008C8AEE8AC78CDC8CCC96FC986F6B8B4E0C
:104EB4003C4F8D4F5051575BFA5B4861016342662A
:104EC400216BCB6EBB6C3E72BD74D475C1783A79DC
:104ED4000C803380EA8194849E8F506C7F9E0F5F98
:104EE400588B2B9DFA7AF88E8D5BEB96034EF1531B
:104EF400F7573159C95AA45B89607F6E066FBE7536
:104F0400EA8C9F5B0085E07B7250F4679D82615C54
:104F14004A851E7E0E829951045C6863668D9C6589
:104F24006E713E79177D05801D8BCA8E6E90C78683
:104F3400AA901F50FA523A5C53677C7035724C91B8
:104F4400C8912B93E582C25B315FF9603B4ED65327
:104F5400885B4B6231678A6BE972E0732E7A6B81EE
:104F6400A38D529196991251D7536A54FF5B88636B
:104F7400396AAC7D0097DA56CE536854975B315C3E
:104F8400DE5DEE4F0161FE62326DC079CB79427D08
:104F94004D7ED27FED811F82908446887289908BEA
:104FA400748E2F8F31904B916C91C6969C91C04E0C
:104FB4004F4F45514153935F0E62D467416C0B6E62
:104FC4006373267ECD918392D4531959BF5BD16DFF
:104FD4005D792E7E9B7C7E589F71FA515388F08FA9
:104FE400CA4FFB5C2566AC77E37A1C82FF99C651F5
:104FF400AA5FEC656F69896BF36D966E646FFE76DC
:10500400147DE15D759087910698E6511D524062CA
:105014009166D9661A6EB65ED27D727FF866AF85E8
:10502400F785F88AA952D95373598F5E905F5560FA
:10503400E4926496B7501F51DD5220534753EC530A
:10504400E8544655315517566859BE593C5AB55B14
:10505400065C0F5C115C1A5C845E8A5EE05E705FC5
:105064007F628462DB628C63776307660C662D66FD
:1050740076667E67A2681F6A356ABC6C886D096EA5
:10508400586E3C7126716771C77501775D78017937
:105094006579F079E07A117BA77C397D9680D68397
:1050A4008B8449855D88F3881F8A3C8A548A738A75
:1050B400618CDE8CA49166927E9318949C9698974A
:1050C4000A4E084E1E4E574E97517052CE573458C2
:1050D400CC58225B385EC560FE6461675667446DD8
:1050E400B6727375637AB884728BB8912093315613
:1050F400F457FE98ED620D69966BED71547E7780DE
:105104007282E689DF985587B18F3B5C384FE14F57
:10511400B54F0755205ADD5BE95BC35F4E612F63D2
:10512400B0654B66EE689B69786DF16D3375B97542
:105134001F775E79E679337DE381AF82AA85AA89F8
:105144003A8AAB8E9B8F3290DD910797BA4EC14E4F
:1051540003527558EC580B5C1A753D5C4E810A8AF3
:10516400C58F63966D97257BCF8A08986291F35615
:10517400A853179039548257255EA863346C8A70FB
:1051840061778B7CE07F70884290549110931893E0
:105194008F965E74C49A075D695D7065A267A88D79
:1051A400DB966E6349671969C5831798C096FE88B4
:1051B400846F7A64F85B164E2C705D752F66C4514B
:1051C4003652E252D359815F276010623F6574659D
:1051D4001F667466F2681668636B056E72721F75DB
:1051E400DB76BE7C5680F058FD887F89A08A938A3E
:1051F400CB8A1D9092915297599789650E7A0681B0
:10520400BB962D5EDC601A62A56514669067F37721
:105214004D7A4D7C3E7E0A81AC8C648DE18D5F8E2F
:10522400A9780752D962A563426498622D8A837A69
:10523400C07BAC8AEA96767D0C824987D94E485168
:1052440043536053A35B025C165CDD5D26624762D8
:10525400B06413683468C96C456D176DD3675C6FAF
:105264004E717D71CB657F7AAD7BDA7D4A7EA87FF6
:105274007A811B823982A6856E8ACE8CF58D7890D0
:105284007790AD9291928395AE9B4D528455386F31
:10529400367168518579557EB381CE7C4C56515810
:1052A400A85CAA63FE66FD665A69D9728F758E750D
:1052B4000E795679DF79977C207D447D0786348A80
:1052C4003B966190209FE7507552CC53E2530950AE
:1052D400AA55EE584F593D728B5B645C1D53E360D5
:1052E400F3605C6383633F63BB63CD64E965F96624
:1052F400E35DCD69FD69156FE571894EE975F87651
:10530400937ADF7CCF7D9C7D6180498358836C8454
:10531400BC84FB85C588708D01906D9097931C9714
:10532400129ACF5097588E61D3813585088D20907D
:10533400C34F7450475273536F6049635F672C6E59
:10534400B38D1F90D74F5E5CCA8CCF659A7D525344
:1053540096887651C363585B6B5B0A5C0D64516736
:105364005C90D64E1A592A59706C518A3E5515587C
:10537400A559F0605362C167358255694096C49956
:10538400289A534F0658FE5B1080B15C2F5E855FF0
:1053940020604B613462FF66F06CDE6ECE807F81EC
:1053A400D4828B88B88C00902E908A96DB9EDB9BEF
:1053B400E34EF05327592C7B8D914C98F99DDD6E6B
:1053C400277053534455855B58629E62D362A26C26
:1053D400EF6F2274178A3894C16FFE8A3883E751BD
:1053E400F886EA53E953464F5490B08F6A59318195
:1053F400FD5DEA7ABF8FDA68378CF872489C3D6AA3
:10540400B08A394E585306566657C562A263E6659C
:105414004E6BE16D5B6EAD70ED77EF7AAA7BBB7D71
:105424003D80C680CB86958A5B93E356C7583E5F22
:10543400AD659666806AB56B3775C78A2450E57783
:1054440030571B5F65607A66606CF4751A7A6E7FFC
:10545400F48118874590B399C97B5C75F97A517BBF
:10546400C4841090E979927A3683E15A40772D4EBC
:10547400F24E995BE05FBD623C66F167E86C6B8657
:1054840077883B8A4E91F392D099176A26702A73D3
:10549400E7825784AF8C014E4651CB518B55F55B57
:1054A400165E335E815E145F355F6B5FB45FF261DD
:1054B4001163A2661D676E6F52723A753A777480F3
:1054C400398178817687BF8ADC8A858DF38D9A92BB
:1054D40077950298E59CC5525763F4761567886CF6
:1054E400CD73C38CAE937396256D9C580E69CC69AD
:1054F400FD8F9A93DB751A905A580268B463FB695E
:10550400434F2C6FD867BB8F2685B47D54933F6976
:10551400706F6A57F7582C5B2C7D2A720A54E391FA
:10552400B49DAD4E4E4F5C50755043529E8C4854C2
:1055340024589A5B1D5E955EAD5EF75E1F5F8C60BE
:10554400B5623A63D063AF68406C87788E790B7A22
:10555400E07D4782028AE68A448E1390B8902D91AA
:10556400D8910E9FE56C5864E2647565F46E847698
:105574001B7B6990D193BA6EF254B95FA4644D8FCA
:10558400ED8F449278516B582959555C975EFB6DA9
:105594008F7E1C75BC8CE28E5B98B9701D4FBF6BFF
:1055A400B16F3075FB964E51105435585758AC595D
:1055B400605C925F97655C67216E7B76DF83ED8C20
:1055C4001490FD904D9325783A78AA52A65E1F5701
:1055D4007459126012505A51AC51CD5100521055A9
:1055E400545858585759955BF65C8B5DBC6095626E
:1055F4002D6471674368BC68DF68D776D86D6F6EB9
:105604009B6D6F70C871535FD8757779497B547BF4
:10561400527BD67C717D305263846985E4850E8A21
:10562400048B468C0F8E03900F90199476962D98C8
:10563400309AD895CD50D5520C5402580E5CA761BF
:105644009E641E6DB377E57AF4800484539085924A
:10565400E05C079D3F53975FB35F9C6D79726377FE
:10566400BF79E47BD26BEC72AD8A0368616AF8514E
:10567400817A34694A5CF69CEB82C55B49911E7061
:1056840078566F5CC76066658C6C5A8C4190139831
:105694005154C7660D924859A39085514D4EEA5115
:1056A40099850E8B58707A634B936269B499047E22
:1056B400777557536069DF8EE3965D6C8C4E3C5C66
:1056C400105FE98F0253D18C89807986FF5EE5658E
:1056D400734E655182593F5CEE97FB4E8A59CD5FFC
:1056E4008D8AE16FB0796279E75B71842B73B17154
:1056F400745EF55F7B639A64C371987C434EFC5E71
:105704004B4EDC57A256A960C36F0D7DFD803381DB
:10571400BF81B28F9789A486F45D8A62AD6487895C
:105724007767E26C3E6D36743478465A757FAD8285
:10573400AC99F34FC35EDD62926357656F67C376BE
:105744004C72CC80BA80298F4D910D50F957925AE2
:10575400856873696471FD72B78CF258E08C6A963F
:1057640019907F87E479E77729842F4F65525A533C
:10577400CD62CF67CA6C7D76947B957C36828485B6
:10578400EB8FDD66206F06721B7EAB83C199A69EEC
:10579400FD51B17B7278B87B8780487BE86A615E93
:1057A4008C80517560756B5162928C6E7A7697918C
:1057B400EA9A104F707F9C624F7BA595E99C7A56BC
:1057C4005958E486BC96344F24524A53CD53DB5384
:1057D400065E2C6491657F673E6C4E6C4872AF72B6
:1057E400ED735475417E2C82E985A98CC47BC691E6
:1057F40069711298EF983D6369666A75E476D078AA
:105804004385EE862A53515326548359875E7C5F21
:10581400B26049627962AB629065D46BCC6CB2754C
:10582400AE769178D879CB7D777FA580AB88B98A1D
:10583400BB8C7F905E97DB980B6A387C99503E5CFA
:10584400AE5F8767D86B357409778E7F3B9FCA67D5
:10585400177A39538B75ED9A665F9D81F183988031
:105864003C5FC55F6275467B3C906768EB599B5A09
:10587400107D7E762C8BF54F6A5F196A376C026F48
:10588400E27468796888558A798CDF5ECF63C57560
:10589400D279D7822893F2929C84ED862D9CC154B0
:1058A4006C5F8C655C6D1570A78CD38C3B984F65D1
:1058B400F6740D4ED84EE0572B59665ACC5BA8515E
:1058C400035E9C5E166076627765A7656E666E6D94
:1058D4003672267B50819A8199825C8BA08CE68CEF
:1058E400748D1C964496AE4FAB64666B1E826184C5
:1058F4006A85E890015C5369A8987A8457850F4FAC
:105904006F52A95F455E0D678F7979810789868912
:10591400F56D175F5562B86CCF4E6972929B065253
:105924003B547456B358A4616E621A716E59897CE3
:10593400DE7C1B7DF09687655E80194E754F755130
:105944004058635E735E0A5FC467264E3D85899541
:105954005B96737C0198FB50C1585676A778255204
:10596400A5771185867B4F5009594772C77BE87D1F
:10597400BA8FD48F4D90BF4FC952295A015FAD974A
:10598400DD4F1782EA9203575563696B2B75DC88E8
:10599400148F427ADF52935855610A62AE66CD6B1A
:1059A4003F7CE9832350F84F0553465431584959F5
:1059B4009D5BF05CEF5C295D965EB16267633E655A
:1059C400B9650B67D56CE16CF97032782B7EDE809B
:1059D400B3820C84EC84028712892A8A4A8CA690AA
:1059E400D292FD98F39C6C9D4F4EA14E8D50565211
:1059F4004A57A8593D5ED85FD95F3F62B4661B67BA
:105A0400D067D2689251217DAA80A881008B8C8CAA
:105A1400BF8C7E92329620542C981753D5505C53E9
:105A2400A858B264346767726677467AE691C352BF
:105A3400A16C866B00584C5E54592C67FB7FE15176
:105A4400C6766964E878549BBB9ECB57B9592766E0
:105A54009A67CE6BE954D969555E9C819567AA9B78
:105A6400FE67529C5D68A64EE34FC853B9622B672C
:105A7400AB6CC48FAD4F6D7EBF9E074E6261806E6E
:105A84002B6F138573542A67459BF35D957BAC5C40
:105A9400C65B1C874A6ED184147A088199598D7C1F
:105AA400116C2077D952225921715F72DB772797C5
:105AB400619D0B697F5A185AA5510D547D540E6689
:105AC400DF76F78F9892F49CEA595D72C56E4D515A
:105AD400C968BF7DEC7D6297BA9E7864216A0283AF
:105AE40084595F5BDB6B1B73F276B27D17809984FC
:105AF40032512867D99EEE766267FF520599245C7D
:105B04003B627E7CB08C4F55B6600B7D8095015313
:105B14005F4EB6511C593A723680CE91255FE277BA
:105B24008453795F047DAC85338A8D8E5697F367F1
:105B3400AE85539409610861B96C5276ED8A388F49
:105B44002F55514F2A51C752CB53A55B7D5EA060A0
:105B54008261D6630967DA67676E8C6D3673377353
:105B640031755079D588988A4A909190F590C49669
:105B74008D871559884E594F0E4E898A3F8F10983C
:105B8400AD507C5E9659B95BB85EDA63FA63C16462
:105B9400DC664A69D8690B6DB66E94712875AF7A64
:105BA4008A7F00804984C9848189218B0A8E65900B
:105BB4007D960A997E619162326B836C746DCC7FA1
:105BC400FC7FC06D857FBA87F8886567B1833C9890
:105BD400F7961B6D617D3D846A91714E7553505DDE
:105BE400046BEB6FCD852D86A78929520F54655C14
:105BF4004E67A86806748374E275CF88E188CC91F7
:105C0400E29678968B5F8773CB7A4E84A063657532
:105C14008952416D9C6E097459756B78927C869695
:105C2400DC7A8D9FB64F6E61C5655C86864EAE4E3E
:105C3400DA50214ECC51EE5B99658168BC6D1F73BF
:105C44004276AD771C7AE77C6F82D28A7C90CF91C2
:105C5400759618989B52D17D2B5098539767CB6DAE
:105C6400D0713374E8812A8FA396579C9F9E6074E9
:105C74004158996D2F7D5E98E44E364F8B4FB75146
:105C8400B152BA5D1C60B2733C79D3823492B79638
:105C9400F6960A97979E629FA666746B1752A35254
:105CA400C870C288C95E4B609061236F49713E7CA5
:105CB400F47D6F80EE8423902C9342546F9BD36ABF
:105CC4008970C28CEF8D3297B452415ACA5E045F18
:105CD40017677C6994696A6D0F6F6272FC72ED7B61
:105CE40001807E804B87CE906D51939E84798B800A
:105CF4003293D68A2D508C54718A6A6BC48C078176
:105D0400D160A067F29D994E984E109C6B8AC18514
:105D1400688500697E6E9778558100000A0001004D
:105D24000200030004000500060007000800090043
:105D34000A000B000C000D000E000F001000000004
:105D4400202020202020202020202020202020204F
:105D5400202020202020202020202020202020203F
:105D6400000000001F001C2000000000142100009F
:105D7400020016240000000014250000020015286B
:105D840000000000112900000000142A0000000097
:105D9400182B00000000142C00000000102D00003F
:105DA4000000142E000001000C3000000900143A19
:105DB40000000100183C00000200143F0000010034
:105DC400034100001900155B00000000145C000092
:105DD4000000115D00000000175E000000000F5F6E
:105DE40000000000176000000000036100001900BB
:105DF400157B00000000187C00000000117D0000ED
:105E04000000187E00000000007F000020001CA09D
:105E14000000000014A10000000016A2000003000E
:105E240019A60000000014A70000000017A8000035
:105E3400000019A90000000006AA0000000013AB2E
:105E44000000000018AC0000000001AD00000000DC
:105E540019AE0000000017AF0000000019B00000E8
:105E6400000018B1000000000EB20000010017B4D9
:105E74000000000003B50000000014B6000001009B
:105E840017B8000000000EB90000000006BA0000B8
:105E9400000012BB000000000EBC0000020014BF92
:105EA4000000000003C00000160018D70000000026
:105EB40003D80000060004DF0000000003E0000037
:105EC400160018F70000000003F800003F00043833
:105ED40001000000033901000F0004490100000023
:105EE400034A01004200048D01000000038E0100FA
:105EF4000C00049B01000000039C01000D0004AA97
:105F04000100010003AC01000D0004BA010000000F
:105F140006BB0100000003BC0100010004BE010037
:105F2400000003BF0100000006C00100030003C419
:105F34000100000007C50100000003C601000100C4
:105F440007C80100000003C90100010007CB0100DC
:105F5400000003CC0100230004F00100000003F161
:105F64000100000007F20100000003F301002D000E
:105F74000421020000000322020011000434020084
:105F84000500033A02001A000455020000000356FB
:105F9400020001000458020000000359020000003E
:105FA400045A02000000035B02000100045D0200C9
:105FB40002000360020001000462020000000363A7
:105FC40002000000046402000000036502000100F6
:105FD400046702000000036802000400046D02006C
:105FE4000100036F0200000004700200000003714E
:105FF40002000100047302000100037502000000A6
:10600400047602000600037D02000000047E020004
:1060140001000380020000000481020000000382EA
:10602400020001000484020002000387020005004C
:10603400048D020004000392020000000493020095
:106044000000069402000000049502000700039D6E
:1060540002000100049F0200100005B002001100BC
:1060640017C20200030005C602000B0017D202008B
:106074000D0005E00200040017E50200060005EC2F
:106084000200000017ED0200000005EE020000000F
:1060940017EF020010000B0003006F0003700300F1
:1060A4000300057403000000177503000000037665
:1060B40003000100057A03000000037B03000200D3
:1060C400147E03000000037F030000001784030014
:1060D4000100038603000000148703000000038806
:1060E40003000200038C03000000038E0300010080
:1060F40004900300000003910300100003A30300B5
:106104000C0004B00300000003B10300200008D217
:106114000300020003D50300200018F6030000006A
:1061240003F70300040004FC0300000003FD030064
:1061340084001982040000000B83040004000A8810
:1061440004000100038A0400A500033105002500B2
:10615400055905000000145A0500050004600500F7
:10616400000003610500250004870500010014896F
:1061740005000000108A05000000198D05000100CB
:10618400168F050000000B9105002C0010BE0500C1
:1061940000000BBF0500000014C0050000000BC187
:1061A4000500010014C3050000000BC40500010034
:1061B40014C6050000000BC70500000006D005004A
:1061C4001A0006EF0500030014F3050001000100A6
:1061D4000600050018060600020014090600010066
:1061E400160B06000000140C06000100190E060030
:1061F40001000B1006000A00141B06000000011C1D
:1062040006000000141D06000200062006001F0000
:106214000540060000000641060009000B4B06007D
:1062240014000C6006000900146A06000300066EE0
:10623400060001000B7006000000067106006200F3
:1062440014D40600000006D5060000000BD6060094
:10625400060001DD0600000019DE060000000BDF69
:106264000600050005E5060001000BE70600010035
:1062740019E9060000000BEA0600030006EE06001A
:1062840001000CF00600090006FA0600020019FDE0
:106294000600010006FF06000000140007000D00C0
:1062A400010F070000000610070000000B11070093
:1062B4000000061207001D000B3007001A00064DEF
:1062C400070058000BA607000A0006B107000000EB
:1062D4000CC00700090006CA070020000BEB0700EA
:1062E400080005F40700010019F60700000014F780
:1062F4000700020005FA070000000BFD070000007C
:1063040016FE070001000600080015000B16080021
:106314000300051A080000000B1B080008000524F0
:10632400080000000B2508000200052808000000F2
:106334000B2908000400143008000E000640080071
:1063440018000B5908000200145E080000000660E3
:1063540008000A00067008001700178808000000EB
:106364000689080005000190080001000B98080048
:10637400070006A00800280005C9080000000BCA91
:106384000800170001E2080000000BE308001F00EA
:106394000903090000000604090035000B3A09004E
:1063A4000000093B090000000B3C09000000063D09
:1063B40009000000093E090002000B410900070022
:1063C4000949090003000B4D09000000094E0900AA
:1063D40001000650090000000B5109000600065890
:1063E400090009000B62090001001464090001009E
:1063F4000C66090009001470090000000571090009
:106404000000067209000E000B81090000000982D9
:1064140009000100068509000700068F0900010034
:1064240006930900150006AA0900060006B2090031
:10643400000006B6090003000BBC0900000006BDFD
:106444000900000009BE090002000BC10900030095
:1064540009C70900010009CB090001000BCD09009F
:10646400000006CE0900000009D70900000006DC80
:106474000900010006DF090002000BE20900010027
:106484000CE60900090006F00900010016F20900F3
:1064940001000EF40900050019FA0900000016FBBA
:1064A4000900000006FC0900000014FD09000000BA
:1064B4000BFE090000000B010A00010009030A0099
:1064C400000006050A000500060F0A000100061375
:1064D4000A001500062A0A00060006320A00010016
:1064E40006350A00010006380A0001000B3C0A00C8
:1064F4000000093E0A0002000B410A0001000B479C
:106504000A0001000B4B0A0002000B510A000000B4
:1065140006590A000300065E0A0000000C660A0021
:1065240009000B700A00010006720A0002000B75D4
:106534000A00000014760A0000000B810A00010022
:1065440009830A00000006850A000800068F0A0075
:10655400020006930A00150006AA0A00060006B205
:106564000A00010006B50A0004000BBC0A00000082
:1065740006BD0A00000009BE0A0002000BC10A00A1
:1065840004000BC70A00010009C90A00000009CB76
:106594000A0001000BCD0A00000006D00A0000002A
:1065A40006E00A0001000BE20A0001000CE60A0002
:1065B400090014F00A00000016F10A00000006F9B0
:1065C4000A0000000BFA0A0005000B010B00000092
:1065D40009020B00010006050B000700060F0B0063
:1065E400010006130B001500062A0B0006000632F4
:1065F4000B00010006350B0004000B3C0B000000EF
:10660400063D0B000000093E0B0000000B3F0B0091
:10661400000009400B0000000B410B000300094778
:106624000B000100094B0B0001000B4D0B00000097
:106634000B550B00010009570B000000065C0B0012
:106644000100065F0B0002000B620B0001000C66E8
:106654000B00090019700B00000006710B0000000C
:106664000E720B0005000B820B00000006830B006A
:10667400000006850B000500068E0B000200069242
:106684000B00030006990B000100069C0B000000A0
:10669400069E0B00010006A30B00010006A80B00D8
:1066A400020006AE0B000B0009BE0B0001000BC07C
:1066B4000B00000009C10B00010009C60B00020019
:1066C40009CA0B0002000BCD0B00000006D00B0022
:1066D400000009D70B0000000CE60B0009000EF0C7
:1066E4000B00020019F30B00050016F90B00000063
:1066F40019FA0B0000000B000C00000009010C004B
:1067040002000B040C00000006050C000700060E36
:106714000C00020006120C001600062A0C000F00E2
:106724000B3C0C000000063D0C0000000B3E0C006E
:10673400020009410C0003000B460C0002000B4A46
:106744000C0003000B550C00010006580C0002005D
:10675400065D0C00000006600C0001000B620C00DA
:1067640001000C660C00090014770C0000000E7880
:106774000C000600197F0C00000006800C000000CD
:106784000B810C00000009820C00010014840C0031
:10679400000006850C000700068E0C00020006921D
:1067A4000C00160006AA0C00090006B50C00040033
:1067B4000BBC0C00000006BD0C00000009BE0C0060
:1067C40000000BBF0C00000009C00C0004000BC645
:1067D4000C00000009C70C00010009CA0C000100EC
:1067E4000BCC0C00010009D50C00010006DD0C00E7
:1067F400010006E00C0001000BE20C0001000CE6B5
:106804000C00090006F10C0001000B000D00010052
:1068140009020D00010006040D000800060E0D001B
:10682400020006120D0028000B3B0D000100063D7E
:106834000D000000093E0D0002000B410D00030095
:1068440009460D000200094A0D0002000B4D0D001F
:106854000000064E0D000000194F0D000000065404
:106864000D00020009570D0000000E580D0006002F
:10687400065F0D0002000B620D0001000C660D00A6
:1068840009000E700D00080019790D000000067A49
:106894000D0005000B810D00000009820D000100B0
:1068A40006850D001100069A0D00170006B30D00B1
:1068B400080006BD0D00000006C00D0006000BCA4E
:1068C4000D00000009CF0D0002000BD20D000200E4
:1068D4000BD60D00000009D80D0007000CE60D00D2
:1068E400090009F20D00010014F40D000000060176
:1068F4000E002F000B310E00000006320E000100C6
:106904000B340E000600163F0E00000006400E0079
:10691400050005460E0000000B470E000700144F4B
:106924000E0000000C500E000900145A0E00010065
:1069340006810E00010006840E00000006860E008B
:106944000400068C0E00170006A50E00000006A722
:106954000E0009000BB10E00000006B20E0001008B
:106964000BB40E00080006BD0E00000006C00E00A9
:10697400040005C60E0000000BC80E0005000CD074
:106984000E00090006DC0E00030006000F000000E4
:1069940019010F00020014040F000E0019130F0058
:1069A400000014140F00000019150F0002000B184A
:1069B4000F000100191A0F0005000C200F00090038
:1069C4000E2A0F00090019340F0000000B350F00C8
:1069D400000019360F0000000B370F0000001938B3
:1069E4000F0000000B390F000000153A0F000000E3
:1069F400113B0F000000153C0F000000113D0F007B
:106A04000000093E0F00010006400F000700064980
:106A14000F0023000B710F000D00097F0F00000011
:106A24000B800F00040014850F0000000B860F007C
:106A3400010006880F0004000B8D0F000A000B995B
:106A44000F00230019BE0F0007000BC60F00000043
:106A540019C70F00050019CE0F00010014D00F0054
:106A6400040019D50F00030014D90F00010006001B
:106A740010002A00092B100001000B2D1000030048
:106A84000931100000000B32100005000938100015
:106A940000000B3910000100093B100001000B3D00
:106AA40010000100063F100000000C401000090017
:106AB400144A100005000650100005000956100085
:106AC40001000B5810000100065A100003000B5E71
:106AD40010000200066110000000096210000200AC
:106AE400066510000100096710000600066E10001C
:106AF40002000B7110000300067510000C000B82DD
:106B0400100000000983100001000B851000010033
:106B14000987100005000B8D10000000068E100080
:106B24000000098F100000000C9010000900099A61
:106B3400100002000B9D10000000199E10000100BF
:106B440003A01000250003C71000000003CD1000AF
:106B5400000003D010002A0014FB1000000005FC04
:106B64001000000003FD100002000600110048019F
:106B7400064A1200030006501200060006581200CE
:106B84000000065A12000300066012002800068A5C
:106B94001200030006901200200006B21200030047
:106BA40006B81200060006C01200000006C2120059
:106BB400030006C812000E0006D8120038000612A0
:106BC400130003000618130042000B5D13000200BB
:106BD4001460130008000E691300130006801300EC
:106BE4000F0019901300090003A01300550003F8C7
:106BF40013000500100014000000060114006B02CD
:106C0400196D16000000146E16000000066F1600C1
:106C140010001C8016000000068116001900159B48
:106C240016000000119C1600000006A016004A0081
:106C340014EB160002000DEE1600020006F1160019
:106C440007000600170011000B12170002000915B7
:106C540017000000061F170012000B321700010076
:106C6400093417000000143517000100064017000E
:106C740011000B5217000100066017000C00066E8D
:106C8400170002000B721700010006801700330082
:106C94000BB41700010009B6170000000BB717006A
:106CA400060009BE170007000BC61700000009C73D
:106CB400170001000BC917000A0014D417000200C2
:106CC40005D71700000014D81700020016DB1700C0
:106CD400000006DC170000000BDD170000000CE0CC
:106CE400170009000EF01700090014001800050031
:106CF4001006180000001407180003000B0B1800FE
:106D04000200010E180000000B0F180000000C1008
:106D1400180009000620180022000543180000008E
:106D24000644180034000680180004000B8518007F
:106D340001000687180021000BA91800000006AA0C
:106D44001800000006B018004500060019001E00D7
:106D54000B20190002000923190003000B27190056
:106D640001000929190002000930190001000B3241
:106D7400190000000933190005000B39190002003D
:106D84001940190000001444190001000C461900B0
:106D94000900065019001D00067019000400068041
:106DA40019002B0006B0190019000CD019000900B5
:106DB4000EDA1900000019DE1900210006001A007D
:106DC40016000B171A00010009191A0001000B1B09
:106DD4001A000000141E1A00010006201A003400D4
:106DE40009551A0000000B561A00000009571A0032
:106DF40000000B581A0006000B601A00000009611D
:106E04001A0000000B621A00000009631A00010056
:106E14000B651A000700096D1A0005000B731A00B0
:106E240009000B7F1A0000000C801A0009000C9066
:106E34001A00090014A01A00060005A71A00000091
:106E440014A81A0005000BB01A000D000ABE1A009F
:106E540000000BBF1A000F000B001B000300090405
:106E64001B00000006051B002E000B341B00000055
:106E740009351B0000000B361B000400093B1B00F6
:106E840000000B3C1B000000093D1B0004000B42EA
:106E94001B00000009431B00010006451B000700FE
:106EA4000C501B000900145A1B00060019611B003A
:106EB40009000B6B1B00080019741B000800147DEB
:106EC4001B0001000B801B00010009821B00000055
:106ED40006831B001D0009A11B0000000BA21B0060
:106EE400030009A61B0001000BA81B00010009AA4E
:106EF4001B0000000BAB1B00020006AE1B000100D0
:106F04000CB01B00090006BA1B002B000BE61B008B
:106F1400000009E71B0000000BE81B00010009EA60
:106F24001B0002000BED1B00000009EE1B0000001B
:106F34000BEF1B00020009F21B00010014FC1B00F4
:106F4400030006001C00230009241C0007000B2C6E
:106F54001C00070009341C0001000B361C00010052
:106F6400143B1C0004000C401C000900064D1C00CE
:106F740002000C501C000900065A1C001D00057874
:106F84001C000500147E1C00010003801C00080086
:106F940003901C002A0003BD1C00020014C01C0046
:106FA40007000BD01C00020014D31C0000000BD4FB
:106FB4001C000C0009E11C0000000BE21C00060090
:106FC40006E91C0003000BED1C00000006EE1C008B
:106FD40005000BF41C00000006F51C00010009F775
:106FE4001C0000000BF81C00010006FA1C00000045
:106FF40004001D002B00052C1D003E00046B1D0029
:107004000C0005781D00000003791D000000047ABF
:107014001D000200037D1D000000047E1D000F0002
:10702400038E1D000000048F1D000B00059B1D0036
:1070340024000BC01D003F0003001E0095000496B1
:107044001E000400039B1E000000049C1E0001009F
:10705400039E1E000000049F1E00000003A01E00EB
:10706400750003181F00050003201F0025000348B6
:107074001F00050004501F00000003511F00000002
:1070840004521F00000003531F00000004541F009B
:10709400000003551F00000004561F0000000357A2
:1070A4001F00000003591F000000035B1F000000C5
:1070B400035D1F000000035F1F001E0003801F000C
:1070C400070007881F00070003901F0007000798A8
:1070D4001F00070003A01F00070007A81F000700E8
:1070E40003B01F00010004B21F00000003B31F001F
:1070F400000004B41F00000004B61F00010003B820
:107104001F00030007BC1F00000017BD1F00000084
:1071140003BE1F00000017BF1F00020004C21F00AF
:10712400000003C31F00000004C41F00000004C6C5
:107134001F00010003C81F00030007CC1F0000004C
:1071440017CD1F00020003D01F00010004D21F004E
:10715400010004D61F00010003D81F00030017DD3F
:107164001F00020003E01F00010004E21F000200F0
:1071740003E51F00000004E61F00010003E81F00F0
:10718400040017ED1F00020004F21F00000003F3C7
:107194001F00000004F41F00000004F61F0001009B
:1071A40003F81F00030007FC1F00000017FD1F0069
:1071B40001001C0020000A00010B20000400101034
:1071C4002000050014162000010013182000000000
:1071D400121920000000151A20000000131B2000C3
:1071E4000100121D20000000151E20000000131FC6
:1071F400200000001420200007001A2820000000AE
:107204001B2920000000012A200004001C2F20005C
:107214000000143020000800133920000000123A46
:1072240020000000143B200003000F3F2000010059
:1072340014412000020018442000000015452000DD
:107244000000114620000000144720000A001852D4
:10725400200000001453200000000F542000000000
:107264001455200009001C5F20000000016020006C
:1072740004000166200009000E7020000000057162
:10728400200000000E7420000500187A200002007F
:10729400157D20000000117E20000000057F2000E5
:1072A40000000E8020000900188A20000200158DBD
:1072B40020000000118E20000000059020000C002A
:1072C40016A0200020000BD020000C000ADD2000B6
:1072D40003000BE1200000000AE2200002000BE59D
:1072E40020000B0019002100010008022100000009
:1072F40019032100030008072100000019082100D8
:107304000100040A21000000080B21000200040E01
:1073140021000100081021000200041321000000D4
:10732400191421000000081521000000191621007D
:107334000100181821000000081921000400191E7A
:107344002100050008242100000019252100000067
:10735400032621000000192721000000082821002D
:107364000000192921000000032A21000100082C33
:1073740021000100192E21000000042F210000002B
:1073840008302100010003322100000008332100ED
:1073940000000434210000000635210003000439F4
:1073A40021000000193A21000100043C21000100E1
:1073B400083E210001001840210004000845210076
:1073C4000000044621000300194A21000000184B64
:1073D40021000000194C21000100034E210000008F
:1073E400194F210000000E5021000F000D602100F4
:1073F40022000383210001000D85210003000E8972
:1074040021000000198A21000100189021000400C5
:10741400199521000400189A21000100199C2100EB
:10742400030018A02100000019A12100010018A3E5
:107434002100000019A42100010018A62100000069
:1074440019A72100060018AE2100000019AF210081
:107454001E0018CE2100010019D02100010018D20D
:107464002100000019D32100000018D421000000DD
:1074740019D521001E0018F421000B011900230066
:107484000700150823000000110923000000150A55
:1074940023000000110B23000000190C230013002B
:1074A40018202300010019222300060015292300B7
:1074B4000000112A23000000192B23005000187C1F
:1074C40023000000197D23001D00189B23001800D1
:1074D40019B42300270018DC2300050019E2230057
:1074E4004400194024000A000E6024003B00199C4B
:1074F40024004D000EEA2400150019002500B600F2
:1075040018B72500000019B82500080018C1250087
:10751400000019C22500350018F8250007001900DD
:1075240026006E00186F2600000019702600F70070
:10753400156827000000116927000000156A27005C
:107544000000116B27000000156C27000000116D6E
:1075540027000000156E27000000116F27000000AF
:107564001570270000001171270000001572270014
:107574000000117327000000157427000000117526
:10758400270000000E7627001D00199427002B0009
:1075940018C02700040015C52700000011C62700E5
:1075A400000018C727001E0015E62700000011E799
:1075B4002700000015E82700000011E9270000005B
:1075C40015EA2700000011EB2700000015EC270046
:1075D400000011ED2700000015EE2700000011EF58
:1075E4002700000018F027000F0019002800FF00F2
:1075F4001800290082001583290000001184290045
:107604000000158529000000118629000000158757
:1076140029000000118829000000158929000000B4
:10762400118A29000000158B29000000118C290003
:107634000000158D29000000118E29000000158F0F
:107644002900000011902900000015912900000074
:1076540011922900000015932900000011942900BB
:1076640000001595290000001196290000001597C7
:1076740029000000119829000000189929003E00F3
:1076840015D82900000011D92900000015DA2900B5
:10769400000011DB2900000018DC29001F0015FC84
:1076A4002900000011FD2900000018FE2900010135
:1076B40019002B002F0018302B00140019452B0043
:1076C400010018472B000500194D2B0026001976E0
:1076D4002B001F0019972B00680003002C0070007A
:1076E40004712C00000003722C00010004742C00AF
:1076F400000003752C00010004772C000400057CB5
:107704002C000100037E2C00650004E42C00000022
:1077140019E52C00050003EB2C0003000BEF2C00F3
:10772400020003F22C00010014F92C0003000EFDEA
:107734002C00000014FE2C00010003002D00250085
:1077440003272D000000032D2D00000006302D001E
:107754003700056F2D00000014702D0000000B7F12
:107764002D00000006802D00160006A02D00060046
:1077740006A82D00060006B02D00060006B82D0050
:10778400060006C02D00060006C82D00060006D01F
:107794002D00060006D82D0006000BE02D001F006A
:1077A40014002E00010013022E00000012032E000C
:1077B400000013042E00000012052E000000140621
:1077C4002E00020013092E000000120A2E000000F1
:1077D400140B2E000000130C2E000000120D2E00BE
:1077E4000000140E2E00080010172E0000001418BC
:1077F4002E000100101A2E000000141B2E000000A1
:10780400131C2E000000121D2E000000141E2E005A
:10781400010013202E00000012212E00000015226A
:107824002E00000011232E00000015242E0000005D
:1078340011252E00000015262E00000011272E0011
:10784400000015282E00000011292E000000142A23
:107854002E000400052F2E00000014302E00090015
:10786400103A2E000100143C2E00030010402E009C
:10787400000014412E00000015422E0000001443A5
:107884002E000C0019502E00010014522E0002008C
:1078940015552E00000011562E00000015572E001D
:1078A400000011582E00000015592E000000115A36
:1078B4002E000000155B2E000000115C2E0000005D
:1078C400105D2E00000019802E001900199B2E0057
:1078D400580019002F00D50019F02F000B001C00D0
:1078E40030000000140130000200190430000000D0
:1078F4000505300000000606300000000D073000CA
:107904000000150830000000110930000000150ABD
:1079140030000000110B30000000150C3000000096
:10792400110D30000000150E30000000110F300062
:107934000000151030000000111130000000191271
:107944003000010015143000000011153000000053
:107954001516300000001117300000001518300013
:107964000000111930000000151A30000000111B2E
:1079740030000000101C30000000151D3000000015
:10798400111E300001001920300000000D213000CC
:1079940008000B2A30000300092E300001001030CB
:1079A40030000000053130000400193630000100B9
:1079B4000D3830000200053B30000000063C30006A
:1079C4000000143D30000000193E30000100064163
:1079D400300055000B9930000100179B3000010066
:1079E400059D30000100069F3000000010A030000B
:1079F400000006A13000590014FB3000000005FC13
:107A04003000020006FF30000000060531002A00A5
:107A1400063131005D001990310001000E923100F1
:107A2400030019963100090006A031001F0019C097
:107A34003100230006F031000F00190032001E004F
:107A44000E2032000900192A32001D000E483200AF
:107A540007001950320000000E5132000E00196068
:107A640032001F000E8032000900198A32002600FD
:107A74000EB132000E0019C032003F01060034007E
:107A8400BF1919C04D003F0006004E0014520515E1
:107A9400A00000000616A00076041990A400360089
:107AA40006D0A400270005F8A400050014FEA400D5
:107AB40001000600A5000B01050CA6000000140D32
:107AC400A60002000610A6000F000C20A600090064
:107AD400062AA60001000340A6002D00066EA6009B
:107AE40000000B6FA60000000A70A60002001473C9
:107AF400A60000000B74A6000900147EA600000076
:107B0400057FA60000000380A6001B00059CA600BC
:107B140001000B9EA600010006A0A60045000DE68C
:107B2400A60009000BF0A600010014F2A60005004F
:107B34001700A70016000517A70008001720A700C4
:107B440001000322A7000D000430A7000100033246
:107B5400A7003D000570A70000000471A7000700FE
:107B64000379A7000E000588A70000001789A70065
:107B74000100038BA7000200048EA7000000068FFB
:107B8400A70000000390A70004000495A7000000CC
:107B94000396A700180004AFA700000003B0A700D5
:107BA4001A0003D0A700010004D3A700000004D5E5
:107BB400A700000003D6A700030005F2A7000200F7
:107BC40003F5A700010006F7A700000005F8A700C9
:107BD400010004FAA700000006FBA70006000B0240
:107BE400A80000000603A80002000B06A80000007D
:107BF4000607A80003000B0BA8000000060CA80051
:107C040016000923A80001000B25A800010009277C
:107C1400A80000001928A80003000B2CA8000000ED
:107C24000E30A80005001936A80001001638A80077
:107C340000001939A80000000640A800330014749D
:107C4400A80003000980A80001000682A8003100F2
:107C540009B4A8000F000BC4A800010014CEA800AA
:107C640001000CD0A80009000BE0A800110006F2E6
:107C7400A800050014F8A800020006FBA8000000F4
:107C840014FCA800000006FDA80001000BFFA800DA
:107C940000000C00A9000900060AA9001B000B261D
:107CA400A9000700142EA90001000630A90016003F
:107CB4000B47A9000A000952A9000100145FA9009A
:107CC40000000660A9001C000B80A90002000983C3
:107CD400A90000000684A9002E000BB3A90000002F
:107CE40009B4A90001000BB6A900030009BAA90050
:107CF40001000BBCA900010009BEA900020014C1C7
:107D0400A9000C0005CFA90000000CD0A9000900AF
:107D140014DEA900010006E0A90004000BE5A90097
:107D2400000005E6A900000006E7A90008000CF021
:107D3400A900090006FAA90004000600AA00280008
:107D44000B29AA000500092FAA0001000B31AA0083
:107D540001000933AA0001000B35AA000100064006
:107D6400AA0002000B43AA0000000644AA00070070
:107D74000B4CAA000000094DAA0000000C50AA00F8
:107D84000900145CAA0003000660AA000F00057035
:107D9400AA0000000671AA0005001977AA000200D3
:107DA400067AAA000000097BAA0000000B7CAA0046
:107DB4000000097DAA000000067EAA0031000BB075
:107DC400AA00000006B1AA0000000BB2AA0002003B
:107DD40006B5AA0001000BB7AA00010006B9AA0063
:107DE40004000BBEAA00010006C0AA0000000BC1DB
:107DF400AA00000006C2AA00000006DBAA000100D7
:107E040005DDAA00000014DEAA00010006E0AA00B5
:107E14000A0009EBAA0000000BECAA00010009EE1D
:107E2400AA00010014F0AA00010006F2AA00000052
:107E340005F3AA00010009F5AA0000000BF6AA0048
:107E440000000601AB0005000609AB0005000611A1
:107E5400AB0005000620AB0006000628AB000600B8
:107E64000430AB0022000353AB0000000454AB0009
:107E74000600175BAB000000055CAB000300046068
:107E8400AB0008000569AB000000176AAB000100F5
:107E94000370AB004F0006C0AB00220009E3AB0047
:107EA40001000BE5AB00000009E6AB0001000BE8A4
:107EB400AB00000009E9AB00010014EBAB000000CB
:107EC40009ECAB0000000BEDAB0000000CF0AB00C4
:107ED40009000600AC00A32B06B0D700160006CBA1
:107EE400D70030000200D800FF070600F9006D013A
:107EF4000670FA0069000400FB0006000413FB008E
:107F04000400061DFB0000000B1EFB000000061F02
:107F1400FB0009001829FB000000062AFB000C00E6
:107F24000638FB000400063EFB0000000640FB0090
:107F340001000643FB0001000646FB006B0017B27C
:107F4400FB00100006D3FB006A01113EFD00000097
:107F5400153FFD0000001940FD000F000650FD0014
:107F64003F000692FD00350019CFFD00000006F029
:107F7400FD000B0016FCFD00000019FDFD000200D1
:107F84000B00FE000F001410FE0006001517FE0083
:107F940000001118FE0000001419FE0000000B2060
:107FA400FE000F001430FE0000001031FE0001003E
:107FB4000F33FE0001001535FE0000001136FE00EF
:107FC40000001537FE0000001138FE0000001539CE
:107FD400FE000000113AFE000000153BFE00000008
:107FE400113CFE000000153DFE000000113EFE00A5
:107FF4000000153FFE0000001140FE000000154186
:10800400FE0000001142FE0000001543FE000000C7
:108014001144FE0000001445FE0001001547FE0057
:1080240000001148FE0000001449FE0003000F4D3B
:10803400FE0002001450FE0002001454FE0003006F
:108044001058FE0000001559FE000000115AFE00F1
:108054000000155BFE000000115CFE000000155DD1
:10806400FE000000115EFE000000145FFE0002002E
:108074001862FE0000001063FE0000001864FE0099
:1080840002001468FE0000001669FE000000146A75
:10809400FE0001000670FE0004000676FE00860065
:1080A40001FFFE0000001401FF0002001604FF009F
:1080B40000001405FF0002001508FF00000011096C
:1080C400FF000000140AFF000000180BFF0000006E
:1080D400140CFF000000100DFF000000140EFF0040
:1080E40001000C10FF000900141AFF000100181C05
:1080F400FF000200141FFF0001000321FF0019000C
:10810400153BFF000000143CFF000000113DFF0080
:108114000000173EFF0000000F3FFF000000174063
:10812400FF0000000341FF001900155BFF00000081
:10813400185CFF000000115DFF000000185EFF00E6
:108144000000155FFF0000001160FF0000001461D3
:10815400FF0000001562FF0000001163FF00000033
:108164001464FF0001000666FF0009000570FF00AB
:1081740000000671FF002C00059EFF00010006A010
:10818400FF001E0006C2FF00050006CAFF0005002E
:1081940006D2FF00050006DAFF00020016E0FF0029
:1081A400010018E2FF00000017E3FF00000019E4DB
:1081B400FF00000016E5FF00010019E8FF000000C1
:1081C40018E9FF00030019EDFF00010001F9FF00A9
:1081D400020019FCFF000100060000010B00060D5F
:1081E40000011900062800011200063C00010100EC
:1081F400063F00010E00065000010D00068000013C
:108204007A001400010102000E0701012C00193745
:10821400010108000D40010134000E750101030045
:108224001979010110000E8A01010100198C010164
:108234000200199001010C0019A00101000019D0DD
:1082440001012C000BFD01010000068002011C004D
:1082540006A0020130000BE0020100000EE1020161
:108264001A00060003011F000E2003010300062D5F
:10827400030113000D41030100000642030107003E
:108284000D4A030100000650030125000B7603018B
:108294000400068003011D00149F0301000006A0D2
:1082A4000301230006C80301070014D003010000E2
:1082B4000DD103010400030004014F000650040122
:1082C4004D000CA00401090003B00401230003D8ED
:1082D40004012300060005012700063005013300D0
:1082E400146F05010000037005010A00037C0501F9
:1082F4000E00038C05010600039405010100039799
:1083040005010A0003A305010E0003B305010600DD
:1083140003BB050101000600060136010640070102
:1083240015000660070107000580070105000587A1
:108334000701290005B2070108000600080105002D
:10834400060808010000060A08012B000637080188
:108354000100063C08010000063F080116001457FE
:10836400080100000E580801070006600801160005
:108374001977080101000E7908010600068008013A
:108384001E000EA70801080006E00801120006F40A
:10839400080101000EFB0801040006000901150094
:1083A4000E1609010500141F090100000620090129
:1083B4001900143F090100000680090137000EBCB2
:1083C4000901010006BE090101000EC009010F00E8
:1083D4000ED209012D0006000A0100000B010A015A
:1083E40002000B050A0101000B0C0A010300061030
:1083F4000A01030006150A01020006190A011C00FD
:108404000B380A0102000B3F0A0100000E400A016A
:10841400080014500A01080006600A011C000E7DC1
:108424000A010100147F0A01000006800A011C00F1
:108434000E9D0A01020006C00A01070019C80A01BC
:10844400000006C90A011B000BE50A0101000EEB3E
:108454000A01040014F00A01060006000B013500AD
:1084640014390B01060006400B0115000E580B01D0
:10847400070006600B0112000E780B01070006804E
:108484000B01110014990B0103000EA90B01060046
:1084940006000C01480003800C01320003C00C01EB
:1084A40032000EFA0C01050006000D0123000B2416
:1084B4000D0103000C300D0109000E600E011E00B9
:1084C40006800E0129000BAB0E01010010AD0E0158
:1084D400000006B00E01010006000F011C000E1D75
:1084E4000F01090006270F01000006300F011500D7
:1084F4000B460F010A000E510F01030014550F0122
:10850400040006700F0111000B820F010300148692
:108514000F01030006B00F0114000EC50F01060081
:1085240006E00F0116000900100100000B01100104
:1085340000000902100100000603100134000B388A
:1085440010010E001447100106000E521001130012
:108554000C66100109000B70100100000671100177
:1085640001000B73100101000675100100000B7F60
:1085740010010200098210010000068310012C0082
:1085840009B0100102000BB31001030009B7100178
:1085940001000BB91001010014BB1001010001BD61
:1085A4001001000014BE100103000BC210010000F2
:1085B40001CD1001000006D0100118000CF01001CC
:1085C40009000B00110102000603110123000B270F
:1085D40011010400092C110100000B2D11010700E9
:1085E4000C36110109001440110103000644110165
:1085F4000000094511010100064711010000065061
:10860400110122000B731101000014741101010007
:108614000676110100000B8011010100098211018D
:108624000000068311012F0009B3110102000BB6EB
:108634001101080009BF1101010006C11101030065
:1086440014C5110103000BC91101030014CD11015C
:10865400000009CE110100000BCF110100000CD065
:108664001101090006DA1101000014DB11010000F8
:1086740006DC1101000014DD110102000EE11101FC
:108684001300060012011100061312011800092C30
:10869400120102000B2F1201020009321201010023
:1086A4000B34120100000935120100000B361201CF
:1086B40001001438120105000B3E1201000006806F
:1086C40012010600068812010000068A1201030046
:1086D400068F12010E00069F1201090014A912014F
:1086E400000006B012012E000BDF1201000009E0A9
:1086F400120102000BE3120107000CF01201090041
:108704000B00130101000902130101000605130106
:108714000700060F13010100061313011500062AB2
:10872400130106000632130101000635130104008B
:108734000B3B13010100063D13010000093E130128
:1087440001000B4013010000094113010300094714
:1087540013010100094B130102000650130100002C
:10876400095713010000065D130104000962130197
:1087740001000B66130106000B70130104000600D0
:10878400140134000935140102000B3814010700E8
:108794000940140101000B421401020009451401AF
:1087A40000000B4614010000064714010300144B9B
:1087B400140104000C5014010900145A140101009E
:1087C400145D140100000B5E14010000065F140127
:1087D4000200068014012F0009B0140102000BB33B
:1087E4001401050009B9140100000BBA14010000BA
:1087F40009BB140103000BBF1401010009C11401DA
:1088040000000BC21401010006C41401010014C6C7
:108814001401000006C7140100000CD01401090063
:10882400068015012E0009AF150102000BB21501D7
:10883400030009B8150103000BBC1501010009BEB2
:10884400150100000BBF1501010014C1150116002C
:1088540006D8150103000BDC150101000600160102
:108864002F000930160102000B3316010700093BE3
:10887400160101000B3D16010000093E160100001F
:108884000B3F1601010014411601020006441601B3
:1088940000000C5016010900146016010C0006803B
:1088A40016012A000BAB1601000009AC16010000EA
:1088B4000BAD1601000009AE160101000BB0160144
:1088C400050009B6160100000BB71601000006B832
:1088D4001601000014B9160100000CC016010900AD
:1088E400060017011A000B1D1701020009201701C9
:1088F40001000B22170103000926170100000B27B2
:10890400170104000C30170109000E3A1701010089
:10891400143C17010200193F17010000064017011B
:108924000600060018012B00092C180102000B2F69
:10893400180108000938180100000B39180101005A
:10894400143B1801000003A018013F000CE01801BB
:1089540009000EEA1801080006FF180107000609BD
:1089640019010000060C1901070006151901010080
:1089740006181901170009301901050009371901F2
:1089840001000B3B19010100093D190100000B3ED8
:1089940019010000063F19010000094019010000F7
:1089A4000641190100000942190100000B43190195
:1089B40000001444190102000C501901090006A01A
:1089C4001901070006AA1901260009D1190102009C
:1089D4000BD4190103000BDA1901010009DC190198
:1089E40003000BE01901000006E11901000014E284
:1089F4001901000006E31901000009E4190100004F
:108A040006001A0100000B011A010900060B1A01E5
:108A140027000B331A01050009391A010000063A30
:108A24001A0100000B3B1A010300143F1A0107004E
:108A34000B471A01000006501A0100000B511A01DD
:108A4400050009571A0101000B591A010200065CBE
:108A54001A012D000B8A1A010C0009971A01000053
:108A64000B981A010100149A1A010200069D1A01BA
:108A74000000149E1A01040006B01A014800060002
:108A84001C010800060A1C012400092F1C01000017
:108A94000B301C0106000B381C010500093E1C01AB
:108AA40000000B3F1C01000006401C0100001441A3
:108AB4001C0104000C501C0109000E5A1C01120078
:108AC40014701C01010006721C011D000B921C0194
:108AD400150009A91C0100000BAA1C01060009B11C
:108AE4001C0100000BB21C01010009B41C010000B0
:108AF4000BB51C01010006001D01060006081D013E
:108B04000100060B1D0125000B311D0105000B3A68
:108B14001D0100000B3C1D0101000B3F1D0106005F
:108B240006461D0100000B471D0100000C501D01ED
:108B3400090006601D01050006671D010100066AA3
:108B44001D011F00098A1D0104000B901D01010075
:108B540009931D0101000B951D01000009961D01DB
:108B640000000B971D01000006981D0100000CA0D9
:108B74001D01090006E01E0112000BF31E01010095
:108B840009F51E01010014F71E01010006B01F01C2
:108B940000000EC01F01140019D51F01070016DDC7
:108BA4001F01030019E11F01100014FF1F01000041
:108BB4000600200199030D0024016E0014702401A5
:108BC400040006802401C30006902F01600014F104
:108BD4002F010100060030012E0401303401080089
:108BE40006004401460206006801380206406A0194
:108BF4001E000C606A010900146E6A01010006700F
:108C04006A014E000CC06A01090006D06A011D0009
:108C14000BF06A01040014F56A01000006006B0100
:108C24002F000B306B01060014376B010400193C54
:108C34006B01030005406B01030014446B01000049
:108C440019456B0100000C506B0109000E5B6B01B0
:108C5400060006636B011400067D6B0112000340DD
:108C64006E013F000E806E01160014976E01030022
:108C740006006F014A000B4F6F01000006506F01A0
:108C8400000009516F0136000B8F6F01030005933B
:108C94006F010C0005E06F01010014E26F01000098
:108CA40005E36F0100000BE46F01000009F06F01A0
:108CB400010006007001F71706008801D5040600BC
:108CC4008D01080005F0AF01030005F5AF010600B2
:108CD40005FDAF0101000600B00122010650B101FB
:108CE40002000664B10103000670B1018B010600A5
:108CF400BC016A000670BC010C000680BC010800BF
:108D04000690BC010900199CBC0100000B9DBC012C
:108D14000100149FBC01000001A0BC0103000B0072
:108D2400CF012D000B30CF0116001950CF01730075
:108D34001900D001F5001900D10126001929D1012B
:108D44003B000965D10101000B67D1010200196ADA
:108D5400D1010200096DD10105000173D1010700A1
:108D64000B7BD10107001983D10101000B85D101CF
:108D74000600198CD1011D000BAAD101030019AE04
:108D8400D1013C001900D20141000B42D201020082
:108D94001945D20100000EE0D20113001900D301DD
:108DA40056000E60D30118000800D4011900041AFB
:108DB400D40119000834D4011900044ED40106006A
:108DC4000456D40111000868D40119000482D401A6
:108DD4001900089CD4010000089ED401010008A2D7
:108DE400D401000008A5D401010008A9D40103009E
:108DF40008AED401070004B6D401030004BBD401B7
:108E0400000004BDD401060004C5D4010A0008D042
:108E1400D401190004EAD40119000804D5010100A1
:108E24000807D5010300080DD50107000816D50170
:108E34000600041ED50119000838D5010100083BBD
:108E4400D50103000840D50104000846D5010000FF
:108E5400084AD50106000452D5011900086CD50151
:108E640019000486D501190008A0D501190004BA17
:108E7400D501190008D4D501190004EED501190053
:108E84000808D60119000422D6011900083CD601AD
:108E940019000456D60119000870D6011900048A75
:108EA400D6011B0008A8D601180018C1D60100007D
:108EB40004C2D601180018DBD601000004DCD60178
:108EC400050008E2D601180018FBD601000004FCD6
:108ED400D60118001815D70100000416D7010500A3
:108EE400081CD70118001835D70100000436D70133
:108EF4001800184FD70100000450D7010500085688
:108F0400D7011800186FD70100000470D7011800AA
:108F14001889D7010000048AD70105000890D701F9
:108F2400180018A9D701000004AAD701180018C313
:108F3400D701000004C4D701050008CAD701000006
:108F440004CBD70100000CCED70131001900D801A1
:108F5400FF010B00DA0136001937DA0103000B3B7D
:108F6400DA013100196DDA0107000B75DA0100002E
:108F74001976DA010D000B84DA0100001985DA0193
:108F840001001487DA0104000B9BDA0104000BA131
:108F9400DA010E000400DF010900060ADF01000007
:108FA400040BDF0113000B00E00106000B08E001D5
:108FB40010000B1BE00106000B23E00101000B264F
:108FC400E00104000600E1012C000B30E101060081
:108FD4000537E10106000C40E1010900064EE101FC
:108FE4000000194FE10100000690E2011D000BAEE4
:108FF400E201000006C0E2012B000BECE2010300D9
:109004000CF0E201090016FFE201000006E0E701AE
:10901400060006E8E701030006EDE701010006F09B
:10902400E7010E000600E801C4000EC7E8010800CD
:109034000BD0E80106000300E90143000B44E901F9
:109044000600054BE90100000C50E9010900145E1B
:10905400E90101000E71EC013A0019ACEC010000C9
:109064000EADEC01020016B0EC0100000EB1EC01F3
:1090740003000E01ED012C00192EED0100000E2F4E
:10908400ED010E000600EE0103000605EE011A00D4
:109094000621EE0101000624EE0100000627EE0180
:1090A40000000629EE0109000634EE01030006392A
:1090B400EE010000063BEE0100000642EE01000056
:1090C4000647EE0100000649EE010000064BEE01E2
:1090D4000000064DEE0102000651EE0101000654A7
:1090E400EE0100000657EE0100000659EE010000F3
:1090F400065BEE010000065DEE010000065FEE0176
:1091040000000661EE0101000664EE01000006673E
:10911400EE010300066CEE0106000674EE01030086
:109124000679EE010300067EEE0100000680EE01E2
:109134000900068BEE01100006A1EE01020006A54F
:10914400EE01040006ABEE01100018F0EE01010080
:109154001900F0012B001930F001630019A0F0018F
:109164000E0019B1F0010E0019C1F0010E0019D161
:10917400F00124000E00F1010C00190DF101A00012
:1091840019E6F1011C001910F2012B001940F2013B
:1091940008001950F20101001960F20105001900DC
:1091A400F301FA0017FBF30104001900F401D702DC
:1091B40019DDF6010F0019F0F6010C001900F70192
:1091C40073001980F701580019E0F7010B0019F03A
:1091D400F70100001900F8010B001910F80137001D
:1091E4001950F80109001960F80127001990F801D5
:1091F4001D0019B0F80101001900F90153011960AB
:10920400FA010D001970FA0104001978FA0104003A
:109214001980FA0106001990FA011C0019B0FA012C
:109224000A0019C0FA01050019D0FA01090019E071
:10923400FA01070019F0FA0106001900FB01920077
:109244001994FB0136000CF0FB0109000600000232
:10925400DFA60600A70238100640B702DD0006208C
:10926400B802811606B0CE02301D0600F8021D02B7
:10927400060000034A130101000E00000120000E45
:109284005F000B00010EEF000C5F104E154E2A4ECE
:10929400314E364E3C4E3F4E424E564E584E824E06
:1092A400854E6B8C8A4E12820D5F8E4E9E4E9F4E63
:1092B400A04EA24EB04EB34EB64ECE4ECD4EC44E80
:1092C400C64EC24ED74EDE4EED4EDF4EF74E094F20
:1092D4005A4F304F5B4F5D4F574F474F764F884F34
:1092E4008F4F984F7B4F694F704F914F6F4F864F01
:1092F400964F1851D44FDF4FCE4FD84FDB4FD14F3D
:10930400DA4FD04FE44FE54F1A50285014502A50EA
:10931400255005501C4FF64F215029502C50FE4F1C
:10932400EF4F11500650435047500367555050506B
:1093340048505A5056506C50785080509A5085502E
:10934400B450B250C950CA50B350C250D650DE5077
:10935400E550ED50E350EE50F950F55009510151EC
:1093640002511651155114511A5121513A51375184
:109374003C513B513F51405152514C515451625117
:10938400F87A69516A516E5180518251D8568C5184
:1093940089518F519151935195519651A451A65190
:1093A400A251A951AA51AB51B351B151B251B051CB
:1093B400B551BD51C551C951DB51E0515586E951F3
:1093C400ED51F051F551FE5104520B5214520E520C
:1093D40027522A522E52335239524F5244524B5230
:1093E4004C525E5254526A527452695273527F52B2
:1093F4007D528D5294529252715288529152A88F3A
:10940400A78FAC52AD52BC52B552C152CD52D752B5
:10941400DE52E352E652ED98E052F352F552F8521E
:10942400F9520653085338750D5310530F531553FF
:109434001A5323532F533153335338534053465302
:109444004553174E49534D53D6515E5369536E538A
:1094540018597B53775382539653A053A653A5535D
:10946400AE53B053B653C353127CD996DF53FC6644
:10947400EE71EE53E853ED53FA5301543D54405406
:109484002C542D543C542E54365429541D544E54AB
:109494008F5475548E545F5471547754705492544D
:1094A4007B5480547654845490548654C754A254A4
:1094B400B854A554AC54C454C854A854AB54C2545E
:1094C400A454BE54BC54D854E554E6540F55145512
:1094D400FD54EE54ED54FA54E25439554055635555
:1094E4004C552E555C55455556555755385533559D
:1094F4005D5599558055AF548A559F557B557E557A
:1095040098559E55AE557C558355A9558755A855F4
:10951400DA55C555DF55C455DC55E455D4551456B4
:10952400F7551656FE55FD551B56F9554E565056D1
:10953400DF7134563656325638566B5664562F56AB
:109544006C566A56865680568A56A05694568F563E
:10955400A556AE56B656B456C256BC56C156C35698
:10956400C056C856CE56D156D356D756EE56F9568F
:109574000057FF560457095708570B570D571357F1
:1095840018571657C7551C572657375738574E572D
:109594003B5740574F576957C057885761577F57B4
:1095A40089579357A057B357A457AA57B057C357CF
:1095B400C657D457D257D3570A58D657E3570B58E0
:1095C40019581D587258215862584B587058C06B1E
:1095D40052583D5879588558B9589F58AB58BA587D
:1095E400DE58BB58B858AE58C558D358D158D75878
:1095F400D958D858E558DC58E458DF58EF58FA5889
:10960400F958FB58FC58FD5802590A5910591B596E
:10961400A66825592C592D59325938593E59D27AB0
:10962400555950594E595A595859625960596759A0
:109634006C596959785981599D595E4FAB4FA3595B
:10964400B259C659E859DC598D59D959DA59255AAC
:109654001F5A115A1C5A095A1A5A405A6C5A495AD2
:10966400355A365A625A6A5A9A5ABC5ABE5ACB5A10
:10967400C25ABD5AE35AD75AE65AE95AD65AFA5A3E
:10968400FB5A0C5B0B5B165B325BD05A2A5B365B76
:109694003E5B435B455B405B515B555B5A5B5B5B8D
:1096A400655B695B705B735B755B785B88657A5B34
:1096B400805B835BA65BB85BC35BC75BC95BD45B46
:1096C400D05BE45BE65BE25BDE5BE55BEB5BF05BA4
:1096D400F65BF35B055C075C085C0D5C135C205C6B
:1096E400225C285C385C395C415C465C4E5C535CB3
:1096F400505C4F5C715B6C5C6E5C624E765C795C5A
:109704008C5C915C945C9B59AB5CBB5CB65CBC5C54
:10971400B75CC55CBE5CC75CD95CE95CFD5CFA5CAB
:10972400ED5C8C5DEA5C0B5D155D175D5C5D1F5D3A
:109734001B5D115D145D225D1A5D195D185D4C5D44
:10974400525D4E5D4B5D6C5D735D765D875D845DE2
:10975400825DA25D9D5DAC5DAE5DBD5D905DB75DFE
:10976400BC5DC95DCD5DD35DD25DD65DDB5DEB5D7A
:10977400F25DF55D0B5E1A5E195E115E1B5E365E70
:10978400375E445E435E405E4E5E575E545E5F5E8F
:10979400625E645E475E755E765E7A5EBC9E7F5EE8
:1097A400A05EC15EC25EC85ED05ECF5ED65EE35E82
:1097B400DD5EDA5EDB5EE25EE15EE85EE95EEC5EA3
:1097C400F15EF35EF05EF45EF85EFE5E035F095FD9
:1097D4005D5F5C5F0B5F115F165F295F2D5F385F14
:1097E400415F485F4C5F4E5F2F5F515F565F575F2D
:1097F400595F615F6D5F735F775F835F825F7F5FD8
:109804008A5F885F915F875F9E5F995F985FA05FC3
:10981400A85FAD5FBC5FD65FFB5FE45FF85FF15F9D
:10982400DD5FB360FF5F21606060196010602960D4
:109834000E6031601B6015602B6026600F603A601B
:109844005A6041606A6077605F604A6046604D605C
:1098540063604360646042606C606B605960816007
:109864008D60E76083609A6084609B609660976017
:109874009260A7608B60E160B860E060D360B46020
:10988400F05FBD60C660B560D8604D61156106616A
:10989400F660F7600061F460FA6003612161FB60C7
:1098A400F1600D610E6147613E61286127614A6183
:1098B4003F613C612C6134613D614261446173618B
:1098C4007761586159615A616B6174616F61656157
:1098D40071615F615D6153617561996196618761D1
:1098E400AC6194619A618A619161AB61AE61CC6152
:1098F400CA61C961F761C861C361C661BA61CB61FC
:10990400797FCD61E661E361F661FA61F461FF613B
:10991400FD61FC61FE610062086209620D620C6215
:1099240014621B621E6221622A622E6230623262FB
:10993400336241624E625E6263625B62606268626D
:109944007C62826289627E62926293629662D4626F
:1099540083629462D762D162BB62CF62FF62C662E5
:10996400D464C862DC62CC62CA62C262C7629B62AF
:10997400C9620C63EE62F162276302630863EF62FB
:10998400F56250633E634D631C644F6396638E635C
:109994008063AB637663A3638F6389639F63B563FB
:1099A4006B636963BE63E963C063C663E363C963EE
:1099B400D263F663C4631664346406641364266471
:1099C40036641D65176428640F6467646F64766485
:1099D4004E642A6595649364A564A9648864BC6430
:1099E400DA64D264C564C764BB64D864C264F164D5
:1099F400E7640982E064E164AC62E364EF642C65CB
:109A0400F664F464F264FA640065FD6418651C6528
:109A14000565246523652B653465356537653665CD
:109A240038654B754865566555654D6558655E6581
:109A34005D6572657865826583658A8B9B659F65C4
:109A4400AB65B765C365C665C165C465CC65D265DC
:109A5400DB65D965E065E165F16572670A660366F1
:109A6400FB6573673566366634661C664F66446606
:109A7400496641665E665D666466676668665F66DB
:109A840062667066836688668E6689668466986692
:109A94009D66C166B966C966BE66BC66C466B866BC
:109AA400D666DA66E0663F66E666E966F066F566FF
:109AB400F7660F6716671E672667276738972E674E
:109AC4003F67366741673867376746675E67606731
:109AD40059676367646789677067A9677C676A67A2
:109AE4008C678B67A667A1678567B767EF67B467FD
:109AF400EC67B367E967B867E467DE67DD67E26769
:109B0400EE67B967CE67C667E7679C6A1E684668F2
:109B1400296840684D6832684E68B3682B68596894
:109B2400636877687F689F688F68AD6894689D688C
:109B34009B688368AE6AB9687468B568A068BA68D7
:109B44000F698D687E680169CA680869D8682269E6
:109B54002669E1680C69CD68D468E768D568366918
:109B640012690469D768E3682569F968E068EF68F1
:109B740028692A691A6923692169C6687969776934
:109B84005C6978696B6954697E696E69396974695D
:109B94003D695969306961695E695D6981696A69AC
:109BA400B269AE69D069BF69C169D369BE69CE695A
:109BB400E85BCA69DD69BB69C369A7692E6A9169F3
:109BC400A0699C699569B469DE69E869026A1B6ADF
:109BD400FF690A6BF969F269E769056AB1691E6A86
:109BE400ED69146AEB690A6A126AC16A236A136A24
:109BF400446A0C6A726A366A786A476A626A596A9F
:109C0400666A486A386A226A906A8D6AA06A846AB7
:109C1400A26AA36A976A1786BB6AC36AC26AB86AE9
:109C2400B36AAC6ADE6AD16ADF6AAA6ADA6AEA6A85
:109C3400FB6A056B1686FA6A126B166B319B1F6BF7
:109C4400386B376BDC76396BEE98476B436B496B3B
:109C5400506B596B546B5B6B5F6B616B786B796B9F
:109C64007F6B806B846B836B8D6B986B956B9E6B3A
:109C7400A46BAA6BAB6BAF6BB26BB16BB36BB76B13
:109C8400BC6BC66BCB6BD36BDF6BEC6BEB6BF36BAF
:109C9400EF6BBE9E086C136C146C1B6C246C236CF1
:109CA4005E6C556C626C6A6C826C8D6C9A6C816CA7
:109CB4009B6C7E6C686C736C926C906CC46CF16C75
:109CC400D36CBD6CD76CC56CDD6CAE6CB16CBE6C0A
:109CD400BA6CDB6CEF6CD96CEA6C1F6D4D88366D19
:109CE4002B6D3D6D386D196D356D336D126D0C6DC9
:109CF400636D936D646D5A6D796D596D8E6D956D4F
:109D0400E46F856DF96D156E0A6EB56DC76DE66D00
:109D1400B86DC66DEC6DDE6DCC6DE86DD26DC56D44
:109D2400FA6DD96DE46DD56DEA6DEE6D2D6E6E6EC6
:109D34002E6E196E726E5F6E3E6E236E6B6E2B6EA0
:109D4400766E4D6E1F6E436E3A6E4E6E246EFF6ECF
:109D54001D6E386E826EAA6E986EC96EB76ED36E23
:109D6400BD6EAF6EC46EB26ED46ED56E8F6EA56EC0
:109D7400C26E9F6E416F116F4C70EC6EF86EFE6E8A
:109D84003F6FF26E316FEF6E326FCC6E3E6F136FBA
:109D9400F76E866F7A6F786F816F806F6F6F5B6F0E
:109DA400F36F6D6F826F7C6F586F8E6F916FC26FA0
:109DB400666FB36FA36FA16FA46FB96FC66FAA6FFD
:109DC400DF6FD56FEC6FD46FD86FF16FEE6FDB6F11
:109DD40009700B70FA6F117001700F70FE6F1B70B9
:109DE4001A70746F1D7018701F7030703E7032706E
:109DF4005170637099709270AF70F170AC70B870FC
:109E0400B370AE70DF70CB70DD70D9700971FD7006
:109E14001C711971657155718871667162714C712B
:109E240056716C718F71FB7184719571A871AC71ED
:109E3400D771B971BE71D271C971D471CE71E0712B
:109E4400EC71E771F571FC71F971FF710D721072AB
:109E54001B7228722D722C72307232723B723C72F9
:109E64003F72407246724B72587274727E72827282
:109E74008172877292729672A272A772B972B2726A
:109E8400C372C672C472CE72D272E272E072E172AE
:109E9400F972F7720F5017730A731C7316731D73DC
:109EA40034732F73297325733E734E734F73D89E87
:109EB40057736A7368737073787375737B737A738B
:109EC400C873B373CE73BB73C073E573EE73DE7381
:109ED400A27405746F742574F87332743A745574EB
:109EE4003F745F74597441745C74697470746374FE
:109EF4006A7476747E748B749E74A774CA74CF74F7
:109F0400D474F173E074E374E774E974EE74F27476
:109F1400F074F174F874F7740475037505750C75B1
:109F24000E750D75157513751E7526752C753C7596
:109F340044754D754A7549755B7546755A756975ED
:109F4400647567756B756D757875767586758775C7
:109F540074758A758975827594759A759D75A575DC
:109F6400A375C275B375C375B575BD75B875BC7584
:109F7400B175CD75CA75D275D975E375DE75FE7583
:109F8400FF75FC750176F075FA75F275F3750B764D
:109F94000D7609761F76277620762176227624762A
:109FA400347630763B764776487646765C765876D5
:109FB40061766276687669766A7667766C767076AC
:109FC4007276767678767C768076837688768B76EB
:109FD4008E769676937699769A76B076B476B876C7
:109FE400B976BA76C276CD76D676D276DE76E17654
:109FF400E576E776EA762F86FB76087707770477A7
:10A00400297724771E77257726771B773777387754
:10A0140047775A7768776B775B7765777F777E7753
:10A0240079778E778B779177A0779E77B077B677AD
:10A03400B977BF77BC77BD77BB77C777CD77D7774D
:10A04400DA77DC77E377EE77FC770C781278267989
:10A0540020782A7945788E78747886787C789A780E
:10A064008C78A378B578AA78AF78D178C678CB788D
:10A07400D478BE78BC78C578CA78EC78E778DA7892
:10A08400FD78F47807791279117919792C792B797B
:10A094004079607957795F795A79557953797A7922
:10A0A4007F798A799D79A7794B9FAA79AE79B3791B
:10A0B400B979BA79C979D579E779EC79E179E3792C
:10A0C400087A0D7A187A197A207A1F7A8079317A87
:10A0D4003B7A3E7A377A437A577A497A617A627A56
:10A0E400697A9D9F707A797A7D7A887A977A957A57
:10A0F400987A967AA97AC87AB07AB67AC57AC47AFE
:10A10400BF7A8390C77ACA7ACD7ACF7AD57AD37A4E
:10A11400D97ADA7ADD7AE17AE27AE67AED7AF07A55
:10A12400027B0F7B0A7B067B337B187B197B1E7BB0
:10A13400357B287B367B507B7A7B047B4D7B0B7B8A
:10A144004C7B457B757B657B747B677B707B717B0C
:10A154006C7B6E7B9D7B987B9F7B8D7B9C7B9A7BB2
:10A164008B7B927B8F7B5D7B997BCB7BC17BCC7B19
:10A17400CF7BB47BC67BDD7BE97B117C147CE67BE7
:10A18400E57B607C007C077C137CF37BF77B177C8E
:10A194000D7CF67B237C277C2A7C1F7C377C2B7CE4
:10A1A4003D7C4C7C437C547C4F7C407C507C587C74
:10A1B4005F7C647C567C657C6C7C757C837C907C49
:10A1C400A47CAD7CA27CAB7CA17CA87CB37CB27C5F
:10A1D400B17CAE7CB97CBD7CC07CC57CC27CD87CA7
:10A1E400D27CDC7CE27C3B9BEF7CF27CF47CF67CD6
:10A1F400FA7C067D027D1C7D157D0A7D457D4B7DA7
:10A204002E7D327D3F7D357D467D737D567D4E7D31
:10A21400727D687D6E7D4F7D637D937D897D5B7DE1
:10A224008F7D7D7D9B7DBA7DAE7DA37DB57DC77D14
:10A23400BD7DAB7D3D7EA27DAF7DDC7DB87D9F7D08
:10A24400B07DD87DDD7DE47DDE7DFB7DF27DE17D2D
:10A25400057E0A7E237E217E127E317E1F7E097E4C
:10A264000B7E227E467E667E3B7E357E397E437E35
:10A27400377E327E3A7E677E5D7E567E5E7E597E76
:10A284005A7E797E6A7E697E7C7E7B7E837ED57DE6
:10A294007D7EAE8F7F7E887E897E8C7E927E907E50
:10A2A400937E947E967E8E7E9B7E9C7E387F3A7FC4
:10A2B400457F4C7F4D7F4E7F507F517F557F547F2C
:10A2C400587F5F7F607F687F697F677F787F827F49
:10A2D400867F837F887F877F8C7F947F9E7F9D7F0F
:10A2E4009A7FA37FAF7FB27FB97FAE7FB67FB87FFF
:10A2F400718BC57FC67FCA7FD57FD47FE17FE67F20
:10A30400E97FF37FF97FDC98068004800B8012805C
:10A31400188019801C80218028803F803B804A80DF
:10A324004680528058805A805F8062806880738043
:10A3340072807080768079807D807F808480868042
:10A3440085809B8093809A80AD809051AC80DB8027
:10A35400E580D980DD80C480DA80D6800981EF80F1
:10A36400F1801B81298123812F814B818B9646812A
:10A374003E8153815181FC8071816E81658166814A
:10A384007481838188818A8180818281A081958181
:10A39400A481A3815F819381A981B081B581BE81AC
:10A3A400B881BD81C081C281BA81C981CD81D18189
:10A3B400D981D881C881DA81DF81E081E781FA819E
:10A3C400FB81FE8101820282058207820A820D825C
:10A3D4001082168229822B823882338240825982EB
:10A3E40058825D825A825F826482628268826A8253
:10A3F4006B822E827182778278827E828D829282B3
:10A40400AB829F82BB82AC82E182E382DF82D28212
:10A41400F482F382FA8293830383FB82F982DE82DD
:10A424000683DC820983D98235833483168332839D
:10A43400318340833983508345832F832B83178350
:10A44400188385839A83AA839F83A2839683238315
:10A454008E8387838A837C83B58373837583A08388
:10A464008983A883F4831384EB83CE83FD830384DD
:10A47400D8830B84C183F7830784E083F2830D843C
:10A4840022842084BD8338840685FB836D842A84DA
:10A494003C845A85848477846B84AD846E848284FE
:10A4A400698446842C846F8479843584CA84628464
:10A4B400B984BF849F84D984CD84BB84DA84D08456
:10A4C400C184C684D684A1842185FF84F48417853D
:10A4D40018852C851F8515851485FC844085638526
:10A4E40058854885418502864B8555858085A48598
:10A4F400888591858A85A8856D8594859B85EA855F
:10A5040087859C8577857E859085C985BA85CF8525
:10A51400B985D085D585DD85E585DC85F9850A860F
:10A5240013860B86FE85FA85068622861A86308671
:10A534003F864D86554E54865F8667867186938620
:10A54400A386A986AA868B868C86B686AF86C486A1
:10A55400C686B086C9862388AB86D486DE86E9861D
:10A56400EC86DF86DB86EF861287068708870087FE
:10A574000387FB86118709870D87F9860A87348745
:10A584003F8737873B87258729871A8760875F87B7
:10A5940078874C874E877487578768876E87598773
:10A5A400538763876A870588A2879F878287AF87D7
:10A5B400CB87BD87C087D087D696AB87C487B38740
:10A5C400C787C687BB87EF87F287E0870F880D8828
:10A5D400FE87F687F7870E88D28711881688158834
:10A5E4002288218831883688398827883B8844889E
:10A5F4004288528859885E8862886B8881887E8800
:10A604009E8875887D88B5887288828897889288A4
:10A61400AE889988A2888D88A488B088BF88B188BC
:10A62400C388C488D488D888D988DD88F988028901
:10A63400FC88F488E888F28804890C890A891389DB
:10A6440043891E8925892A892B89418944893B8923
:10A65400368938894C891D8960895E89668964894F
:10A664006D896A896F89748977897E8983898889E4
:10A674008A8993899889A189A989A689AC89AF898E
:10A68400B289BA89BD89BF89C089DA89DC89DD8943
:10A69400E789F489F889038A168A108A0C8A1B8A46
:10A6A4001D8A258A368A418A5B8A528A468A488A62
:10A6B4007C8A6D8A6C8A628A858A828A848AA88A5C
:10A6C400A18A918AA58AA68A9A8AA38AC48ACD8AEB
:10A6D400C28ADA8AEB8AF38AE78AE48AF18A148BDB
:10A6E400E08AE28AF78ADE8ADB8A0C8B078B1A8B74
:10A6F400E18A168B108B178B208B338BAB97268BB1
:10A704002B8B3E8B288B418B4C8B4F8B4E8B498BE9
:10A71400568B5B8B5A8B6B8B5F8B6C8B6F8B748BB9
:10A724007D8B808B8C8B8E8B928B938B968B998B62
:10A734009A8B3A8C418C3F8C488C4C8C4E8C508C30
:10A74400558C628C6C8C788C7A8C828C898C858C00
:10A754008A8C8D8C8E8C948C7C8C988C1D62AD8CA8
:10A76400AA8CBD8CB28CB38CAE8CB68CC88CC18CCC
:10A77400E48CE38CDA8CFD8CFA8CFB8C048D058DD7
:10A784000A8D078D0F8D0D8D108D4E9F138DCD8CE1
:10A79400148D168D678D6D8D718D738D818D998D51
:10A7A400C28DBE8DBA8DCF8DDA8DD68DCC8DDB8DDD
:10A7B400CB8DEA8DEB8DDF8DE38DFC8D088E098EBC
:10A7C400FF8D1D8E1E8E108E1F8E428E358E308E06
:10A7D400348E4A8E478E498E4C8E508E488E598EBA
:10A7E400648E608E2A8E638E558E768E728E7C8EEB
:10A7F400818E878E858E848E8B8E8A8E938E918E9B
:10A80400948E998EAA8EA18EAC8EB08EC68EB18E89
:10A81400BE8EC58EC88ECB8EDB8EE38EFC8EFB8EF9
:10A82400EB8EFE8E0A8F058F158F128F198F138F63
:10A834001C8F1F8F1B8F0C8F268F338F3B8F398F6D
:10A84400458F428F3E8F4C8F498F468F4E8F578F47
:10A854005C8F628F638F648F9C8F9F8FA38FAD8F6C
:10A86400AF8FB78FDA8FE58FE28FEA8FEF8F879004
:10A87400F48F0590F98FFA8F1190159021900D9017
:10A884001E9016900B902790369035903990F88F43
:10A894004F905090519052900E9049903E90569007
:10A8A40058905E9068906F907690A896729082907F
:10A8B4007D90819080908A9089908F90A890AF909D
:10A8C400B190B590E290E4904862DB9002911291CD
:10A8D4001991329130914A915691589163916591B1
:10A8E4006991739172918B9189918291A291AB91AB
:10A8F400AF91AA91B591B491BA91C091C191C99106
:10A90400CB91D091D691DF91E191DB91FC91F591BE
:10A91400F6911E92FF9114922C92159211925E92CE
:10A924005792459249926492489295923F924B92E3
:10A9340050929C92969293929B925A92CF92B992F1
:10A94400B792E9920F93FA9244932E931993229318
:10A954001A9323933A9335933B935C9360937C933C
:10A964006E935693B093AC93AD939493B993D6935B
:10A97400D793E893E593D893C393DD93D093C89387
:10A98400E4931A94149413940394079410943694AF
:10A994002B94359421943A944194529444945B9426
:10A9A400609462945E946A942992709475947794F6
:10A9B4007D945A947C947E9481947F948295879517
:10A9C4008A959495969598959995A095A895A79507
:10A9D400AD95BC95BB95B995BE95CA95F66FC395D3
:10A9E400CD95CC95D595D495D695DC95E195E59501
:10A9F400E295219628962E962F9642964C964F963F
:10AA04004B9677965C965E965D965F966696729682
:10AA14006C968D96989695969796AA96A796B196C3
:10AA2400B296B096B496B696B896B996CE96CB969C
:10AA3400C996CD964D89DC960D97D596F9960497CF
:10AA44000697089713970E9711970F9716971997CC
:10AA540024972A97309739973D973E97449746977E
:10AA64004897429749975C97609764976697689769
:10AA7400D2526B977197799785977C9781977A973C
:10AA840086978B978F9790979C97A897A697A3974D
:10AA9400B397B497C397C697C897CB97DC97ED97AE
:10AAA4004F9FF297DF7AF697F5970F980C9838989E
:10AAB4002498219837983D9846984F984B986B98CE
:10AAC4006F987098719874987398AA98AF98B19881
:10AAD400B698C498C398C698E998EB9803990999CD
:10AAE40012991499189921991D991E9924992099BC
:10AAF4002C992E993D993E99429949994599509995
:10AB04004B99519952994C99559997999899A59916
:10AB1400AD99AE99BC99DF99DB99DD99D899D19912
:10AB2400ED99EE99F199F299FB99F899019A0F9A96
:10AB3400059AE299199A2B9A379A459A429A409A19
:10AB4400439A3E9A559A4D9A5B9A579A5F9A629A9B
:10AB5400659A649A699A6B9A6A9AAD9AB09ABC9A01
:10AB6400C09ACF9AD19AD39AD49ADE9ADF9AE29A6B
:10AB7400E39AE69AEF9AEB9AEE9AF49AF19AF79A94
:10AB8400FB9A069B189B1A9B1F9B229B239B259B2E
:10AB9400279B289B299B2A9B2E9B2F9B329B449B64
:10ABA400439B4F9B4D9B4E9B519B589B749B939BEC
:10ABB400839B919B969B979B9F9BA09BA89BB49BDD
:10ABC400C09BCA9BB99BC69BCF9BD19BD29BE39B4B
:10ABD400E29BE49BD49BE19B3A9CF29BF19BF09B10
:10ABE400159C149C099C139C0C9C069C089C129C10
:10ABF4000A9C049C2E9C1B9C259C249C219C309C80
:10AC0400479C329C469C3E9C5A9C609C679C769CCC
:10AC1400789CE79CEC9CF09C099D089DEB9C039D13
:10AC2400069D2A9D269DAF9D239D1F9D449D159D98
:10AC3400129D419D3F9D3E9D469D489D5D9D5E9D0F
:10AC4400649D519D509D599D729D899D879DAB9D8D
:10AC54006F9D7A9D9A9DA49DA99DB29DC49DC19D01
:10AC6400BB9DB89DBA9DC69DCF9DC29DD99DD39DC8
:10AC7400F89DE69DED9DEF9DFD9D1A9E1B9E1E9EDB
:10AC8400759E799E7D9E819E889E8B9E8C9E929EB3
:10AC9400959E919E9D9EA59EA99EB89EAA9EAD9EA0
:10ACA4006197CC9ECE9ECF9ED09ED49EDC9EDE9E8F
:10ACB400DD9EE09EE59EE89EEF9EF49EF69EF79E46
:10ACC400F99EFB9EFC9EFD9E079F089FB776159FED
:10ACD400219F2C9F3E9F4A9F529F549F639F5F9F3B
:10ACE400609F619F669F679F6C9F6A9F779F729F1B
:10ACF400769F959F9C9FA09F2F58C7695990647415
:10AD0400DC51997100000042C8801F40B8821F4086
:10AD14000800000000000042C4801F40B4821F40AD
:10AD24000400000000C0004224801F4014821F4021
:10AD34001000000000C0004228801F4018821F40FD
:10AD44002000000000C000422C801F401C821F40D5
:10AD54004000000000C0004234801F4024821F4095
:10AD6400000100000040004264811F4054831F40E2
:10AD7400000400000040004280811F4070831F4097
:10AD840000000200004000427C811F406C831F4091
:10AD9400000001000040004268811F4058831F40AA
:10ADA40000080000004000423C811F402C831F40EB
:10ADB400010000000040004244811F4034831F40D2
:10ADC400040000000040004240811F4030831F40C7
:10ADD400020000000040004248811F4038831F40A9
:10ADE400080000000000004204811F40F4821F405C
:10ADF400000004000000004208811F40F8821F4048
:10AE0400000008000000004218811F4008831F4012
:10AE1400000080000000004214811F4004831F4092
:10AE2400000040000000004200811F40F0821F40EB
:10AE34000000020000000042FC801F40EC821F4022
:10AE4400000001000000004224811F4014831F40C1
:10AE5400000000040000004228811F4018831F40A6
:10AE640000000008000000421C811F400C831F40AA
:10AE7400000000010000004220811F4010831F4099
:10AE84000000000200000042EC801F40DC821F40F2
:10AE94000010000000000042F0801F40E0821F40CC
:10AEA400002000000000004234811F4024831F4022
:10AEB400000000400000004238811F4028831F40EA
:10AEC400000000800080004294801F4084821F4064
:10AED4000000040000C0004290801F4080821F4098
:10AEE4000000008000800042A8801F4098821F401C
:10AEF4000000800000800042A4801F4094821F4014
:10AF040000004000004000426C811F405C831F40F1
:10AF14000010000000C0004230801F4020821F400B
:10AF24008000000000400042B0811F40A0831F4009
:10AF34000000002000400042AC811F409C831F4061
:10AF4400000000100040004284811F4074831F40B1
:10AF5400000004000040004288811F4078831F40A5
:10AF640000000800000000422C811F401C831F4089
:10AF7400000000100000004230811F4020831F4069
:10AF840000000020000000420C811F40FC821F4092
:10AF9400000010000000004210811F4000831F4089
:10AFA4000000200000800042C8811F40B8831F4079
:10AFB4000080000000800042C4811F40B4831F4011
:10AFC4000040000000800042C0811F40B0831F4049
:10AFD4000020000000800042BC811F40AC831F4061
:10AFE4000010000000800042D0811F40C0831F4039
:10AFF4000000020000800042CC811F40BC831F403F
:10B004000000010000C0004274801F4064821F40A1
:10B014000000000100C0004280801F4070821F4079
:10B024000000000800C0004284801F4074821F405A
:10B034000000001000C000426C801F405C821F4072
:10B044000000400000C000427C801F406C821F4012
:10B054000000000400C0004278801F4068821F4046
:10B064000000000200C0004288801F4078821F4018
:10B074000000002035000000CEFBFFFFCB030000E2
:10B08400010000000000000034000000CEFBFFFFC0
:10B09400CB03000001000000000000006E2F6100DF
:10B0A4003F0000005B6574682D6462675D2063681F
:10B0B40069703D257320206C696E6B3D6E6F773D22
:10B0C40025732020444843503D2573202069703D5A
:10B0D400257320204E54503D25730A002F7374723B
:10B0E40065616D005B636C6F75645D206C6976658A
:10B0F40020504F5354206661696C65642028737432
:10B10400617475733D25642920E28094207365730E
:10B1140073696F6E2077696C6C2071756575652035
:10B124006F6E20636C6F73650A0000004750532CE8
:10B1340025752C25752C252E36662C252E36662C49
:10B14400252E31662C252E31662C25750A0000002B
:10B154004750532C25752C25752C252E36662C2509
:10B164002E36662C252E31662C252E31662C25751F
:10B174002020287261775F62797465733D256C7550
:10B18400290A0000454E472C25752C25642C25647E
:10B194000A000000494D552C252E32662C252E32EE
:10B1A400662C252E32662C252E31662C252E3166F2
:10B1B4002C252E31660A000054494D452C256C750A
:10B1C4000A00000005000000190000007D000000D6
:10B1D40007080C0B06050F000D0E010283840708F7
:10B1E4000C0B06050F000D0E01028384FFFFFFFF09
:10B1F400FFFFFFFFFFFF8182090A0000444F574E03
:10B2040000000000286E6F206C696E6B290000003E
:10B21400756E6B6E6F776E00555000005735313088
:10B224003000000057353230300000007261636531
:10B234006361722D33352064617368207465656EB3
:10B24400737920626F6F742C206669726D776172F6
:10B2540065207625730A0000464C4153485F4944F3
:10B264003A66775F7465656E737934310000000067
:10B27400467265714D656173757265206F6E2070DD
:10B28400696E20393A2061726D656400416E616CAB
:10B294006F673A206F696C20505349206F6E2041CC
:10B2A400322C20636F6F6C616E7420646567462076
:10B2B4006F6E204133202831322D6269742C20783E
:10B2C4003136206176672C2070756C6C646F776EF4
:10B2D400290000004D50552D36303530204E4F5446
:10B2E40020666F756E64206F6E2057697265202822
:10B2F4005344413D31382C2053434C3D31392900CE
:10B304004D50552D363035302072656164792028D2
:10B31400C2B13267202F20C2B13235302064656754
:10B324002F732C20444C504620343420487A290072
:10B3340043536C6F3A553D25642C443D25642020CD
:10B34400435368693A553D25642C443D2564000007
:10B354005B6574685D206D69736F2070696E20741D
:10B364006573743A2025730A000000005B657468F5
:10B374005D207261772056455253494F4E523D30FD
:10B3840078253032582028332072656164733A205E
:10B394003078253032582C3078253032582C30789B
:10B3A400253032582920202857353530303D307823
:10B3B40030342C206E6F6E653D307846462F3078E1
:10B3C4003030290A000000005B6574685D20444841
:10B3D40043502E2E2E000000286E6F206368697083
:10B3E40029000000206E6F20636869702064657412
:10B3F4006563746564000000206661696C6564209F
:10B404002028636869703D25732C206C696E6B3D40
:10B414002573290A0000000025642E25642E256466
:10B424002E256400204F4B202049503A20257320BC
:10B434002028636869703D25732C206C696E6B3D10
:10B444002573290A000000004554482C25730A007E
:10B45400302E302E302E30005B6E74705D20736B96
:10B46400697070656420286E6F20495029000000BF
:10B47400736B6970706564005B6E74705D20554415
:10B484005020626567696E206661696C65640000BE
:10B494007564702D6661696C00000000302E706F59
:10B4A4006F6C2E6E74702E6F726700005B6E74701A
:10B4B4005D207175657279696E67202573202E2E63
:10B4C4002E0A00005B6E74705D20617474656D708B
:10B4D400742025642074696D6564206F75740A0096
:10B4E4005B6E74705D204F4B2020756E69783D252E
:10B4F4006C750A005B6E74705D20676976696E67AF
:10B5040020757020E280942052544320756E636845
:10B51400616E676564000000752D626C6F78204E63
:10B524004F54206465746563746564206F6E2053A2
:10B53400657269616C3220287472696564203338DD
:10B5440034303020616E64203936303029000000F8
:10B55400752D626C6F7820636F6E6E6563746564BD
:10B564000000000057353530300000004E4545449A
:10B57400535F464F524D4154000000004552524F14
:10B5840052000000464F524D415454494E4700006A
:10B59400286E6F742072756E290000004C435F435F
:10B5A4004F4C4C41544500004C435F435459504563
:10B5B400000000004C435F4D4F4E4554415259002A
:10B5C4004C435F4E554D4552494300004C435F5434
:10B5D400494D45004C435F4D455353414745530046
:10B5E40000010000C4A800201200000000060000B2
:10B5F4004C2100600A00000000020000E820006006
:10B604006200000000070000842000606200000067
:10B61400EE03000000A9002012000000000004EE68
:10B62400D8A800202800000000030000802000604B
:10B63400000000000103090468200060000000000D
:10B644000203090450200060000000000303090401
:10B6540014A9002000000000000000000000000009
:10B664000000000030303030303030303030303096
:10B6740030303030303030303030303030303030C6
:10B684003030303000000000000000003CCD0020CD
:10B69400A4CD00200CCE002000000000000000001B
:10B6A4000000000000000000000000000000000096
:10B6B4000000000000000000000000000000000086
:10B6C4000000000000000000000000000000000076
:10B6D4000000000000000000000000000000000066
:10B6E4000000000000000000000000000000000056
:10B6F4000000000000000000000000000000000046
:10B704000000000000000000000000000000000035
:10B714000000000000000000000000000000000025
:10B7240001000000000000000E33CDAB34126DE6C2
:10B73400ECDE05000B00000000000000000000002B
:10B7440000000000000000000000000000000000F5
:10B7540000000000000000000000000000000000E5
:10B7640000000000000000000000000000000000D5
:10B7740000000000000000000000000000000000C5
:10B7840000000000000000000000000000000000B5
:10B7940000000000000000000000000000000000A5
:10B7A40000000000000000000029DE07007B9A175B
:10B7B40000003A407C20002000000000000000004F
:10B7C4000000000000000000000000000000000075
:10B7D4000000000000000000000000000000000065
:10B7E4000000000000000000000000000000000055
:10B7F4000000000000000000000000000000000045
:10B804004022002000000000E803000000000000C7
:10B814006822002000000000E8030000000000008F
:10B824000000194000A200200000000068B10020C0
:10B83400E4B0002000000000000000002800000028
:10B84400400000002800000040000000000000004C
:10B8540000000000000000000000000000000000E4
:10B8640000000000000000000000000000000000D4
:10B874006822002000000000E8030000000000002F
:10B8840000801840A0A100200000000090B100201A
:10B8940024B1002000000000000000002800000087
:10B8A40040000000280000004000000000000000EC
:10B8B4000000000000000000000000000000000084
:10B8C4000000000000000000000000000000000074
:10B8D400BC22002000000000E8030000000000007B
:10B8E40000003F4000200060000000000000000055
:10B8F4000000000000000000000000000000000044
:10B904000000000000000000000000000000000033
:10B914000000000000000000000000000000000023
:10B924000000000000000000000000000000000013
:10B934000000000000000000000000000000000003
:10B9440000000000000000000000000000000000F3
:10B9540000000000000000000000000000000000E3
:10B9640000000000000000000000000000000000D3
:10B9740000000000000000000000000000000000C3
:10B9840000000000000000000000000000000000B3
:10B9940000000000000000000000000000000000A3
:10B9A4000000000000000000000000000000000093
:10B9B4000000000000000000000000000000000083
:10B9C4000000000000000000000000000000000073
:10B9D4000000000000000000000000000000000063
:10B9E4000000000000000000000000000000000053
:10B9F4000000000000000000000000000000000043
:10BA04000000000000000000000000000000000032
:10BA1400BC22002000000000E80300000000000039
:10BA240000803F40B01F00600000000000000000E4
:10BA34000000000000000000000000000000000002
:10BA440000000000000000000000000000000000F2
:10BA540000000000000000000000000000000000E2
:10BA640000000000000000000000000000000000D2
:10BA740000000000000000000000000000000000C2
:10BA840000000000000000000000000000000000B2
:10BA940000000000000000000000000000000000A2
:10BAA4000000000000000000000000000000000092
:10BAB4000000000000000000000000000000000082
:10BAC4000000000000000000000000000000000072
:10BAD4000000000000000000000000000000000062
:10BAE4000000000000000000000000000000000052
:10BAF4000000000000000000000000000000000042
:10BB04000000000000000000000000000000000031
:10BB14000000000000000000000000000000000021
:10BB24000000000000000000000000000000000011
:10BB34000000000000000000000000000000000001
:10BB440000000000000000000000000000000000F1
:10BB5400BC22002000000000E803000000000000F8
:10BB640000C03F40601F00600000000000000000B3
:10BB740000000000000000000000000000000000C1
:10BB840000000000000000000000000000000000B1
:10BB940000000000000000000000000000000000A1
:10BBA4000000000000000000000000000000000091
:10BBB4000000000000000000000000000000000081
:10BBC4000000000000000000000000000000000071
:10BBD4000000000000000000000000000000000061
:10BBE4000000000000000000000000000000000051
:10BBF4000000000000000000000000000000000041
:10BC04000000000000000000000000000000000030
:10BC14000000000000000000000000000000000020
:10BC24000000000000000000000000000000000010
:10BC34000000000000000000000000000000000000
:10BC440000000000000000000000000000000000F0
:10BC540000000000000000000000000000000000E0
:10BC640000000000000000000000000000000000D0
:10BC740000000000000000000000000000000000C0
:10BC840000000000000000000000000000000000B0
:10BC94005554430000000000302E302E302E30006A
:10BCA4000000000000000000309A00202C01000079
:10BCB400554E4B4E4F574E00000000000000000050
:10BCC4000000000000000000000000000000000070
:10BCD4004095002040950020286E6F742072756E88
:10BCE4002900000000000000000000000000000027
:10BCF4000000000000000000000000000000000040
:10BD040002150000112501000000000068C00F406A
:10BD1400000000300F000000020000002C851F40CE
:10BD240001000000FF000000FF0000000000000010
:10BD3400000000000E0000000200000030851F40DB
:10BD440001000000FF000000FF00000000000000F0
:10BD540000000000130240002600180078000000D4
:10BD64000117000005250100000000006CC00F4011
:10BD740000000003070000000200000040851F408F
:10BD840002000000FF000000FF00000000000000AF
:10BD940000000000080000000200000044851F406D
:10BDA40002000000FF000000FF000000000000008F
:10BDB40000000000FF004000260018007A00000088
:10BDC40010990020000000000000000000000000A6
:10BDD400000000000000000000000000000000005F
:10BDE400000000000000000000000000000000004F
:10BDF400000000000000000000000000000000003F
:10BE040000000000500000000000000000000000DE
:10BE1400000000000000000000000000000000001E
:10BE2400000000000000000000000000000000000E
:10BE340000000000000000000000000000000000FE
:10BE440000000000000000000000000000000000EE
:10BE540000000000000000000000000000000000DE
:10BE640000000000000000000000000000000000CE
:10BE740000000000000000000000000000000000BE
:10BE8400000000000000000001000000FCCC0020C5
:10BE9400803020200000000043000000000000006B
:10BEA400000000000000000000000000000000008E
:10BEB400000000000000000043000000000000003B
:10BEC400000000000000000000000000000000006E
:10BED400000000000000000043000000000000001B
:10BEE400000000000000000000000000000000004E
:10BEF40000000000000000004300000000000000FB
:10BF0400000000000000000000000000000000002D
:10BF140000000000000000004300000000000000DA
:10BF2400000000000000000000000000000000000D
:10BF340000000000000000004300000000000000BA
:10BF440000000000000000000000000000000000ED
:10BF5400000000000000000043000000000000009A
:10BF640000000000000000000000000000000000CD
:10BF7400000000000000000059AA010099DA010045
:10BF8400000000009425002074980020C8130020AD
:10BF9400C8130020C8130020C8130020C8130020B1
:10BFA400C8130020C8130020C8130020C8130020A1
:10BFB400FFFFFFFFFFFFFFFFFFFFFFFFFFFF00008B
:10BFC4000100415343494900000000000000000003
:10BFD400000000000000000000000000000000005D
:10BFE40000004153434949000000000000000000E4
:10BFF400000000000000000000000000000000003D
:10C00400000000000000000000000000A4A40020C4
:10C01400A4A40020ACA40020ACA40020B4A400205C
:10C02400B4A40020BCA40020BCA40020C4A400200C
:10C03400C4A40020CCA40020CCA40020D4A40020BC
:10C04400D4A40020DCA40020DCA40020E4A400206C
:10C05400E4A40020ECA40020ECA40020F4A400201C
:10C06400F4A40020FCA40020FCA4002004A50020CB
:10C0740004A500200CA500200CA5002014A5002078
:10C0840014A500201CA500201CA5002024A5002028
:10C0940024A500202CA500202CA5002034A50020D8
:10C0A40034A500203CA500203CA5002044A5002088
:10C0B40044A500204CA500204CA5002054A5002038
:10C0C40054A500205CA500205CA5002064A50020E8
:10C0D40064A500206CA500206CA5002074A5002098
:10C0E40074A500207CA500207CA5002084A5002048
:10C0F40084A500208CA500208CA5002094A50020F8
:10C1040094A500209CA500209CA50020A4A50020A7
:10C11400A4A50020ACA50020ACA50020B4A5002057
:10C12400B4A50020BCA50020BCA50020C4A5002007
:10C13400C4A50020CCA50020CCA50020D4A50020B7
:10C14400D4A50020DCA50020DCA50020E4A5002067
:10C15400E4A50020ECA50020ECA50020F4A5002017
:10C16400F4A50020FCA50020FCA5002004A60020C6
:10C1740004A600200CA600200CA6002014A6002073
:10C1840014A600201CA600201CA6002024A6002023
:10C1940024A600202CA600202CA6002034A60020D3
:10C1A40034A600203CA600203CA6002044A6002083
:10C1B40044A600204CA600204CA6002054A6002033
:10C1C40054A600205CA600205CA6002064A60020E3
:10C1D40064A600206CA600206CA6002074A6002093
:10C1E40074A600207CA600207CA6002084A6002043
:10C1F40084A600208CA600208CA6002094A60020F3
:10C2040094A600209CA600209CA60020A4A60020A2
:10C21400A4A60020ACA60020ACA60020B4A6002052
:10C22400B4A60020BCA60020BCA60020C4A6002002
:10C23400C4A60020CCA60020CCA60020D4A60020B2
:10C24400D4A60020DCA60020DCA60020E4A6002062
:10C25400E4A60020ECA60020ECA60020F4A6002012
:10C26400F4A60020FCA60020FCA6002004A70020C1
:10C2740004A700200CA700200CA7002014A700206E
:10C2840014A700201CA700201CA7002024A700201E
:10C2940024A700202CA700202CA7002034A70020CE
:10C2A40034A700203CA700203CA7002044A700207E
:10C2B40044A700204CA700204CA7002054A700202E
:10C2C40054A700205CA700205CA7002064A70020DE
:10C2D40064A700206CA700206CA7002074A700208E
:10C2E40074A700207CA700207CA7002084A700203E
:10C2F40084A700208CA700208CA7002094A70020EE
:10C3040094A700209CA700209CA70020A4A700209D
:10C31400A4A70020ACA70020ACA70020B4A700204D
:10C32400B4A70020BCA70020BCA70020C4A70020FD
:10C33400C4A70020CCA70020CCA70020D4A70020AD
:10C34400D4A70020DCA70020DCA70020E4A700205D
:10C35400E4A70020ECA70020ECA70020F4A700200D
:10C36400F4A70020FCA70020FCA7002004A80020BC
:10C3740004A800200CA800200CA8002014A8002069
:10C3840014A800201CA800201CA8002024A8002019
:10C3940024A800202CA800202CA8002034A80020C9
:10C3A40034A800203CA800203CA8002044A8002079
:10C3B40044A800204CA800204CA8002054A8002029
:10C3C40054A800205CA800205CA8002064A80020D9
:10C3D40064A800206CA800206CA8002074A8002089
:10C3E40074A800207CA800207CA8002084A8002039
:10C3F40084A800208CA800208CA8002094A80020E9
:10C4040094A800209CA800209CA80020FFFFFFFF08
:10C414000000020000000000030000003CCD0020EA
:10C42400289B002012010002EF020140C016830481
:10C434008002010203010000280000000001040042
:10C444000100000000000000020157494E5553420C
:10C4540000000000000000000000000000000000D8
:10C4640012034D00530046005400310030003000E8
:10C47400F80000000C0300000000000000000000B1
:10C484000000000000000000000000C029AA0A000B
:10C494000000000000000000000000000000000098
:10C4A4000000000000000000000000000000000088
:10C4B4000000000000000000000000000000000078
:10C4C4000000000000000000000000000000000068
:10C4D4000000000000000000000000000000000058
:10C4E4000000000000000000000000000000000048
:10C4F4000000000000000000000000000000000038
:10C504000000000000000000000000000000000027
:10C514000000000000000000000000000000000017
:10C524000000000000000000000000000000000007
:10C5340000000000000000000000000000000000F7
:10C5440000000000000000000000000000000000E7
:10C5540000000000000000000000000000000000D7
:10C5640000000000000000000000000000000000C7
:10C5740000000000000000000000000000000000B7
:10C5840000000000000000000000000000000000A7
:10C594000000000000000000000000000000000097
:10C5A4000000000000000000000000000000000087
:10C5B4000000000000000000000000000000000077
:10C5C4000000000000000000000000000000000067
:10C5D4000000000000000000000000000000000057
:10C5E4000000000000000000000000000000000047
:10C5F4000000000000000000000000000000000037
:10C604000000000000000000000000000000000026
:10C614000000000000000000000000000000000016
:10C624000000000000000000000000000000000006
:10C6340000000000000000000000000000000000F6
:10C6440000000000000000000000000000000000E6
:10C6540000000000000000000000000000000000D6
:10C6640000000000000000000000000000000000C6
:10C6740000000000000000000000000000000000B6
:10C6840000000000000000000000000000000000A6
:10C694000000000000000000000000000000000096
:10C6A4000000000000000000000000000000000086
:10C6B4000000000000000000000000000000000076
:10C6C4000000000000000000000000000000000066
:10C6D4000000000000000000000000000000000056
:10C6E4000000000000000000000000000000000046
:10C6F4000000000000000000000000000000000036
:10C704000000000000000000000000000000000025
:10C714000000000000000000000000000000000015
:10C724000000000000000000000000000000000005
:10C7340000000000000000000000000000000000F5
:10C7440000000000000000000000000000000000E5
:10C7540000000000000000000000000000000000D5
:10C7640000000000000000000000000000000000C5
:10C7740000000000000000000000000000000000B5
:10C7840000000000000000000000000000000000A5
:10C794000000000000000000000000000000000095
:10C7A4000000000000000000000000000000000085
:10C7B4000000000000000000000000000000000075
:10C7C4000000000000000000000000000000000065
:10C7D4000000000000000000000000000000000055
:10C7E4000000000000000000000000000000000045
:10C7F4000000000000000000000000000000000035
:10C804000000000000000000000000000000000024
:10C814000000000000000000000000000000000014
:10C824000000000000000000000000000000000004
:10C8340000000000000000000000000000000000F4
:10C8440000000000000000000000000000000000E4
:10C8540000000000000000000000000000000000D4
:10C8640000000000000000000000000000000000C4
:10C8740000000000000000000000000000000000B4
:10C8840000000000000000000000000000000000A4
:10C894000000000000000000000000000000000094
:10C8A4000000000000000000000000000000000084
:10C8B4000000000000000000000000000000000074
:10C8C4000000000000000000000000000000000064
:10C8D4000000000000000000000000000000000054
:10C8E4000000000000000000000000000000000044
:10C8F4000000000000000000000000000000000034
:10C904000000000000000000000000000000000023
:10C914000000000000000000000000000000000013
:10C924000000000000000000000000000000000003
:10C9340000000000000000000000000000000000F3
:10C9440000000000000000000000000000000000E3
:10C9540000000000000000000000000000000000D3
:10C9640000000000000000000000000000000000C3
:10C9740000000000000000000000000000000000B3
:10C9840000000000000000000000000000000000A3
:10C994000000000000000000000000000000000093
:10C9A4000000000000000000000000000000000083
:10C9B4000000000000000000000000000000000073
:10C9C4000000000000000000000000000000000063
:10C9D4000000000000000000000000000000000053
:10C9E4000000000000000000000000000000000043
:10C9F4000000000000000000000000000000000033
:10CA04000000000000000000000000000000000022
:10CA14000000000000000000000000000000000012
:10CA2400FFFFFFFFFFFFFFFFFFFFFFFFFFFFFFFF12
:10CA3400FFFFFFFFFFFFFFFFFFFFFFFFFFFFFFFF02
:10CA4400FFFFFFFFFFFFFFFFFFFFFFFFFFFFFFFFF2
:10CA5400FFFFFFFFFFFFFFFFFFFFFFFFFFFFFFFFE2
:10CA6400FFFFFFFFFFFFFFFFFFFFFFFFFFFFFFFFD2
:10CA7400FFFFFFFFFFFFFFFFFFFFFFFFFFFFFFFFC2
:10CA8400FFFFFFFFFFFFFFFFFFFFFFFFFFFFFFFFB2
:10CA9400FFFFFFFFFFFFFFFFFFFFFFFFFFFFFFFFA2
:10CAA400FFFFFFFFFFFFFFFFFFFFFFFFFFFFFFFF92
:10CAB400FFFFFFFFFFFFFFFFFFFFFFFFFFFFFFFF82
:10CAC400FFFFFFFFFFFFFFFFFFFFFFFFFFFFFFFF72
:10CAD400FFFFFFFFFFFFFFFFFFFFFFFFFFFFFFFF62
:10CAE400FFFFFFFFFFFFFFFFFFFFFFFFFFFFFFFF52
:10CAF400FFFFFFFFFFFFFFFFFFFFFFFFFFFFFFFF42
:10CB0400FFFFFFFFFFFFFFFFFFFFFFFFFFFFFFFF31
:10CB1400FFFFFFFFFFFFFFFFFFFFFFFFFFFFFFFF21
:10CB2400FFFFFFFFFFFFFFFFFFFFFFFFFFFFFFFF11
:10CB3400FFFFFFFFFFFFFFFFFFFFFFFFFFFFFFFF01
:10CB4400FFFFFFFFFFFFFFFFFFFFFFFFFFFFFFFFF1
:10CB5400FFFFFFFFFFFFFFFFFFFFFFFFFFFFFFFFE1
:10CB6400FFFFFFFFFFFFFFFFFFFFFFFFFFFFFFFFD1
:10CB7400FFFFFFFFFFFFFFFFFFFFFFFFFFFFFFFFC1
:10CB8400FFFFFFFFFFFFFFFFFFFFFFFFFFFFFFFFB1
:10CB9400FFFFFFFFFFFFFFFFFFFFFFFFFFFFFFFFA1
:10CBA400FFFFFFFFFFFFFFFFFFFFFFFFFFFFFFFF91
:10CBB400FFFFFFFFFFFFFFFFFFFFFFFFFFFFFFFF81
:10CBC400FFFFFFFFFFFFFFFFFFFFFFFFFFFFFFFF71
:10CBD400FFFFFFFFFFFFFFFFFFFFFFFFFFFFFFFF61
:10CBE400FFFFFFFFFFFFFFFFFFFFFFFFFFFFFFFF51
:10CBF400FFFFFFFFFFFFFFFFFFFFFFFF000000003D
:10CC04000000000000000000000000000000000020
:10CC14000000000000000000000000000000000010
:10CC24000000000000000000000000000000000000
:10CC340000000000000000000000000000000000F0
:10CC440000000000000000000000000000000000E0
:10CC540000000000000000000000000000000000D0
:10CC640000000000000000000000000000000000C0
:10CC740000000000000000000000000000000000B0
:10CC840000000000000000000000000000000000A0
:10CC94000000000000000000000000000000000090
:10CCA4000000000000000000000000000000000080
:10CCB4000000000000000000000000000000000070
:10CCC4000000000000000000000000000000000060
:10CCD4000000000000000000000000000000000050
:10CCE4000000000000000000000000000000000040
:10CCF4000000000000000000000000000000000030
:10CD0400000000000000000000000000000000001F
:10CD1400000000000000000000000000000000000F
:10CD240000000000000000000000000000000000FF
:10CD340000000000000000000000000000000000EF
:10CD440000000000000000000000000000000000DF
:10CD540000000000000000000000000000000000CF
:10CD640000000000000000000000000000000000BF
:10CD740000000000000000000000000000000000AF
:10CD8400000000000000000000000000000000009F
:10CD9400000000000000000000000000000000008F
:10CDA400000000000000000000000000000000007F
:10CDB400000000000000000000000000000000006F
:10CDC400000000000000000000000000000000005F
:10CDD400000000000000000000000000000000004F
:10CDE400000000000000000000000000000000003F
:10CDF400000000000000000000000000000000002F
:10CE0400000000000000000000000000000000001E
:10CE1400000000000000000000000000000000000E
:10CE240000000000000000000000000000000000FE
:10CE340000000000000000000000000000000000EE
:10CE440000000000000000000000000000000000DE
:10CE540000000000000000000000000000000000CE
:10CE640000000000000000000000000000000000BE
:10CE740000000000000000000000000000000000AE
:10CE8400000000000000000000000000000000009E
:10CE9400000000000000000000000000000000008E
:10CEA400000000000000000000000000000000007E
:10CEB400000000000000000000000000000000006E
:10CEC400000000000000000000000000000000005E
:10CED400000000000000000000000000000000004E
:10CEE400000000000000000000000000000000003E
:10CEF400000000000000000000000000000000002E
:10CF0400000000000000000000000000000000001D
:10CF1400000000000000000000000000000000000D
:10CF240000000000000000000000000000000000FD
:10CF340000000000000000000000000000000000ED
:10CF440000000000000000000000000000000000DD
:10CF540000000000000000000000000000000000CD
:10CF640000000000000000000000000000000000BD
:10CF740000000000000000000000000000000000AD
:10CF8400000000000000000000000000000000009D
:10CF9400000000000000000000000000000000008D
:10CFA400000000000000000000000000000000007D
:10CFB400000000000000000000000000000000006D
:10CFC400000000000000000000000000000000005D
:10CFD400000000000000000000000000000000004D
:10CFE400000000000000000000000000000000003D
:10CFF400000000000000000000000000000000002D
:10D00400000000000000000000000000000000001C
:10D01400000000000000000000000000000000000C
:10D0240000000000000000000000000000000000FC
:10D0340000000000000000000000000000000000EC
:10D0440000000000000000000000000000000000DC
:10D0540000000000000000000000000000000000CC
:10D0640000000000000000000000000000000000BC
:10D0740000000000000000000000000000000000AC
:10D08400000000000000000000000000000000009C
:10D09400000000000000000000000000000000008C
:10D0A400000000000000000000000000000000007C
:10D0B400000000000000000000000000000000006C
:10D0C400000000000000000000000000000000005C
:10D0D400000000000000000000000000000000004C
:10D0E400000000000000000000000000000000003C
:10D0F400000000000000000000000000000000002C
:10D10400000000000000000000000000000000001B
:10D11400000000000000000000000000000000000B
:10D1240000000000000000000000000000000000FB
:10D1340000000000000000000000000000000000EB
:10D1440000000000000000000000000000000000DB
:10D1540000000000000000000000000000000000CB
:10D1640000000000000000000000000000000000BB
:10D1740000000000000000000000000000000000AB
:10D18400000000000000000000000000000000009B
:10D19400000000000000000000000000000000008B
:10D1A400000000000000000000000000000000007B
:10D1B400000000000000000000000000000000006B
:10D1C400000000000000000000000000000000005B
:10D1D400000000000000000000000000000000004B
:10D1E400000000000000000000000000000000003B
:10D1F400000000000000000000000000000000002B
:10D20400000000000000000000000000000000001A
:10D21400000000000000000000000000000000000A
:10D2240000000000000000000000000000000000FA
:10D2340000000000000000000000000000000000EA
:10D2440000000000000000000000000000000000DA
:10D2540000000000000000000000000000000000CA
:10D2640000000000000000000000000000000000BA
:10D2740000000000000000000000000000000000AA
:10D28400000000000000000000000000000000009A
:10D29400000000000000000000000000000000008A
:10D2A400000000000000000000000000000000007A
:10D2B400000000000000000000000000000000006A
:10D2C400000000000000000000000000000000005A
:10D2D400000000000000000000000000000000004A
:10D2E400000000000000000000000000000000003A
:10D2F400000000000000000000000000000000002A
:10D304000000000000000000000000000000000019
:10D314000000000000000000000000000000000009
:10D3240000000000000000000000000000000000F9
:10D3340000000000000000000000000000000000E9
:10D3440000000000000000000000000000000000D9
:10D3540000000000000000000000000000000000C9
:10D3640000000000000000000000000000000000B9
:10D3740000000000000000000000000000000000A9
:10D384000000000000000000000000000000000099
:10D394000000000000000000000000000000000089
:10D3A4000000000000000000000000000000000079
:10D3B4000000000000000000000000000000000069
:10D3C4000000000000000000000000000000000059
:10D3D4000000000000000000000000000000000049
:10D3E4000000000000000000000000000000000039
:10D3F4000000000000000000000000000000000029
:10D404000000000000000000000000000000000018
:10D414000000000000000000000000000000000008
:10D4240000000000000000000000000000000000F8
:10D4340000000000000000000000000000000000E8
:10D4440000000000000000000000000000000000D8
:10D4540000000000000000000000000000000000C8
:10D4640000000000000000000000000000000000B8
:10D4740000000000000000000000000000000000A8
:10D484000000000000000000000000000000000098
:10D494000000000000000000000000000000000088
:10D4A4000000000000000000000000000000000078
:10D4B4000000000000000000000000000000000068
:10D4C4000000000000000000000000000000000058
:10D4D4000000000000000000000000000000000048
:10D4E4000000000000000000000000000000000038
:10D4F4000000000000000000000000000000000028
:10D504000000000000000000000000000000000017
:10D514000000000000000000000000000000000007
:10D5240000000000000000000000000000000000F7
:10D5340000000000000000000000000000000000E7
:10D5440000000000000000000000000000000000D7
:10D5540000000000000000000000000000000000C7
:10D5640000000000000000000000000000000000B7
:10D5740000000000000000000000000000000000A7
:10D584000000000000000000000000000000000097
:10D594000000000000000000000000000000000087
:10D5A4000000000000000000000000000000000077
:10D5B4000000000000000000000000000000000067
:10D5C4000000000000000000000000000000000057
:10D5D4000000000000000000000000000000000047
:10D5E4000000000000000000000000000000000037
:10D5F4000000000000000000000000000000000027
:10D604000000000000000000000000000000000016
:10D614000000000000000000000000000000000006
:10D6240000000000000000000000000000000000F6
:10D6340000000000000000000000000000000000E6
:10D6440000000000000000000000000000000000D6
:10D6540000000000000000000000000000000000C6
:10D6640000000000000000000000000000000000B6
:10D6740000000000000000000000000000000000A6
:10D684000000000000000000000000000000000096
:10D694000000000000000000000000000000000086
:10D6A4000000000000000000000000000000000076
:10D6B4000000000000000000000000000000000066
:10D6C4000000000000000000000000000000000056
:10D6D4000000000000000000000000000000000046
:10D6E4000000000000000000000000000000000036
:10D6F4000000000000000000000000000000000026
:10D704000000000000000000000000000000000015
:10D714000000000000000000000000000000000005
:10D7240000000000000000000000000000000000F5
:10D7340000000000000000000000000000000000E5
:10D7440000000000000000000000000000000000D5
:10D7540000000000000000000000000000000000C5
:10D7640000000000000000000000000000000000B5
:10D7740000000000000000000000000000000000A5
:10D784000000000000000000000000000000000095
:10D794000000000000000000000000000000000085
:10D7A4000000000000000000000000000000000075
:10D7B4000000000000000000000000000000000065
:10D7C4000000000000000000000000000000000055
:10D7D4000000000000000000000000000000000045
:10D7E4000000000000000000000000000000000035
:0CD7F40000000000000000000000000029
:040000056000100087
:00000001FF
